[2026-04-22T11:23:36.526+0000] {processor.py:161} INFO - Started process (PID=189) to work on /opt/airflow/dags/dq_etl_dag.py
[2026-04-22T11:23:36.527+0000] {processor.py:830} INFO - Processing file /opt/airflow/dags/dq_etl_dag.py for tasks to queue
[2026-04-22T11:23:36.528+0000] {logging_mixin.py:188} INFO - [2026-04-22T11:23:36.528+0000] {dagbag.py:545} INFO - Filling up the DagBag from /opt/airflow/dags/dq_etl_dag.py
[2026-04-22T11:23:36.538+0000] {logging_mixin.py:188} INFO - [2026-04-22T11:23:36.537+0000] {dagbag.py:355} ERROR - Failed to import: /opt/airflow/dags/dq_etl_dag.py
Traceback (most recent call last):
  File "/home/airflow/.local/lib/python3.11/site-packages/airflow/models/dagbag.py", line 351, in parse
    loader.exec_module(new_module)
  File "<frozen importlib._bootstrap_external>", line 940, in exec_module
  File "<frozen importlib._bootstrap>", line 241, in _call_with_frames_removed
  File "/opt/airflow/dags/dq_etl_dag.py", line 365, in <module>
    [column_checks, table_checks] >> [recon_row_count, recon_amount_sum]
    ~~~~~~~~~~~~~~~~~~~~~~~~~~~~~~^^~~~~~~~~~~~~~~~~~~~~~~~~~~~~~~~~~~~~
TypeError: unsupported operand type(s) for >>: 'list' and 'list'
[2026-04-22T11:23:36.539+0000] {processor.py:842} WARNING - No viable dags retrieved from /opt/airflow/dags/dq_etl_dag.py
[2026-04-22T11:23:36.555+0000] {processor.py:183} INFO - Processing /opt/airflow/dags/dq_etl_dag.py took 0.033 seconds
[2026-04-22T11:24:06.823+0000] {processor.py:161} INFO - Started process (PID=249) to work on /opt/airflow/dags/dq_etl_dag.py
[2026-04-22T11:24:06.825+0000] {processor.py:830} INFO - Processing file /opt/airflow/dags/dq_etl_dag.py for tasks to queue
[2026-04-22T11:24:06.826+0000] {logging_mixin.py:188} INFO - [2026-04-22T11:24:06.826+0000] {dagbag.py:545} INFO - Filling up the DagBag from /opt/airflow/dags/dq_etl_dag.py
[2026-04-22T11:24:06.835+0000] {logging_mixin.py:188} INFO - [2026-04-22T11:24:06.834+0000] {dagbag.py:355} ERROR - Failed to import: /opt/airflow/dags/dq_etl_dag.py
Traceback (most recent call last):
  File "/home/airflow/.local/lib/python3.11/site-packages/airflow/models/dagbag.py", line 351, in parse
    loader.exec_module(new_module)
  File "<frozen importlib._bootstrap_external>", line 940, in exec_module
  File "<frozen importlib._bootstrap>", line 241, in _call_with_frames_removed
  File "/opt/airflow/dags/dq_etl_dag.py", line 365, in <module>
    [column_checks, table_checks] >> [recon_row_count, recon_amount_sum]
    ~~~~~~~~~~~~~~~~~~~~~~~~~~~~~~^^~~~~~~~~~~~~~~~~~~~~~~~~~~~~~~~~~~~~
TypeError: unsupported operand type(s) for >>: 'list' and 'list'
[2026-04-22T11:24:06.835+0000] {processor.py:842} WARNING - No viable dags retrieved from /opt/airflow/dags/dq_etl_dag.py
[2026-04-22T11:24:06.849+0000] {processor.py:183} INFO - Processing /opt/airflow/dags/dq_etl_dag.py took 0.031 seconds
[2026-04-22T11:24:37.241+0000] {processor.py:161} INFO - Started process (PID=267) to work on /opt/airflow/dags/dq_etl_dag.py
[2026-04-22T11:24:37.242+0000] {processor.py:830} INFO - Processing file /opt/airflow/dags/dq_etl_dag.py for tasks to queue
[2026-04-22T11:24:37.243+0000] {logging_mixin.py:188} INFO - [2026-04-22T11:24:37.243+0000] {dagbag.py:545} INFO - Filling up the DagBag from /opt/airflow/dags/dq_etl_dag.py
[2026-04-22T11:24:37.253+0000] {logging_mixin.py:188} INFO - [2026-04-22T11:24:37.251+0000] {dagbag.py:355} ERROR - Failed to import: /opt/airflow/dags/dq_etl_dag.py
Traceback (most recent call last):
  File "/home/airflow/.local/lib/python3.11/site-packages/airflow/models/dagbag.py", line 351, in parse
    loader.exec_module(new_module)
  File "<frozen importlib._bootstrap_external>", line 940, in exec_module
  File "<frozen importlib._bootstrap>", line 241, in _call_with_frames_removed
  File "/opt/airflow/dags/dq_etl_dag.py", line 365, in <module>
    [column_checks, table_checks] >> [recon_row_count, recon_amount_sum]
    ~~~~~~~~~~~~~~~~~~~~~~~~~~~~~~^^~~~~~~~~~~~~~~~~~~~~~~~~~~~~~~~~~~~~
TypeError: unsupported operand type(s) for >>: 'list' and 'list'
[2026-04-22T11:24:37.253+0000] {processor.py:842} WARNING - No viable dags retrieved from /opt/airflow/dags/dq_etl_dag.py
[2026-04-22T11:24:37.268+0000] {processor.py:183} INFO - Processing /opt/airflow/dags/dq_etl_dag.py took 0.030 seconds
[2026-04-22T11:25:07.630+0000] {processor.py:161} INFO - Started process (PID=283) to work on /opt/airflow/dags/dq_etl_dag.py
[2026-04-22T11:25:07.641+0000] {processor.py:830} INFO - Processing file /opt/airflow/dags/dq_etl_dag.py for tasks to queue
[2026-04-22T11:25:07.643+0000] {logging_mixin.py:188} INFO - [2026-04-22T11:25:07.643+0000] {dagbag.py:545} INFO - Filling up the DagBag from /opt/airflow/dags/dq_etl_dag.py
[2026-04-22T11:25:05.821+0000] {logging_mixin.py:188} INFO - [2026-04-22T11:25:05.820+0000] {dagbag.py:355} ERROR - Failed to import: /opt/airflow/dags/dq_etl_dag.py
Traceback (most recent call last):
  File "/home/airflow/.local/lib/python3.11/site-packages/airflow/models/dagbag.py", line 351, in parse
    loader.exec_module(new_module)
  File "<frozen importlib._bootstrap_external>", line 940, in exec_module
  File "<frozen importlib._bootstrap>", line 241, in _call_with_frames_removed
  File "/opt/airflow/dags/dq_etl_dag.py", line 365, in <module>
    [column_checks, table_checks] >> [recon_row_count, recon_amount_sum]
    ~~~~~~~~~~~~~~~~~~~~~~~~~~~~~~^^~~~~~~~~~~~~~~~~~~~~~~~~~~~~~~~~~~~~
TypeError: unsupported operand type(s) for >>: 'list' and 'list'
[2026-04-22T11:25:05.821+0000] {processor.py:842} WARNING - No viable dags retrieved from /opt/airflow/dags/dq_etl_dag.py
[2026-04-22T11:25:05.843+0000] {processor.py:183} INFO - Processing /opt/airflow/dags/dq_etl_dag.py took 0.210 seconds
[2026-04-22T11:25:36.369+0000] {processor.py:161} INFO - Started process (PID=300) to work on /opt/airflow/dags/dq_etl_dag.py
[2026-04-22T11:25:36.370+0000] {processor.py:830} INFO - Processing file /opt/airflow/dags/dq_etl_dag.py for tasks to queue
[2026-04-22T11:25:36.371+0000] {logging_mixin.py:188} INFO - [2026-04-22T11:25:36.371+0000] {dagbag.py:545} INFO - Filling up the DagBag from /opt/airflow/dags/dq_etl_dag.py
[2026-04-22T11:25:36.383+0000] {logging_mixin.py:188} INFO - [2026-04-22T11:25:36.382+0000] {dagbag.py:355} ERROR - Failed to import: /opt/airflow/dags/dq_etl_dag.py
Traceback (most recent call last):
  File "/home/airflow/.local/lib/python3.11/site-packages/airflow/models/dagbag.py", line 351, in parse
    loader.exec_module(new_module)
  File "<frozen importlib._bootstrap_external>", line 940, in exec_module
  File "<frozen importlib._bootstrap>", line 241, in _call_with_frames_removed
  File "/opt/airflow/dags/dq_etl_dag.py", line 365, in <module>
    [column_checks, table_checks] >> [recon_row_count, recon_amount_sum]
    ~~~~~~~~~~~~~~~~~~~~~~~~~~~~~~^^~~~~~~~~~~~~~~~~~~~~~~~~~~~~~~~~~~~~
TypeError: unsupported operand type(s) for >>: 'list' and 'list'
[2026-04-22T11:25:36.383+0000] {processor.py:842} WARNING - No viable dags retrieved from /opt/airflow/dags/dq_etl_dag.py
[2026-04-22T11:25:36.399+0000] {processor.py:183} INFO - Processing /opt/airflow/dags/dq_etl_dag.py took 0.034 seconds
[2026-04-22T11:26:06.663+0000] {processor.py:161} INFO - Started process (PID=323) to work on /opt/airflow/dags/dq_etl_dag.py
[2026-04-22T11:26:06.664+0000] {processor.py:830} INFO - Processing file /opt/airflow/dags/dq_etl_dag.py for tasks to queue
[2026-04-22T11:26:06.665+0000] {logging_mixin.py:188} INFO - [2026-04-22T11:26:06.665+0000] {dagbag.py:545} INFO - Filling up the DagBag from /opt/airflow/dags/dq_etl_dag.py
[2026-04-22T11:26:06.674+0000] {logging_mixin.py:188} INFO - [2026-04-22T11:26:06.674+0000] {dagbag.py:355} ERROR - Failed to import: /opt/airflow/dags/dq_etl_dag.py
Traceback (most recent call last):
  File "/home/airflow/.local/lib/python3.11/site-packages/airflow/models/dagbag.py", line 351, in parse
    loader.exec_module(new_module)
  File "<frozen importlib._bootstrap_external>", line 940, in exec_module
  File "<frozen importlib._bootstrap>", line 241, in _call_with_frames_removed
  File "/opt/airflow/dags/dq_etl_dag.py", line 365, in <module>
    [column_checks, table_checks] >> [recon_row_count, recon_amount_sum]
    ~~~~~~~~~~~~~~~~~~~~~~~~~~~~~~^^~~~~~~~~~~~~~~~~~~~~~~~~~~~~~~~~~~~~
TypeError: unsupported operand type(s) for >>: 'list' and 'list'
[2026-04-22T11:26:06.675+0000] {processor.py:842} WARNING - No viable dags retrieved from /opt/airflow/dags/dq_etl_dag.py
[2026-04-22T11:26:06.687+0000] {processor.py:183} INFO - Processing /opt/airflow/dags/dq_etl_dag.py took 0.027 seconds
[2026-04-22T11:26:24.148+0000] {processor.py:161} INFO - Started process (PID=334) to work on /opt/airflow/dags/dq_etl_dag.py
[2026-04-22T11:26:24.156+0000] {processor.py:830} INFO - Processing file /opt/airflow/dags/dq_etl_dag.py for tasks to queue
[2026-04-22T11:26:24.157+0000] {logging_mixin.py:188} INFO - [2026-04-22T11:26:24.157+0000] {dagbag.py:545} INFO - Filling up the DagBag from /opt/airflow/dags/dq_etl_dag.py
[2026-04-22T11:26:24.175+0000] {processor.py:840} INFO - DAG(s) 'dq_etl_dag' retrieved from /opt/airflow/dags/dq_etl_dag.py
[2026-04-22T11:26:24.306+0000] {logging_mixin.py:188} INFO - [2026-04-22T11:26:24.305+0000] {override.py:1858} INFO - Created Permission View: can edit on DAG:dq_etl_dag
[2026-04-22T11:26:24.314+0000] {logging_mixin.py:188} INFO - [2026-04-22T11:26:24.313+0000] {override.py:1858} INFO - Created Permission View: can delete on DAG:dq_etl_dag
[2026-04-22T11:26:24.318+0000] {logging_mixin.py:188} INFO - [2026-04-22T11:26:24.318+0000] {override.py:1858} INFO - Created Permission View: can read on DAG:dq_etl_dag
[2026-04-22T11:26:24.318+0000] {logging_mixin.py:188} INFO - [2026-04-22T11:26:24.318+0000] {dag.py:3089} INFO - Sync 1 DAGs
[2026-04-22T11:26:24.325+0000] {logging_mixin.py:188} INFO - [2026-04-22T11:26:24.325+0000] {dag.py:3111} INFO - Creating ORM DAG for dq_etl_dag
[2026-04-22T11:26:24.335+0000] {logging_mixin.py:188} INFO - [2026-04-22T11:26:24.334+0000] {dag.py:3947} INFO - Setting next_dagrun for dq_etl_dag to 2026-04-21 03:00:00+00:00, run_after=2026-04-22 03:00:00+00:00
[2026-04-22T11:26:24.355+0000] {processor.py:183} INFO - Processing /opt/airflow/dags/dq_etl_dag.py took 0.211 seconds
[2026-04-22T11:26:54.532+0000] {processor.py:161} INFO - Started process (PID=364) to work on /opt/airflow/dags/dq_etl_dag.py
[2026-04-22T11:26:54.540+0000] {processor.py:830} INFO - Processing file /opt/airflow/dags/dq_etl_dag.py for tasks to queue
[2026-04-22T11:26:54.542+0000] {logging_mixin.py:188} INFO - [2026-04-22T11:26:54.542+0000] {dagbag.py:545} INFO - Filling up the DagBag from /opt/airflow/dags/dq_etl_dag.py
[2026-04-22T11:26:54.556+0000] {processor.py:840} INFO - DAG(s) 'dq_etl_dag' retrieved from /opt/airflow/dags/dq_etl_dag.py
[2026-04-22T11:26:54.589+0000] {logging_mixin.py:188} INFO - [2026-04-22T11:26:54.589+0000] {dag.py:3089} INFO - Sync 1 DAGs
[2026-04-22T11:26:54.609+0000] {logging_mixin.py:188} INFO - [2026-04-22T11:26:54.609+0000] {dag.py:3947} INFO - Setting next_dagrun for dq_etl_dag to 2026-04-21 03:00:00+00:00, run_after=2026-04-22 03:00:00+00:00
[2026-04-22T11:26:54.624+0000] {processor.py:183} INFO - Processing /opt/airflow/dags/dq_etl_dag.py took 0.097 seconds
[2026-04-22T13:00:34.525+0000] {processor.py:161} INFO - Started process (PID=375) to work on /opt/airflow/dags/dq_etl_dag.py
[2026-04-22T13:00:34.526+0000] {processor.py:830} INFO - Processing file /opt/airflow/dags/dq_etl_dag.py for tasks to queue
[2026-04-22T13:00:34.528+0000] {logging_mixin.py:188} INFO - [2026-04-22T13:00:34.528+0000] {dagbag.py:545} INFO - Filling up the DagBag from /opt/airflow/dags/dq_etl_dag.py
[2026-04-22T13:00:34.550+0000] {processor.py:840} INFO - DAG(s) 'dq_etl_dag' retrieved from /opt/airflow/dags/dq_etl_dag.py
[2026-04-22T13:00:34.592+0000] {logging_mixin.py:188} INFO - [2026-04-22T13:00:34.591+0000] {dag.py:3089} INFO - Sync 1 DAGs
[2026-04-22T13:00:34.615+0000] {logging_mixin.py:188} INFO - [2026-04-22T13:00:34.614+0000] {dag.py:3947} INFO - Setting next_dagrun for dq_etl_dag to 2026-04-21 03:00:00+00:00, run_after=2026-04-22 03:00:00+00:00
[2026-04-22T13:00:34.635+0000] {processor.py:183} INFO - Processing /opt/airflow/dags/dq_etl_dag.py took 0.117 seconds
[2026-04-22T13:01:04.738+0000] {processor.py:161} INFO - Started process (PID=392) to work on /opt/airflow/dags/dq_etl_dag.py
[2026-04-22T13:01:04.739+0000] {processor.py:830} INFO - Processing file /opt/airflow/dags/dq_etl_dag.py for tasks to queue
[2026-04-22T13:01:04.741+0000] {logging_mixin.py:188} INFO - [2026-04-22T13:01:04.740+0000] {dagbag.py:545} INFO - Filling up the DagBag from /opt/airflow/dags/dq_etl_dag.py
[2026-04-22T13:01:04.757+0000] {processor.py:840} INFO - DAG(s) 'dq_etl_dag' retrieved from /opt/airflow/dags/dq_etl_dag.py
[2026-04-22T13:01:04.799+0000] {logging_mixin.py:188} INFO - [2026-04-22T13:01:04.799+0000] {dag.py:3089} INFO - Sync 1 DAGs
[2026-04-22T13:01:04.823+0000] {logging_mixin.py:188} INFO - [2026-04-22T13:01:04.823+0000] {dag.py:3947} INFO - Setting next_dagrun for dq_etl_dag to 2026-04-21 03:00:00+00:00, run_after=2026-04-22 03:00:00+00:00
[2026-04-22T13:01:04.841+0000] {processor.py:183} INFO - Processing /opt/airflow/dags/dq_etl_dag.py took 0.109 seconds
[2026-04-22T13:01:34.878+0000] {processor.py:161} INFO - Started process (PID=409) to work on /opt/airflow/dags/dq_etl_dag.py
[2026-04-22T13:01:34.879+0000] {processor.py:830} INFO - Processing file /opt/airflow/dags/dq_etl_dag.py for tasks to queue
[2026-04-22T13:01:34.880+0000] {logging_mixin.py:188} INFO - [2026-04-22T13:01:34.880+0000] {dagbag.py:545} INFO - Filling up the DagBag from /opt/airflow/dags/dq_etl_dag.py
[2026-04-22T13:01:34.893+0000] {processor.py:840} INFO - DAG(s) 'dq_etl_dag' retrieved from /opt/airflow/dags/dq_etl_dag.py
[2026-04-22T13:01:34.923+0000] {logging_mixin.py:188} INFO - [2026-04-22T13:01:34.922+0000] {dag.py:3089} INFO - Sync 1 DAGs
[2026-04-22T13:01:34.939+0000] {logging_mixin.py:188} INFO - [2026-04-22T13:01:34.939+0000] {dag.py:3947} INFO - Setting next_dagrun for dq_etl_dag to 2026-04-21 03:00:00+00:00, run_after=2026-04-22 03:00:00+00:00
[2026-04-22T13:01:34.955+0000] {processor.py:183} INFO - Processing /opt/airflow/dags/dq_etl_dag.py took 0.080 seconds
[2026-04-22T13:02:05.090+0000] {processor.py:161} INFO - Started process (PID=426) to work on /opt/airflow/dags/dq_etl_dag.py
[2026-04-22T13:02:05.091+0000] {processor.py:830} INFO - Processing file /opt/airflow/dags/dq_etl_dag.py for tasks to queue
[2026-04-22T13:02:05.092+0000] {logging_mixin.py:188} INFO - [2026-04-22T13:02:05.091+0000] {dagbag.py:545} INFO - Filling up the DagBag from /opt/airflow/dags/dq_etl_dag.py
[2026-04-22T13:02:05.102+0000] {processor.py:840} INFO - DAG(s) 'dq_etl_dag' retrieved from /opt/airflow/dags/dq_etl_dag.py
[2026-04-22T13:02:05.125+0000] {logging_mixin.py:188} INFO - [2026-04-22T13:02:05.125+0000] {dag.py:3089} INFO - Sync 1 DAGs
[2026-04-22T13:02:05.139+0000] {logging_mixin.py:188} INFO - [2026-04-22T13:02:05.139+0000] {dag.py:3947} INFO - Setting next_dagrun for dq_etl_dag to 2026-04-21 03:00:00+00:00, run_after=2026-04-22 03:00:00+00:00
[2026-04-22T13:02:05.148+0000] {processor.py:183} INFO - Processing /opt/airflow/dags/dq_etl_dag.py took 0.062 seconds
[2026-04-22T13:02:35.324+0000] {processor.py:161} INFO - Started process (PID=443) to work on /opt/airflow/dags/dq_etl_dag.py
[2026-04-22T13:02:35.334+0000] {processor.py:830} INFO - Processing file /opt/airflow/dags/dq_etl_dag.py for tasks to queue
[2026-04-22T13:02:35.335+0000] {logging_mixin.py:188} INFO - [2026-04-22T13:02:35.334+0000] {dagbag.py:545} INFO - Filling up the DagBag from /opt/airflow/dags/dq_etl_dag.py
[2026-04-22T13:02:35.346+0000] {processor.py:840} INFO - DAG(s) 'dq_etl_dag' retrieved from /opt/airflow/dags/dq_etl_dag.py
[2026-04-22T13:02:35.367+0000] {logging_mixin.py:188} INFO - [2026-04-22T13:02:35.367+0000] {dag.py:3089} INFO - Sync 1 DAGs
[2026-04-22T13:02:35.379+0000] {logging_mixin.py:188} INFO - [2026-04-22T13:02:35.379+0000] {dag.py:3947} INFO - Setting next_dagrun for dq_etl_dag to 2026-04-21 03:00:00+00:00, run_after=2026-04-22 03:00:00+00:00
[2026-04-22T13:02:35.390+0000] {processor.py:183} INFO - Processing /opt/airflow/dags/dq_etl_dag.py took 0.069 seconds
[2026-04-22T13:03:05.604+0000] {processor.py:161} INFO - Started process (PID=460) to work on /opt/airflow/dags/dq_etl_dag.py
[2026-04-22T13:03:05.605+0000] {processor.py:830} INFO - Processing file /opt/airflow/dags/dq_etl_dag.py for tasks to queue
[2026-04-22T13:03:05.606+0000] {logging_mixin.py:188} INFO - [2026-04-22T13:03:05.606+0000] {dagbag.py:545} INFO - Filling up the DagBag from /opt/airflow/dags/dq_etl_dag.py
[2026-04-22T13:03:05.621+0000] {processor.py:840} INFO - DAG(s) 'dq_etl_dag' retrieved from /opt/airflow/dags/dq_etl_dag.py
[2026-04-22T13:03:05.651+0000] {logging_mixin.py:188} INFO - [2026-04-22T13:03:05.651+0000] {dag.py:3089} INFO - Sync 1 DAGs
[2026-04-22T13:03:05.670+0000] {logging_mixin.py:188} INFO - [2026-04-22T13:03:05.669+0000] {dag.py:3947} INFO - Setting next_dagrun for dq_etl_dag to 2026-04-21 03:00:00+00:00, run_after=2026-04-22 03:00:00+00:00
[2026-04-22T13:03:05.687+0000] {processor.py:183} INFO - Processing /opt/airflow/dags/dq_etl_dag.py took 0.089 seconds
[2026-04-22T13:03:36.689+0000] {processor.py:161} INFO - Started process (PID=477) to work on /opt/airflow/dags/dq_etl_dag.py
[2026-04-22T13:03:36.691+0000] {processor.py:830} INFO - Processing file /opt/airflow/dags/dq_etl_dag.py for tasks to queue
[2026-04-22T13:03:36.692+0000] {logging_mixin.py:188} INFO - [2026-04-22T13:03:36.692+0000] {dagbag.py:545} INFO - Filling up the DagBag from /opt/airflow/dags/dq_etl_dag.py
[2026-04-22T13:03:36.702+0000] {processor.py:840} INFO - DAG(s) 'dq_etl_dag' retrieved from /opt/airflow/dags/dq_etl_dag.py
[2026-04-22T13:03:36.727+0000] {logging_mixin.py:188} INFO - [2026-04-22T13:03:36.727+0000] {dag.py:3089} INFO - Sync 1 DAGs
[2026-04-22T13:03:36.741+0000] {logging_mixin.py:188} INFO - [2026-04-22T13:03:36.741+0000] {dag.py:3947} INFO - Setting next_dagrun for dq_etl_dag to 2026-04-21 03:00:00+00:00, run_after=2026-04-22 03:00:00+00:00
[2026-04-22T13:03:36.753+0000] {processor.py:183} INFO - Processing /opt/airflow/dags/dq_etl_dag.py took 0.068 seconds
[2026-04-22T13:04:07.018+0000] {processor.py:161} INFO - Started process (PID=494) to work on /opt/airflow/dags/dq_etl_dag.py
[2026-04-22T13:04:07.019+0000] {processor.py:830} INFO - Processing file /opt/airflow/dags/dq_etl_dag.py for tasks to queue
[2026-04-22T13:04:07.020+0000] {logging_mixin.py:188} INFO - [2026-04-22T13:04:07.020+0000] {dagbag.py:545} INFO - Filling up the DagBag from /opt/airflow/dags/dq_etl_dag.py
[2026-04-22T13:04:07.034+0000] {processor.py:840} INFO - DAG(s) 'dq_etl_dag' retrieved from /opt/airflow/dags/dq_etl_dag.py
[2026-04-22T13:04:07.057+0000] {logging_mixin.py:188} INFO - [2026-04-22T13:04:07.057+0000] {dag.py:3089} INFO - Sync 1 DAGs
[2026-04-22T13:04:07.071+0000] {logging_mixin.py:188} INFO - [2026-04-22T13:04:07.071+0000] {dag.py:3947} INFO - Setting next_dagrun for dq_etl_dag to 2026-04-21 03:00:00+00:00, run_after=2026-04-22 03:00:00+00:00
[2026-04-22T13:04:07.083+0000] {processor.py:183} INFO - Processing /opt/airflow/dags/dq_etl_dag.py took 0.069 seconds
[2026-04-22T13:04:37.214+0000] {processor.py:161} INFO - Started process (PID=511) to work on /opt/airflow/dags/dq_etl_dag.py
[2026-04-22T13:04:37.223+0000] {processor.py:830} INFO - Processing file /opt/airflow/dags/dq_etl_dag.py for tasks to queue
[2026-04-22T13:04:37.223+0000] {logging_mixin.py:188} INFO - [2026-04-22T13:04:37.223+0000] {dagbag.py:545} INFO - Filling up the DagBag from /opt/airflow/dags/dq_etl_dag.py
[2026-04-22T13:04:37.231+0000] {processor.py:840} INFO - DAG(s) 'dq_etl_dag' retrieved from /opt/airflow/dags/dq_etl_dag.py
[2026-04-22T13:04:37.250+0000] {logging_mixin.py:188} INFO - [2026-04-22T13:04:37.250+0000] {dag.py:3089} INFO - Sync 1 DAGs
[2026-04-22T13:04:37.261+0000] {logging_mixin.py:188} INFO - [2026-04-22T13:04:37.261+0000] {dag.py:3947} INFO - Setting next_dagrun for dq_etl_dag to 2026-04-21 03:00:00+00:00, run_after=2026-04-22 03:00:00+00:00
[2026-04-22T13:04:37.272+0000] {processor.py:183} INFO - Processing /opt/airflow/dags/dq_etl_dag.py took 0.061 seconds
[2026-04-22T13:05:08.180+0000] {processor.py:161} INFO - Started process (PID=528) to work on /opt/airflow/dags/dq_etl_dag.py
[2026-04-22T13:05:08.189+0000] {processor.py:830} INFO - Processing file /opt/airflow/dags/dq_etl_dag.py for tasks to queue
[2026-04-22T13:05:08.190+0000] {logging_mixin.py:188} INFO - [2026-04-22T13:05:08.189+0000] {dagbag.py:545} INFO - Filling up the DagBag from /opt/airflow/dags/dq_etl_dag.py
[2026-04-22T13:05:08.198+0000] {processor.py:840} INFO - DAG(s) 'dq_etl_dag' retrieved from /opt/airflow/dags/dq_etl_dag.py
[2026-04-22T13:05:08.220+0000] {logging_mixin.py:188} INFO - [2026-04-22T13:05:08.220+0000] {dag.py:3089} INFO - Sync 1 DAGs
[2026-04-22T13:05:08.231+0000] {logging_mixin.py:188} INFO - [2026-04-22T13:05:08.231+0000] {dag.py:3947} INFO - Setting next_dagrun for dq_etl_dag to 2026-04-21 03:00:00+00:00, run_after=2026-04-22 03:00:00+00:00
[2026-04-22T13:05:08.243+0000] {processor.py:183} INFO - Processing /opt/airflow/dags/dq_etl_dag.py took 0.066 seconds
[2026-04-22T13:05:38.396+0000] {processor.py:161} INFO - Started process (PID=545) to work on /opt/airflow/dags/dq_etl_dag.py
[2026-04-22T13:05:38.397+0000] {processor.py:830} INFO - Processing file /opt/airflow/dags/dq_etl_dag.py for tasks to queue
[2026-04-22T13:05:38.398+0000] {logging_mixin.py:188} INFO - [2026-04-22T13:05:38.398+0000] {dagbag.py:545} INFO - Filling up the DagBag from /opt/airflow/dags/dq_etl_dag.py
[2026-04-22T13:05:38.409+0000] {processor.py:840} INFO - DAG(s) 'dq_etl_dag' retrieved from /opt/airflow/dags/dq_etl_dag.py
[2026-04-22T13:05:38.429+0000] {logging_mixin.py:188} INFO - [2026-04-22T13:05:38.429+0000] {dag.py:3089} INFO - Sync 1 DAGs
[2026-04-22T13:05:38.440+0000] {logging_mixin.py:188} INFO - [2026-04-22T13:05:38.440+0000] {dag.py:3947} INFO - Setting next_dagrun for dq_etl_dag to 2026-04-21 03:00:00+00:00, run_after=2026-04-22 03:00:00+00:00
[2026-04-22T13:05:38.450+0000] {processor.py:183} INFO - Processing /opt/airflow/dags/dq_etl_dag.py took 0.057 seconds
[2026-04-22T13:06:08.683+0000] {processor.py:161} INFO - Started process (PID=562) to work on /opt/airflow/dags/dq_etl_dag.py
[2026-04-22T13:06:08.684+0000] {processor.py:830} INFO - Processing file /opt/airflow/dags/dq_etl_dag.py for tasks to queue
[2026-04-22T13:06:08.685+0000] {logging_mixin.py:188} INFO - [2026-04-22T13:06:08.684+0000] {dagbag.py:545} INFO - Filling up the DagBag from /opt/airflow/dags/dq_etl_dag.py
[2026-04-22T13:06:08.694+0000] {processor.py:840} INFO - DAG(s) 'dq_etl_dag' retrieved from /opt/airflow/dags/dq_etl_dag.py
[2026-04-22T13:06:08.717+0000] {logging_mixin.py:188} INFO - [2026-04-22T13:06:08.717+0000] {dag.py:3089} INFO - Sync 1 DAGs
[2026-04-22T13:06:08.729+0000] {logging_mixin.py:188} INFO - [2026-04-22T13:06:08.729+0000] {dag.py:3947} INFO - Setting next_dagrun for dq_etl_dag to 2026-04-21 03:00:00+00:00, run_after=2026-04-22 03:00:00+00:00
[2026-04-22T13:06:08.737+0000] {processor.py:183} INFO - Processing /opt/airflow/dags/dq_etl_dag.py took 0.058 seconds
[2026-04-22T13:06:39.052+0000] {processor.py:161} INFO - Started process (PID=579) to work on /opt/airflow/dags/dq_etl_dag.py
[2026-04-22T13:06:39.053+0000] {processor.py:830} INFO - Processing file /opt/airflow/dags/dq_etl_dag.py for tasks to queue
[2026-04-22T13:06:39.055+0000] {logging_mixin.py:188} INFO - [2026-04-22T13:06:39.054+0000] {dagbag.py:545} INFO - Filling up the DagBag from /opt/airflow/dags/dq_etl_dag.py
[2026-04-22T13:06:39.065+0000] {processor.py:840} INFO - DAG(s) 'dq_etl_dag' retrieved from /opt/airflow/dags/dq_etl_dag.py
[2026-04-22T13:06:39.086+0000] {logging_mixin.py:188} INFO - [2026-04-22T13:06:39.086+0000] {dag.py:3089} INFO - Sync 1 DAGs
[2026-04-22T13:06:39.097+0000] {logging_mixin.py:188} INFO - [2026-04-22T13:06:39.097+0000] {dag.py:3947} INFO - Setting next_dagrun for dq_etl_dag to 2026-04-21 03:00:00+00:00, run_after=2026-04-22 03:00:00+00:00
[2026-04-22T13:06:39.108+0000] {processor.py:183} INFO - Processing /opt/airflow/dags/dq_etl_dag.py took 0.059 seconds
[2026-04-22T13:07:09.128+0000] {processor.py:161} INFO - Started process (PID=596) to work on /opt/airflow/dags/dq_etl_dag.py
[2026-04-22T13:07:09.129+0000] {processor.py:830} INFO - Processing file /opt/airflow/dags/dq_etl_dag.py for tasks to queue
[2026-04-22T13:07:09.130+0000] {logging_mixin.py:188} INFO - [2026-04-22T13:07:09.130+0000] {dagbag.py:545} INFO - Filling up the DagBag from /opt/airflow/dags/dq_etl_dag.py
[2026-04-22T13:07:09.140+0000] {processor.py:840} INFO - DAG(s) 'dq_etl_dag' retrieved from /opt/airflow/dags/dq_etl_dag.py
[2026-04-22T13:07:09.161+0000] {logging_mixin.py:188} INFO - [2026-04-22T13:07:09.161+0000] {dag.py:3089} INFO - Sync 1 DAGs
[2026-04-22T13:07:09.172+0000] {logging_mixin.py:188} INFO - [2026-04-22T13:07:09.172+0000] {dag.py:3947} INFO - Setting next_dagrun for dq_etl_dag to 2026-04-21 03:00:00+00:00, run_after=2026-04-22 03:00:00+00:00
[2026-04-22T13:07:09.180+0000] {processor.py:183} INFO - Processing /opt/airflow/dags/dq_etl_dag.py took 0.056 seconds
[2026-04-22T13:07:39.296+0000] {processor.py:161} INFO - Started process (PID=613) to work on /opt/airflow/dags/dq_etl_dag.py
[2026-04-22T13:07:39.297+0000] {processor.py:830} INFO - Processing file /opt/airflow/dags/dq_etl_dag.py for tasks to queue
[2026-04-22T13:07:39.298+0000] {logging_mixin.py:188} INFO - [2026-04-22T13:07:39.298+0000] {dagbag.py:545} INFO - Filling up the DagBag from /opt/airflow/dags/dq_etl_dag.py
[2026-04-22T13:07:39.307+0000] {processor.py:840} INFO - DAG(s) 'dq_etl_dag' retrieved from /opt/airflow/dags/dq_etl_dag.py
[2026-04-22T13:07:39.341+0000] {logging_mixin.py:188} INFO - [2026-04-22T13:07:39.341+0000] {dag.py:3089} INFO - Sync 1 DAGs
[2026-04-22T13:07:39.360+0000] {logging_mixin.py:188} INFO - [2026-04-22T13:07:39.360+0000] {dag.py:3947} INFO - Setting next_dagrun for dq_etl_dag to 2026-04-21 03:00:00+00:00, run_after=2026-04-22 03:00:00+00:00
[2026-04-22T13:07:39.375+0000] {processor.py:183} INFO - Processing /opt/airflow/dags/dq_etl_dag.py took 0.082 seconds
[2026-04-22T13:08:09.535+0000] {processor.py:161} INFO - Started process (PID=630) to work on /opt/airflow/dags/dq_etl_dag.py
[2026-04-22T13:08:09.536+0000] {processor.py:830} INFO - Processing file /opt/airflow/dags/dq_etl_dag.py for tasks to queue
[2026-04-22T13:08:09.536+0000] {logging_mixin.py:188} INFO - [2026-04-22T13:08:09.536+0000] {dagbag.py:545} INFO - Filling up the DagBag from /opt/airflow/dags/dq_etl_dag.py
[2026-04-22T13:08:09.545+0000] {processor.py:840} INFO - DAG(s) 'dq_etl_dag' retrieved from /opt/airflow/dags/dq_etl_dag.py
[2026-04-22T13:08:09.565+0000] {logging_mixin.py:188} INFO - [2026-04-22T13:08:09.564+0000] {dag.py:3089} INFO - Sync 1 DAGs
[2026-04-22T13:08:09.576+0000] {logging_mixin.py:188} INFO - [2026-04-22T13:08:09.576+0000] {dag.py:3947} INFO - Setting next_dagrun for dq_etl_dag to 2026-04-21 03:00:00+00:00, run_after=2026-04-22 03:00:00+00:00
[2026-04-22T13:08:09.593+0000] {processor.py:183} INFO - Processing /opt/airflow/dags/dq_etl_dag.py took 0.061 seconds
[2026-04-22T13:08:39.811+0000] {processor.py:161} INFO - Started process (PID=647) to work on /opt/airflow/dags/dq_etl_dag.py
[2026-04-22T13:08:39.813+0000] {processor.py:830} INFO - Processing file /opt/airflow/dags/dq_etl_dag.py for tasks to queue
[2026-04-22T13:08:39.814+0000] {logging_mixin.py:188} INFO - [2026-04-22T13:08:39.814+0000] {dagbag.py:545} INFO - Filling up the DagBag from /opt/airflow/dags/dq_etl_dag.py
[2026-04-22T13:08:39.824+0000] {processor.py:840} INFO - DAG(s) 'dq_etl_dag' retrieved from /opt/airflow/dags/dq_etl_dag.py
[2026-04-22T13:08:39.846+0000] {logging_mixin.py:188} INFO - [2026-04-22T13:08:39.846+0000] {dag.py:3089} INFO - Sync 1 DAGs
[2026-04-22T13:08:39.860+0000] {logging_mixin.py:188} INFO - [2026-04-22T13:08:39.860+0000] {dag.py:3947} INFO - Setting next_dagrun for dq_etl_dag to 2026-04-21 03:00:00+00:00, run_after=2026-04-22 03:00:00+00:00
[2026-04-22T13:08:39.873+0000] {processor.py:183} INFO - Processing /opt/airflow/dags/dq_etl_dag.py took 0.066 seconds
[2026-04-22T13:09:10.067+0000] {processor.py:161} INFO - Started process (PID=664) to work on /opt/airflow/dags/dq_etl_dag.py
[2026-04-22T13:09:10.076+0000] {processor.py:830} INFO - Processing file /opt/airflow/dags/dq_etl_dag.py for tasks to queue
[2026-04-22T13:09:10.077+0000] {logging_mixin.py:188} INFO - [2026-04-22T13:09:10.077+0000] {dagbag.py:545} INFO - Filling up the DagBag from /opt/airflow/dags/dq_etl_dag.py
[2026-04-22T13:09:10.085+0000] {processor.py:840} INFO - DAG(s) 'dq_etl_dag' retrieved from /opt/airflow/dags/dq_etl_dag.py
[2026-04-22T13:09:10.105+0000] {logging_mixin.py:188} INFO - [2026-04-22T13:09:10.104+0000] {dag.py:3089} INFO - Sync 1 DAGs
[2026-04-22T13:09:10.116+0000] {logging_mixin.py:188} INFO - [2026-04-22T13:09:10.115+0000] {dag.py:3947} INFO - Setting next_dagrun for dq_etl_dag to 2026-04-21 03:00:00+00:00, run_after=2026-04-22 03:00:00+00:00
[2026-04-22T13:09:10.125+0000] {processor.py:183} INFO - Processing /opt/airflow/dags/dq_etl_dag.py took 0.062 seconds
[2026-04-22T13:09:40.315+0000] {processor.py:161} INFO - Started process (PID=681) to work on /opt/airflow/dags/dq_etl_dag.py
[2026-04-22T13:09:40.324+0000] {processor.py:830} INFO - Processing file /opt/airflow/dags/dq_etl_dag.py for tasks to queue
[2026-04-22T13:09:40.325+0000] {logging_mixin.py:188} INFO - [2026-04-22T13:09:40.324+0000] {dagbag.py:545} INFO - Filling up the DagBag from /opt/airflow/dags/dq_etl_dag.py
[2026-04-22T13:09:40.333+0000] {processor.py:840} INFO - DAG(s) 'dq_etl_dag' retrieved from /opt/airflow/dags/dq_etl_dag.py
[2026-04-22T13:09:40.353+0000] {logging_mixin.py:188} INFO - [2026-04-22T13:09:40.352+0000] {dag.py:3089} INFO - Sync 1 DAGs
[2026-04-22T13:09:40.363+0000] {logging_mixin.py:188} INFO - [2026-04-22T13:09:40.363+0000] {dag.py:3947} INFO - Setting next_dagrun for dq_etl_dag to 2026-04-21 03:00:00+00:00, run_after=2026-04-22 03:00:00+00:00
[2026-04-22T13:09:40.372+0000] {processor.py:183} INFO - Processing /opt/airflow/dags/dq_etl_dag.py took 0.060 seconds
[2026-04-22T13:10:10.552+0000] {processor.py:161} INFO - Started process (PID=698) to work on /opt/airflow/dags/dq_etl_dag.py
[2026-04-22T13:10:10.561+0000] {processor.py:830} INFO - Processing file /opt/airflow/dags/dq_etl_dag.py for tasks to queue
[2026-04-22T13:10:10.562+0000] {logging_mixin.py:188} INFO - [2026-04-22T13:10:10.562+0000] {dagbag.py:545} INFO - Filling up the DagBag from /opt/airflow/dags/dq_etl_dag.py
[2026-04-22T13:10:10.571+0000] {processor.py:840} INFO - DAG(s) 'dq_etl_dag' retrieved from /opt/airflow/dags/dq_etl_dag.py
[2026-04-22T13:10:10.592+0000] {logging_mixin.py:188} INFO - [2026-04-22T13:10:10.592+0000] {dag.py:3089} INFO - Sync 1 DAGs
[2026-04-22T13:10:10.603+0000] {logging_mixin.py:188} INFO - [2026-04-22T13:10:10.603+0000] {dag.py:3947} INFO - Setting next_dagrun for dq_etl_dag to 2026-04-21 03:00:00+00:00, run_after=2026-04-22 03:00:00+00:00
[2026-04-22T13:10:10.615+0000] {processor.py:183} INFO - Processing /opt/airflow/dags/dq_etl_dag.py took 0.066 seconds
[2026-04-22T13:10:40.897+0000] {processor.py:161} INFO - Started process (PID=716) to work on /opt/airflow/dags/dq_etl_dag.py
[2026-04-22T13:10:40.898+0000] {processor.py:830} INFO - Processing file /opt/airflow/dags/dq_etl_dag.py for tasks to queue
[2026-04-22T13:10:40.899+0000] {logging_mixin.py:188} INFO - [2026-04-22T13:10:40.899+0000] {dagbag.py:545} INFO - Filling up the DagBag from /opt/airflow/dags/dq_etl_dag.py
[2026-04-22T13:10:40.912+0000] {processor.py:840} INFO - DAG(s) 'dq_etl_dag' retrieved from /opt/airflow/dags/dq_etl_dag.py
[2026-04-22T13:10:40.943+0000] {logging_mixin.py:188} INFO - [2026-04-22T13:10:40.943+0000] {dag.py:3089} INFO - Sync 1 DAGs
[2026-04-22T13:10:40.963+0000] {logging_mixin.py:188} INFO - [2026-04-22T13:10:40.963+0000] {dag.py:3947} INFO - Setting next_dagrun for dq_etl_dag to 2026-04-21 03:00:00+00:00, run_after=2026-04-22 03:00:00+00:00
[2026-04-22T13:10:40.976+0000] {processor.py:183} INFO - Processing /opt/airflow/dags/dq_etl_dag.py took 0.085 seconds
[2026-04-22T13:11:11.176+0000] {processor.py:161} INFO - Started process (PID=727) to work on /opt/airflow/dags/dq_etl_dag.py
[2026-04-22T13:11:11.184+0000] {processor.py:830} INFO - Processing file /opt/airflow/dags/dq_etl_dag.py for tasks to queue
[2026-04-22T13:11:11.185+0000] {logging_mixin.py:188} INFO - [2026-04-22T13:11:11.185+0000] {dagbag.py:545} INFO - Filling up the DagBag from /opt/airflow/dags/dq_etl_dag.py
[2026-04-22T13:11:11.201+0000] {processor.py:840} INFO - DAG(s) 'dq_etl_dag' retrieved from /opt/airflow/dags/dq_etl_dag.py
[2026-04-22T13:11:11.239+0000] {logging_mixin.py:188} INFO - [2026-04-22T13:11:11.238+0000] {dag.py:3089} INFO - Sync 1 DAGs
[2026-04-22T13:11:11.263+0000] {logging_mixin.py:188} INFO - [2026-04-22T13:11:11.263+0000] {dag.py:3947} INFO - Setting next_dagrun for dq_etl_dag to 2026-04-21 03:00:00+00:00, run_after=2026-04-22 03:00:00+00:00
[2026-04-22T13:11:11.285+0000] {processor.py:183} INFO - Processing /opt/airflow/dags/dq_etl_dag.py took 0.115 seconds
[2026-04-22T13:11:41.372+0000] {processor.py:161} INFO - Started process (PID=744) to work on /opt/airflow/dags/dq_etl_dag.py
[2026-04-22T13:11:41.373+0000] {processor.py:830} INFO - Processing file /opt/airflow/dags/dq_etl_dag.py for tasks to queue
[2026-04-22T13:11:41.375+0000] {logging_mixin.py:188} INFO - [2026-04-22T13:11:41.374+0000] {dagbag.py:545} INFO - Filling up the DagBag from /opt/airflow/dags/dq_etl_dag.py
[2026-04-22T13:11:41.390+0000] {processor.py:840} INFO - DAG(s) 'dq_etl_dag' retrieved from /opt/airflow/dags/dq_etl_dag.py
[2026-04-22T13:11:41.420+0000] {logging_mixin.py:188} INFO - [2026-04-22T13:11:41.420+0000] {dag.py:3089} INFO - Sync 1 DAGs
[2026-04-22T13:11:41.433+0000] {logging_mixin.py:188} INFO - [2026-04-22T13:11:41.433+0000] {dag.py:3947} INFO - Setting next_dagrun for dq_etl_dag to 2026-04-21 03:00:00+00:00, run_after=2026-04-22 03:00:00+00:00
[2026-04-22T13:11:41.451+0000] {processor.py:183} INFO - Processing /opt/airflow/dags/dq_etl_dag.py took 0.085 seconds
[2026-04-22T13:12:11.602+0000] {processor.py:161} INFO - Started process (PID=761) to work on /opt/airflow/dags/dq_etl_dag.py
[2026-04-22T13:12:11.603+0000] {processor.py:830} INFO - Processing file /opt/airflow/dags/dq_etl_dag.py for tasks to queue
[2026-04-22T13:12:11.605+0000] {logging_mixin.py:188} INFO - [2026-04-22T13:12:11.605+0000] {dagbag.py:545} INFO - Filling up the DagBag from /opt/airflow/dags/dq_etl_dag.py
[2026-04-22T13:12:11.618+0000] {processor.py:840} INFO - DAG(s) 'dq_etl_dag' retrieved from /opt/airflow/dags/dq_etl_dag.py
[2026-04-22T13:12:11.651+0000] {logging_mixin.py:188} INFO - [2026-04-22T13:12:11.651+0000] {dag.py:3089} INFO - Sync 1 DAGs
[2026-04-22T13:12:11.671+0000] {logging_mixin.py:188} INFO - [2026-04-22T13:12:11.670+0000] {dag.py:3947} INFO - Setting next_dagrun for dq_etl_dag to 2026-04-21 03:00:00+00:00, run_after=2026-04-22 03:00:00+00:00
[2026-04-22T13:12:11.684+0000] {processor.py:183} INFO - Processing /opt/airflow/dags/dq_etl_dag.py took 0.087 seconds
[2026-04-22T13:12:42.022+0000] {processor.py:161} INFO - Started process (PID=778) to work on /opt/airflow/dags/dq_etl_dag.py
[2026-04-22T13:12:42.033+0000] {processor.py:830} INFO - Processing file /opt/airflow/dags/dq_etl_dag.py for tasks to queue
[2026-04-22T13:12:42.035+0000] {logging_mixin.py:188} INFO - [2026-04-22T13:12:42.034+0000] {dagbag.py:545} INFO - Filling up the DagBag from /opt/airflow/dags/dq_etl_dag.py
[2026-04-22T13:12:42.050+0000] {processor.py:840} INFO - DAG(s) 'dq_etl_dag' retrieved from /opt/airflow/dags/dq_etl_dag.py
[2026-04-22T13:12:42.084+0000] {logging_mixin.py:188} INFO - [2026-04-22T13:12:42.084+0000] {dag.py:3089} INFO - Sync 1 DAGs
[2026-04-22T13:12:42.105+0000] {logging_mixin.py:188} INFO - [2026-04-22T13:12:42.104+0000] {dag.py:3947} INFO - Setting next_dagrun for dq_etl_dag to 2026-04-21 03:00:00+00:00, run_after=2026-04-22 03:00:00+00:00
[2026-04-22T13:12:42.125+0000] {processor.py:183} INFO - Processing /opt/airflow/dags/dq_etl_dag.py took 0.108 seconds
[2026-04-22T13:13:12.298+0000] {processor.py:161} INFO - Started process (PID=795) to work on /opt/airflow/dags/dq_etl_dag.py
[2026-04-22T13:13:12.308+0000] {processor.py:830} INFO - Processing file /opt/airflow/dags/dq_etl_dag.py for tasks to queue
[2026-04-22T13:13:12.310+0000] {logging_mixin.py:188} INFO - [2026-04-22T13:13:12.310+0000] {dagbag.py:545} INFO - Filling up the DagBag from /opt/airflow/dags/dq_etl_dag.py
[2026-04-22T13:13:12.332+0000] {processor.py:840} INFO - DAG(s) 'dq_etl_dag' retrieved from /opt/airflow/dags/dq_etl_dag.py
[2026-04-22T13:13:12.365+0000] {logging_mixin.py:188} INFO - [2026-04-22T13:13:12.365+0000] {dag.py:3089} INFO - Sync 1 DAGs
[2026-04-22T13:13:12.382+0000] {logging_mixin.py:188} INFO - [2026-04-22T13:13:12.382+0000] {dag.py:3947} INFO - Setting next_dagrun for dq_etl_dag to 2026-04-21 03:00:00+00:00, run_after=2026-04-22 03:00:00+00:00
[2026-04-22T13:13:12.398+0000] {processor.py:183} INFO - Processing /opt/airflow/dags/dq_etl_dag.py took 0.108 seconds
[2026-04-22T13:13:42.817+0000] {processor.py:161} INFO - Started process (PID=812) to work on /opt/airflow/dags/dq_etl_dag.py
[2026-04-22T13:13:42.826+0000] {processor.py:830} INFO - Processing file /opt/airflow/dags/dq_etl_dag.py for tasks to queue
[2026-04-22T13:13:42.827+0000] {logging_mixin.py:188} INFO - [2026-04-22T13:13:42.827+0000] {dagbag.py:545} INFO - Filling up the DagBag from /opt/airflow/dags/dq_etl_dag.py
[2026-04-22T13:13:42.838+0000] {processor.py:840} INFO - DAG(s) 'dq_etl_dag' retrieved from /opt/airflow/dags/dq_etl_dag.py
[2026-04-22T13:13:42.870+0000] {logging_mixin.py:188} INFO - [2026-04-22T13:13:42.870+0000] {dag.py:3089} INFO - Sync 1 DAGs
[2026-04-22T13:13:42.891+0000] {logging_mixin.py:188} INFO - [2026-04-22T13:13:42.891+0000] {dag.py:3947} INFO - Setting next_dagrun for dq_etl_dag to 2026-04-21 03:00:00+00:00, run_after=2026-04-22 03:00:00+00:00
[2026-04-22T13:13:42.909+0000] {processor.py:183} INFO - Processing /opt/airflow/dags/dq_etl_dag.py took 0.097 seconds
[2026-04-22T13:14:13.216+0000] {processor.py:161} INFO - Started process (PID=829) to work on /opt/airflow/dags/dq_etl_dag.py
[2026-04-22T13:14:13.226+0000] {processor.py:830} INFO - Processing file /opt/airflow/dags/dq_etl_dag.py for tasks to queue
[2026-04-22T13:14:13.227+0000] {logging_mixin.py:188} INFO - [2026-04-22T13:14:13.227+0000] {dagbag.py:545} INFO - Filling up the DagBag from /opt/airflow/dags/dq_etl_dag.py
[2026-04-22T13:14:13.240+0000] {processor.py:840} INFO - DAG(s) 'dq_etl_dag' retrieved from /opt/airflow/dags/dq_etl_dag.py
[2026-04-22T13:14:13.268+0000] {logging_mixin.py:188} INFO - [2026-04-22T13:14:13.267+0000] {dag.py:3089} INFO - Sync 1 DAGs
[2026-04-22T13:14:13.284+0000] {logging_mixin.py:188} INFO - [2026-04-22T13:14:13.284+0000] {dag.py:3947} INFO - Setting next_dagrun for dq_etl_dag to 2026-04-21 03:00:00+00:00, run_after=2026-04-22 03:00:00+00:00
[2026-04-22T13:14:13.300+0000] {processor.py:183} INFO - Processing /opt/airflow/dags/dq_etl_dag.py took 0.089 seconds
[2026-04-22T13:14:43.545+0000] {processor.py:161} INFO - Started process (PID=846) to work on /opt/airflow/dags/dq_etl_dag.py
[2026-04-22T13:14:43.553+0000] {processor.py:830} INFO - Processing file /opt/airflow/dags/dq_etl_dag.py for tasks to queue
[2026-04-22T13:14:43.555+0000] {logging_mixin.py:188} INFO - [2026-04-22T13:14:43.555+0000] {dagbag.py:545} INFO - Filling up the DagBag from /opt/airflow/dags/dq_etl_dag.py
[2026-04-22T13:14:43.568+0000] {processor.py:840} INFO - DAG(s) 'dq_etl_dag' retrieved from /opt/airflow/dags/dq_etl_dag.py
[2026-04-22T13:14:43.599+0000] {logging_mixin.py:188} INFO - [2026-04-22T13:14:43.599+0000] {dag.py:3089} INFO - Sync 1 DAGs
[2026-04-22T13:14:43.615+0000] {logging_mixin.py:188} INFO - [2026-04-22T13:14:43.615+0000] {dag.py:3947} INFO - Setting next_dagrun for dq_etl_dag to 2026-04-21 03:00:00+00:00, run_after=2026-04-22 03:00:00+00:00
[2026-04-22T13:14:43.634+0000] {processor.py:183} INFO - Processing /opt/airflow/dags/dq_etl_dag.py took 0.092 seconds
[2026-04-22T13:15:14.885+0000] {processor.py:161} INFO - Started process (PID=863) to work on /opt/airflow/dags/dq_etl_dag.py
[2026-04-22T13:15:14.892+0000] {processor.py:830} INFO - Processing file /opt/airflow/dags/dq_etl_dag.py for tasks to queue
[2026-04-22T13:15:14.893+0000] {logging_mixin.py:188} INFO - [2026-04-22T13:15:14.893+0000] {dagbag.py:545} INFO - Filling up the DagBag from /opt/airflow/dags/dq_etl_dag.py
[2026-04-22T13:15:14.901+0000] {processor.py:840} INFO - DAG(s) 'dq_etl_dag' retrieved from /opt/airflow/dags/dq_etl_dag.py
[2026-04-22T13:15:14.924+0000] {logging_mixin.py:188} INFO - [2026-04-22T13:15:14.923+0000] {dag.py:3089} INFO - Sync 1 DAGs
[2026-04-22T13:15:14.935+0000] {logging_mixin.py:188} INFO - [2026-04-22T13:15:14.935+0000] {dag.py:3947} INFO - Setting next_dagrun for dq_etl_dag to 2026-04-21 03:00:00+00:00, run_after=2026-04-22 03:00:00+00:00
[2026-04-22T13:15:14.948+0000] {processor.py:183} INFO - Processing /opt/airflow/dags/dq_etl_dag.py took 0.066 seconds
[2026-04-22T13:15:46.216+0000] {processor.py:161} INFO - Started process (PID=880) to work on /opt/airflow/dags/dq_etl_dag.py
[2026-04-22T13:15:46.225+0000] {processor.py:830} INFO - Processing file /opt/airflow/dags/dq_etl_dag.py for tasks to queue
[2026-04-22T13:15:46.225+0000] {logging_mixin.py:188} INFO - [2026-04-22T13:15:46.225+0000] {dagbag.py:545} INFO - Filling up the DagBag from /opt/airflow/dags/dq_etl_dag.py
[2026-04-22T13:15:46.234+0000] {processor.py:840} INFO - DAG(s) 'dq_etl_dag' retrieved from /opt/airflow/dags/dq_etl_dag.py
[2026-04-22T13:15:46.256+0000] {logging_mixin.py:188} INFO - [2026-04-22T13:15:46.256+0000] {dag.py:3089} INFO - Sync 1 DAGs
[2026-04-22T13:15:46.267+0000] {logging_mixin.py:188} INFO - [2026-04-22T13:15:46.267+0000] {dag.py:3947} INFO - Setting next_dagrun for dq_etl_dag to 2026-04-21 03:00:00+00:00, run_after=2026-04-22 03:00:00+00:00
[2026-04-22T13:15:46.278+0000] {processor.py:183} INFO - Processing /opt/airflow/dags/dq_etl_dag.py took 0.066 seconds
[2026-04-22T13:16:17.548+0000] {processor.py:161} INFO - Started process (PID=897) to work on /opt/airflow/dags/dq_etl_dag.py
[2026-04-22T13:16:17.557+0000] {processor.py:830} INFO - Processing file /opt/airflow/dags/dq_etl_dag.py for tasks to queue
[2026-04-22T13:16:17.558+0000] {logging_mixin.py:188} INFO - [2026-04-22T13:16:17.558+0000] {dagbag.py:545} INFO - Filling up the DagBag from /opt/airflow/dags/dq_etl_dag.py
[2026-04-22T13:16:17.575+0000] {processor.py:840} INFO - DAG(s) 'dq_etl_dag' retrieved from /opt/airflow/dags/dq_etl_dag.py
[2026-04-22T13:16:17.609+0000] {logging_mixin.py:188} INFO - [2026-04-22T13:16:17.609+0000] {dag.py:3089} INFO - Sync 1 DAGs
[2026-04-22T13:16:17.626+0000] {logging_mixin.py:188} INFO - [2026-04-22T13:16:17.626+0000] {dag.py:3947} INFO - Setting next_dagrun for dq_etl_dag to 2026-04-21 03:00:00+00:00, run_after=2026-04-22 03:00:00+00:00
[2026-04-22T13:16:17.640+0000] {processor.py:183} INFO - Processing /opt/airflow/dags/dq_etl_dag.py took 0.098 seconds
[2026-04-22T13:16:48.886+0000] {processor.py:161} INFO - Started process (PID=914) to work on /opt/airflow/dags/dq_etl_dag.py
[2026-04-22T13:16:48.895+0000] {processor.py:830} INFO - Processing file /opt/airflow/dags/dq_etl_dag.py for tasks to queue
[2026-04-22T13:16:48.897+0000] {logging_mixin.py:188} INFO - [2026-04-22T13:16:48.896+0000] {dagbag.py:545} INFO - Filling up the DagBag from /opt/airflow/dags/dq_etl_dag.py
[2026-04-22T13:16:48.911+0000] {processor.py:840} INFO - DAG(s) 'dq_etl_dag' retrieved from /opt/airflow/dags/dq_etl_dag.py
[2026-04-22T13:16:48.947+0000] {logging_mixin.py:188} INFO - [2026-04-22T13:16:48.946+0000] {dag.py:3089} INFO - Sync 1 DAGs
[2026-04-22T13:16:48.967+0000] {logging_mixin.py:188} INFO - [2026-04-22T13:16:48.967+0000] {dag.py:3947} INFO - Setting next_dagrun for dq_etl_dag to 2026-04-21 03:00:00+00:00, run_after=2026-04-22 03:00:00+00:00
[2026-04-22T13:16:48.988+0000] {processor.py:183} INFO - Processing /opt/airflow/dags/dq_etl_dag.py took 0.107 seconds
[2026-04-22T13:17:20.235+0000] {processor.py:161} INFO - Started process (PID=931) to work on /opt/airflow/dags/dq_etl_dag.py
[2026-04-22T13:17:20.244+0000] {processor.py:830} INFO - Processing file /opt/airflow/dags/dq_etl_dag.py for tasks to queue
[2026-04-22T13:17:20.245+0000] {logging_mixin.py:188} INFO - [2026-04-22T13:17:20.245+0000] {dagbag.py:545} INFO - Filling up the DagBag from /opt/airflow/dags/dq_etl_dag.py
[2026-04-22T13:17:20.254+0000] {processor.py:840} INFO - DAG(s) 'dq_etl_dag' retrieved from /opt/airflow/dags/dq_etl_dag.py
[2026-04-22T13:17:20.290+0000] {logging_mixin.py:188} INFO - [2026-04-22T13:17:20.290+0000] {dag.py:3089} INFO - Sync 1 DAGs
[2026-04-22T13:17:20.312+0000] {logging_mixin.py:188} INFO - [2026-04-22T13:17:20.312+0000] {dag.py:3947} INFO - Setting next_dagrun for dq_etl_dag to 2026-04-21 03:00:00+00:00, run_after=2026-04-22 03:00:00+00:00
[2026-04-22T13:17:20.328+0000] {processor.py:183} INFO - Processing /opt/airflow/dags/dq_etl_dag.py took 0.096 seconds
[2026-04-22T13:17:51.817+0000] {processor.py:161} INFO - Started process (PID=948) to work on /opt/airflow/dags/dq_etl_dag.py
[2026-04-22T13:17:51.825+0000] {processor.py:830} INFO - Processing file /opt/airflow/dags/dq_etl_dag.py for tasks to queue
[2026-04-22T13:17:51.826+0000] {logging_mixin.py:188} INFO - [2026-04-22T13:17:51.826+0000] {dagbag.py:545} INFO - Filling up the DagBag from /opt/airflow/dags/dq_etl_dag.py
[2026-04-22T13:17:51.836+0000] {processor.py:840} INFO - DAG(s) 'dq_etl_dag' retrieved from /opt/airflow/dags/dq_etl_dag.py
[2026-04-22T13:17:51.856+0000] {logging_mixin.py:188} INFO - [2026-04-22T13:17:51.856+0000] {dag.py:3089} INFO - Sync 1 DAGs
[2026-04-22T13:17:51.867+0000] {logging_mixin.py:188} INFO - [2026-04-22T13:17:51.867+0000] {dag.py:3947} INFO - Setting next_dagrun for dq_etl_dag to 2026-04-21 03:00:00+00:00, run_after=2026-04-22 03:00:00+00:00
[2026-04-22T13:17:51.877+0000] {processor.py:183} INFO - Processing /opt/airflow/dags/dq_etl_dag.py took 0.063 seconds
[2026-04-22T13:18:22.213+0000] {processor.py:161} INFO - Started process (PID=965) to work on /opt/airflow/dags/dq_etl_dag.py
[2026-04-22T13:18:22.214+0000] {processor.py:830} INFO - Processing file /opt/airflow/dags/dq_etl_dag.py for tasks to queue
[2026-04-22T13:18:22.214+0000] {logging_mixin.py:188} INFO - [2026-04-22T13:18:22.214+0000] {dagbag.py:545} INFO - Filling up the DagBag from /opt/airflow/dags/dq_etl_dag.py
[2026-04-22T13:18:22.223+0000] {processor.py:840} INFO - DAG(s) 'dq_etl_dag' retrieved from /opt/airflow/dags/dq_etl_dag.py
[2026-04-22T13:18:22.243+0000] {logging_mixin.py:188} INFO - [2026-04-22T13:18:22.243+0000] {dag.py:3089} INFO - Sync 1 DAGs
[2026-04-22T13:18:22.254+0000] {logging_mixin.py:188} INFO - [2026-04-22T13:18:22.254+0000] {dag.py:3947} INFO - Setting next_dagrun for dq_etl_dag to 2026-04-21 03:00:00+00:00, run_after=2026-04-22 03:00:00+00:00
[2026-04-22T13:18:22.265+0000] {processor.py:183} INFO - Processing /opt/airflow/dags/dq_etl_dag.py took 0.056 seconds
[2026-04-22T13:18:53.587+0000] {processor.py:161} INFO - Started process (PID=982) to work on /opt/airflow/dags/dq_etl_dag.py
[2026-04-22T13:18:53.588+0000] {processor.py:830} INFO - Processing file /opt/airflow/dags/dq_etl_dag.py for tasks to queue
[2026-04-22T13:18:53.589+0000] {logging_mixin.py:188} INFO - [2026-04-22T13:18:53.589+0000] {dagbag.py:545} INFO - Filling up the DagBag from /opt/airflow/dags/dq_etl_dag.py
[2026-04-22T13:18:53.599+0000] {processor.py:840} INFO - DAG(s) 'dq_etl_dag' retrieved from /opt/airflow/dags/dq_etl_dag.py
[2026-04-22T13:18:53.622+0000] {logging_mixin.py:188} INFO - [2026-04-22T13:18:53.622+0000] {dag.py:3089} INFO - Sync 1 DAGs
[2026-04-22T13:18:53.634+0000] {logging_mixin.py:188} INFO - [2026-04-22T13:18:53.634+0000] {dag.py:3947} INFO - Setting next_dagrun for dq_etl_dag to 2026-04-21 03:00:00+00:00, run_after=2026-04-22 03:00:00+00:00
[2026-04-22T13:18:53.646+0000] {processor.py:183} INFO - Processing /opt/airflow/dags/dq_etl_dag.py took 0.062 seconds
[2026-04-22T13:19:24.922+0000] {processor.py:161} INFO - Started process (PID=999) to work on /opt/airflow/dags/dq_etl_dag.py
[2026-04-22T13:19:24.923+0000] {processor.py:830} INFO - Processing file /opt/airflow/dags/dq_etl_dag.py for tasks to queue
[2026-04-22T13:19:24.924+0000] {logging_mixin.py:188} INFO - [2026-04-22T13:19:24.924+0000] {dagbag.py:545} INFO - Filling up the DagBag from /opt/airflow/dags/dq_etl_dag.py
[2026-04-22T13:19:24.932+0000] {processor.py:840} INFO - DAG(s) 'dq_etl_dag' retrieved from /opt/airflow/dags/dq_etl_dag.py
[2026-04-22T13:19:24.951+0000] {logging_mixin.py:188} INFO - [2026-04-22T13:19:24.951+0000] {dag.py:3089} INFO - Sync 1 DAGs
[2026-04-22T13:19:24.964+0000] {logging_mixin.py:188} INFO - [2026-04-22T13:19:24.964+0000] {dag.py:3947} INFO - Setting next_dagrun for dq_etl_dag to 2026-04-21 03:00:00+00:00, run_after=2026-04-22 03:00:00+00:00
[2026-04-22T13:19:24.973+0000] {processor.py:183} INFO - Processing /opt/airflow/dags/dq_etl_dag.py took 0.054 seconds
[2026-04-22T13:19:56.299+0000] {processor.py:161} INFO - Started process (PID=1016) to work on /opt/airflow/dags/dq_etl_dag.py
[2026-04-22T13:19:56.300+0000] {processor.py:830} INFO - Processing file /opt/airflow/dags/dq_etl_dag.py for tasks to queue
[2026-04-22T13:19:56.301+0000] {logging_mixin.py:188} INFO - [2026-04-22T13:19:56.301+0000] {dagbag.py:545} INFO - Filling up the DagBag from /opt/airflow/dags/dq_etl_dag.py
[2026-04-22T13:19:56.311+0000] {processor.py:840} INFO - DAG(s) 'dq_etl_dag' retrieved from /opt/airflow/dags/dq_etl_dag.py
[2026-04-22T13:19:56.334+0000] {logging_mixin.py:188} INFO - [2026-04-22T13:19:56.334+0000] {dag.py:3089} INFO - Sync 1 DAGs
[2026-04-22T13:19:56.349+0000] {logging_mixin.py:188} INFO - [2026-04-22T13:19:56.349+0000] {dag.py:3947} INFO - Setting next_dagrun for dq_etl_dag to 2026-04-21 03:00:00+00:00, run_after=2026-04-22 03:00:00+00:00
[2026-04-22T13:19:56.358+0000] {processor.py:183} INFO - Processing /opt/airflow/dags/dq_etl_dag.py took 0.062 seconds
[2026-04-22T13:20:27.838+0000] {processor.py:161} INFO - Started process (PID=1033) to work on /opt/airflow/dags/dq_etl_dag.py
[2026-04-22T13:20:27.839+0000] {processor.py:830} INFO - Processing file /opt/airflow/dags/dq_etl_dag.py for tasks to queue
[2026-04-22T13:20:27.839+0000] {logging_mixin.py:188} INFO - [2026-04-22T13:20:27.839+0000] {dagbag.py:545} INFO - Filling up the DagBag from /opt/airflow/dags/dq_etl_dag.py
[2026-04-22T13:20:27.849+0000] {processor.py:840} INFO - DAG(s) 'dq_etl_dag' retrieved from /opt/airflow/dags/dq_etl_dag.py
[2026-04-22T13:20:27.872+0000] {logging_mixin.py:188} INFO - [2026-04-22T13:20:27.872+0000] {dag.py:3089} INFO - Sync 1 DAGs
[2026-04-22T13:20:27.884+0000] {logging_mixin.py:188} INFO - [2026-04-22T13:20:27.884+0000] {dag.py:3947} INFO - Setting next_dagrun for dq_etl_dag to 2026-04-21 03:00:00+00:00, run_after=2026-04-22 03:00:00+00:00
[2026-04-22T13:20:27.894+0000] {processor.py:183} INFO - Processing /opt/airflow/dags/dq_etl_dag.py took 0.060 seconds
[2026-04-22T13:20:59.225+0000] {processor.py:161} INFO - Started process (PID=1050) to work on /opt/airflow/dags/dq_etl_dag.py
[2026-04-22T13:20:59.226+0000] {processor.py:830} INFO - Processing file /opt/airflow/dags/dq_etl_dag.py for tasks to queue
[2026-04-22T13:20:59.227+0000] {logging_mixin.py:188} INFO - [2026-04-22T13:20:59.226+0000] {dagbag.py:545} INFO - Filling up the DagBag from /opt/airflow/dags/dq_etl_dag.py
[2026-04-22T13:20:59.235+0000] {processor.py:840} INFO - DAG(s) 'dq_etl_dag' retrieved from /opt/airflow/dags/dq_etl_dag.py
[2026-04-22T13:20:59.257+0000] {logging_mixin.py:188} INFO - [2026-04-22T13:20:59.257+0000] {dag.py:3089} INFO - Sync 1 DAGs
[2026-04-22T13:20:59.269+0000] {logging_mixin.py:188} INFO - [2026-04-22T13:20:59.269+0000] {dag.py:3947} INFO - Setting next_dagrun for dq_etl_dag to 2026-04-21 03:00:00+00:00, run_after=2026-04-22 03:00:00+00:00
[2026-04-22T13:20:59.281+0000] {processor.py:183} INFO - Processing /opt/airflow/dags/dq_etl_dag.py took 0.059 seconds
[2026-04-22T13:21:30.704+0000] {processor.py:161} INFO - Started process (PID=1067) to work on /opt/airflow/dags/dq_etl_dag.py
[2026-04-22T13:21:30.705+0000] {processor.py:830} INFO - Processing file /opt/airflow/dags/dq_etl_dag.py for tasks to queue
[2026-04-22T13:21:30.706+0000] {logging_mixin.py:188} INFO - [2026-04-22T13:21:30.706+0000] {dagbag.py:545} INFO - Filling up the DagBag from /opt/airflow/dags/dq_etl_dag.py
[2026-04-22T13:21:30.716+0000] {processor.py:840} INFO - DAG(s) 'dq_etl_dag' retrieved from /opt/airflow/dags/dq_etl_dag.py
[2026-04-22T13:21:30.737+0000] {logging_mixin.py:188} INFO - [2026-04-22T13:21:30.737+0000] {dag.py:3089} INFO - Sync 1 DAGs
[2026-04-22T13:21:30.749+0000] {logging_mixin.py:188} INFO - [2026-04-22T13:21:30.749+0000] {dag.py:3947} INFO - Setting next_dagrun for dq_etl_dag to 2026-04-21 03:00:00+00:00, run_after=2026-04-22 03:00:00+00:00
[2026-04-22T13:21:30.757+0000] {processor.py:183} INFO - Processing /opt/airflow/dags/dq_etl_dag.py took 0.057 seconds
[2026-04-22T13:22:02.133+0000] {processor.py:161} INFO - Started process (PID=1084) to work on /opt/airflow/dags/dq_etl_dag.py
[2026-04-22T13:22:02.142+0000] {processor.py:830} INFO - Processing file /opt/airflow/dags/dq_etl_dag.py for tasks to queue
[2026-04-22T13:22:02.143+0000] {logging_mixin.py:188} INFO - [2026-04-22T13:22:02.142+0000] {dagbag.py:545} INFO - Filling up the DagBag from /opt/airflow/dags/dq_etl_dag.py
[2026-04-22T13:22:02.151+0000] {processor.py:840} INFO - DAG(s) 'dq_etl_dag' retrieved from /opt/airflow/dags/dq_etl_dag.py
[2026-04-22T13:22:02.173+0000] {logging_mixin.py:188} INFO - [2026-04-22T13:22:02.173+0000] {dag.py:3089} INFO - Sync 1 DAGs
[2026-04-22T13:22:02.184+0000] {logging_mixin.py:188} INFO - [2026-04-22T13:22:02.184+0000] {dag.py:3947} INFO - Setting next_dagrun for dq_etl_dag to 2026-04-21 03:00:00+00:00, run_after=2026-04-22 03:00:00+00:00
[2026-04-22T13:22:02.197+0000] {processor.py:183} INFO - Processing /opt/airflow/dags/dq_etl_dag.py took 0.067 seconds
[2026-04-22T13:22:33.603+0000] {processor.py:161} INFO - Started process (PID=1101) to work on /opt/airflow/dags/dq_etl_dag.py
[2026-04-22T13:22:33.611+0000] {processor.py:830} INFO - Processing file /opt/airflow/dags/dq_etl_dag.py for tasks to queue
[2026-04-22T13:22:33.612+0000] {logging_mixin.py:188} INFO - [2026-04-22T13:22:33.612+0000] {dagbag.py:545} INFO - Filling up the DagBag from /opt/airflow/dags/dq_etl_dag.py
[2026-04-22T13:22:33.622+0000] {processor.py:840} INFO - DAG(s) 'dq_etl_dag' retrieved from /opt/airflow/dags/dq_etl_dag.py
[2026-04-22T13:22:33.642+0000] {logging_mixin.py:188} INFO - [2026-04-22T13:22:33.642+0000] {dag.py:3089} INFO - Sync 1 DAGs
[2026-04-22T13:22:33.654+0000] {logging_mixin.py:188} INFO - [2026-04-22T13:22:33.654+0000] {dag.py:3947} INFO - Setting next_dagrun for dq_etl_dag to 2026-04-21 03:00:00+00:00, run_after=2026-04-22 03:00:00+00:00
[2026-04-22T13:22:33.666+0000] {processor.py:183} INFO - Processing /opt/airflow/dags/dq_etl_dag.py took 0.067 seconds
[2026-04-22T13:23:04.083+0000] {processor.py:161} INFO - Started process (PID=1118) to work on /opt/airflow/dags/dq_etl_dag.py
[2026-04-22T13:23:04.093+0000] {processor.py:830} INFO - Processing file /opt/airflow/dags/dq_etl_dag.py for tasks to queue
[2026-04-22T13:23:04.095+0000] {logging_mixin.py:188} INFO - [2026-04-22T13:23:04.095+0000] {dagbag.py:545} INFO - Filling up the DagBag from /opt/airflow/dags/dq_etl_dag.py
[2026-04-22T13:23:04.109+0000] {processor.py:840} INFO - DAG(s) 'dq_etl_dag' retrieved from /opt/airflow/dags/dq_etl_dag.py
[2026-04-22T13:23:04.153+0000] {logging_mixin.py:188} INFO - [2026-04-22T13:23:04.153+0000] {dag.py:3089} INFO - Sync 1 DAGs
[2026-04-22T13:23:04.170+0000] {logging_mixin.py:188} INFO - [2026-04-22T13:23:04.169+0000] {dag.py:3947} INFO - Setting next_dagrun for dq_etl_dag to 2026-04-21 03:00:00+00:00, run_after=2026-04-22 03:00:00+00:00
[2026-04-22T13:23:04.180+0000] {processor.py:183} INFO - Processing /opt/airflow/dags/dq_etl_dag.py took 0.102 seconds
[2026-04-22T13:23:35.523+0000] {processor.py:161} INFO - Started process (PID=1135) to work on /opt/airflow/dags/dq_etl_dag.py
[2026-04-22T13:23:35.533+0000] {processor.py:830} INFO - Processing file /opt/airflow/dags/dq_etl_dag.py for tasks to queue
[2026-04-22T13:23:35.534+0000] {logging_mixin.py:188} INFO - [2026-04-22T13:23:35.534+0000] {dagbag.py:545} INFO - Filling up the DagBag from /opt/airflow/dags/dq_etl_dag.py
[2026-04-22T13:23:35.545+0000] {processor.py:840} INFO - DAG(s) 'dq_etl_dag' retrieved from /opt/airflow/dags/dq_etl_dag.py
[2026-04-22T13:23:35.572+0000] {logging_mixin.py:188} INFO - [2026-04-22T13:23:35.572+0000] {dag.py:3089} INFO - Sync 1 DAGs
[2026-04-22T13:23:35.588+0000] {logging_mixin.py:188} INFO - [2026-04-22T13:23:35.588+0000] {dag.py:3947} INFO - Setting next_dagrun for dq_etl_dag to 2026-04-21 03:00:00+00:00, run_after=2026-04-22 03:00:00+00:00
[2026-04-22T13:23:35.602+0000] {processor.py:183} INFO - Processing /opt/airflow/dags/dq_etl_dag.py took 0.083 seconds
[2026-04-22T13:24:07.292+0000] {processor.py:161} INFO - Started process (PID=1152) to work on /opt/airflow/dags/dq_etl_dag.py
[2026-04-22T13:24:07.293+0000] {processor.py:830} INFO - Processing file /opt/airflow/dags/dq_etl_dag.py for tasks to queue
[2026-04-22T13:24:07.294+0000] {logging_mixin.py:188} INFO - [2026-04-22T13:24:07.294+0000] {dagbag.py:545} INFO - Filling up the DagBag from /opt/airflow/dags/dq_etl_dag.py
[2026-04-22T13:24:07.303+0000] {processor.py:840} INFO - DAG(s) 'dq_etl_dag' retrieved from /opt/airflow/dags/dq_etl_dag.py
[2026-04-22T13:24:07.324+0000] {logging_mixin.py:188} INFO - [2026-04-22T13:24:07.324+0000] {dag.py:3089} INFO - Sync 1 DAGs
[2026-04-22T13:24:07.335+0000] {logging_mixin.py:188} INFO - [2026-04-22T13:24:07.335+0000] {dag.py:3947} INFO - Setting next_dagrun for dq_etl_dag to 2026-04-21 03:00:00+00:00, run_after=2026-04-22 03:00:00+00:00
[2026-04-22T13:24:07.346+0000] {processor.py:183} INFO - Processing /opt/airflow/dags/dq_etl_dag.py took 0.057 seconds
[2026-04-22T13:24:38.816+0000] {processor.py:161} INFO - Started process (PID=1169) to work on /opt/airflow/dags/dq_etl_dag.py
[2026-04-22T13:24:38.817+0000] {processor.py:830} INFO - Processing file /opt/airflow/dags/dq_etl_dag.py for tasks to queue
[2026-04-22T13:24:38.818+0000] {logging_mixin.py:188} INFO - [2026-04-22T13:24:38.818+0000] {dagbag.py:545} INFO - Filling up the DagBag from /opt/airflow/dags/dq_etl_dag.py
[2026-04-22T13:24:38.828+0000] {processor.py:840} INFO - DAG(s) 'dq_etl_dag' retrieved from /opt/airflow/dags/dq_etl_dag.py
[2026-04-22T13:24:38.850+0000] {logging_mixin.py:188} INFO - [2026-04-22T13:24:38.850+0000] {dag.py:3089} INFO - Sync 1 DAGs
[2026-04-22T13:24:38.862+0000] {logging_mixin.py:188} INFO - [2026-04-22T13:24:38.862+0000] {dag.py:3947} INFO - Setting next_dagrun for dq_etl_dag to 2026-04-21 03:00:00+00:00, run_after=2026-04-22 03:00:00+00:00
[2026-04-22T13:24:38.871+0000] {processor.py:183} INFO - Processing /opt/airflow/dags/dq_etl_dag.py took 0.059 seconds
[2026-04-22T13:25:10.292+0000] {processor.py:161} INFO - Started process (PID=1186) to work on /opt/airflow/dags/dq_etl_dag.py
[2026-04-22T13:25:10.293+0000] {processor.py:830} INFO - Processing file /opt/airflow/dags/dq_etl_dag.py for tasks to queue
[2026-04-22T13:25:10.293+0000] {logging_mixin.py:188} INFO - [2026-04-22T13:25:10.293+0000] {dagbag.py:545} INFO - Filling up the DagBag from /opt/airflow/dags/dq_etl_dag.py
[2026-04-22T13:25:10.304+0000] {processor.py:840} INFO - DAG(s) 'dq_etl_dag' retrieved from /opt/airflow/dags/dq_etl_dag.py
[2026-04-22T13:25:10.324+0000] {logging_mixin.py:188} INFO - [2026-04-22T13:25:10.324+0000] {dag.py:3089} INFO - Sync 1 DAGs
[2026-04-22T13:25:10.336+0000] {logging_mixin.py:188} INFO - [2026-04-22T13:25:10.335+0000] {dag.py:3947} INFO - Setting next_dagrun for dq_etl_dag to 2026-04-21 03:00:00+00:00, run_after=2026-04-22 03:00:00+00:00
[2026-04-22T13:25:10.349+0000] {processor.py:183} INFO - Processing /opt/airflow/dags/dq_etl_dag.py took 0.061 seconds
[2026-04-22T13:25:41.791+0000] {processor.py:161} INFO - Started process (PID=1203) to work on /opt/airflow/dags/dq_etl_dag.py
[2026-04-22T13:25:41.792+0000] {processor.py:830} INFO - Processing file /opt/airflow/dags/dq_etl_dag.py for tasks to queue
[2026-04-22T13:25:41.793+0000] {logging_mixin.py:188} INFO - [2026-04-22T13:25:41.793+0000] {dagbag.py:545} INFO - Filling up the DagBag from /opt/airflow/dags/dq_etl_dag.py
[2026-04-22T13:25:41.803+0000] {processor.py:840} INFO - DAG(s) 'dq_etl_dag' retrieved from /opt/airflow/dags/dq_etl_dag.py
[2026-04-22T13:25:41.824+0000] {logging_mixin.py:188} INFO - [2026-04-22T13:25:41.824+0000] {dag.py:3089} INFO - Sync 1 DAGs
[2026-04-22T13:25:41.837+0000] {logging_mixin.py:188} INFO - [2026-04-22T13:25:41.837+0000] {dag.py:3947} INFO - Setting next_dagrun for dq_etl_dag to 2026-04-21 03:00:00+00:00, run_after=2026-04-22 03:00:00+00:00
[2026-04-22T13:25:41.851+0000] {processor.py:183} INFO - Processing /opt/airflow/dags/dq_etl_dag.py took 0.063 seconds
[2026-04-22T13:26:13.388+0000] {processor.py:161} INFO - Started process (PID=1220) to work on /opt/airflow/dags/dq_etl_dag.py
[2026-04-22T13:26:13.389+0000] {processor.py:830} INFO - Processing file /opt/airflow/dags/dq_etl_dag.py for tasks to queue
[2026-04-22T13:26:13.390+0000] {logging_mixin.py:188} INFO - [2026-04-22T13:26:13.390+0000] {dagbag.py:545} INFO - Filling up the DagBag from /opt/airflow/dags/dq_etl_dag.py
[2026-04-22T13:26:13.400+0000] {processor.py:840} INFO - DAG(s) 'dq_etl_dag' retrieved from /opt/airflow/dags/dq_etl_dag.py
[2026-04-22T13:26:13.422+0000] {logging_mixin.py:188} INFO - [2026-04-22T13:26:13.421+0000] {dag.py:3089} INFO - Sync 1 DAGs
[2026-04-22T13:26:13.433+0000] {logging_mixin.py:188} INFO - [2026-04-22T13:26:13.433+0000] {dag.py:3947} INFO - Setting next_dagrun for dq_etl_dag to 2026-04-21 03:00:00+00:00, run_after=2026-04-22 03:00:00+00:00
[2026-04-22T13:26:13.444+0000] {processor.py:183} INFO - Processing /opt/airflow/dags/dq_etl_dag.py took 0.059 seconds
[2026-04-22T13:26:44.977+0000] {processor.py:161} INFO - Started process (PID=1237) to work on /opt/airflow/dags/dq_etl_dag.py
[2026-04-22T13:26:44.978+0000] {processor.py:830} INFO - Processing file /opt/airflow/dags/dq_etl_dag.py for tasks to queue
[2026-04-22T13:26:44.979+0000] {logging_mixin.py:188} INFO - [2026-04-22T13:26:44.979+0000] {dagbag.py:545} INFO - Filling up the DagBag from /opt/airflow/dags/dq_etl_dag.py
[2026-04-22T13:26:44.989+0000] {processor.py:840} INFO - DAG(s) 'dq_etl_dag' retrieved from /opt/airflow/dags/dq_etl_dag.py
[2026-04-22T13:26:45.010+0000] {logging_mixin.py:188} INFO - [2026-04-22T13:26:45.010+0000] {dag.py:3089} INFO - Sync 1 DAGs
[2026-04-22T13:26:45.023+0000] {logging_mixin.py:188} INFO - [2026-04-22T13:26:45.023+0000] {dag.py:3947} INFO - Setting next_dagrun for dq_etl_dag to 2026-04-21 03:00:00+00:00, run_after=2026-04-22 03:00:00+00:00
[2026-04-22T13:26:45.034+0000] {processor.py:183} INFO - Processing /opt/airflow/dags/dq_etl_dag.py took 0.060 seconds
[2026-04-22T13:27:16.466+0000] {processor.py:161} INFO - Started process (PID=1254) to work on /opt/airflow/dags/dq_etl_dag.py
[2026-04-22T13:27:16.469+0000] {processor.py:830} INFO - Processing file /opt/airflow/dags/dq_etl_dag.py for tasks to queue
[2026-04-22T13:27:16.470+0000] {logging_mixin.py:188} INFO - [2026-04-22T13:27:16.469+0000] {dagbag.py:545} INFO - Filling up the DagBag from /opt/airflow/dags/dq_etl_dag.py
[2026-04-22T13:27:16.479+0000] {processor.py:840} INFO - DAG(s) 'dq_etl_dag' retrieved from /opt/airflow/dags/dq_etl_dag.py
[2026-04-22T13:27:16.501+0000] {logging_mixin.py:188} INFO - [2026-04-22T13:27:16.500+0000] {dag.py:3089} INFO - Sync 1 DAGs
[2026-04-22T13:27:16.512+0000] {logging_mixin.py:188} INFO - [2026-04-22T13:27:16.512+0000] {dag.py:3947} INFO - Setting next_dagrun for dq_etl_dag to 2026-04-21 03:00:00+00:00, run_after=2026-04-22 03:00:00+00:00
[2026-04-22T13:27:16.522+0000] {processor.py:183} INFO - Processing /opt/airflow/dags/dq_etl_dag.py took 0.059 seconds
[2026-04-22T13:27:46.980+0000] {processor.py:161} INFO - Started process (PID=1271) to work on /opt/airflow/dags/dq_etl_dag.py
[2026-04-22T13:27:46.981+0000] {processor.py:830} INFO - Processing file /opt/airflow/dags/dq_etl_dag.py for tasks to queue
[2026-04-22T13:27:46.982+0000] {logging_mixin.py:188} INFO - [2026-04-22T13:27:46.981+0000] {dagbag.py:545} INFO - Filling up the DagBag from /opt/airflow/dags/dq_etl_dag.py
[2026-04-22T13:27:46.990+0000] {processor.py:840} INFO - DAG(s) 'dq_etl_dag' retrieved from /opt/airflow/dags/dq_etl_dag.py
[2026-04-22T13:27:47.012+0000] {logging_mixin.py:188} INFO - [2026-04-22T13:27:47.012+0000] {dag.py:3089} INFO - Sync 1 DAGs
[2026-04-22T13:27:47.024+0000] {logging_mixin.py:188} INFO - [2026-04-22T13:27:47.024+0000] {dag.py:3947} INFO - Setting next_dagrun for dq_etl_dag to 2026-04-21 03:00:00+00:00, run_after=2026-04-22 03:00:00+00:00
[2026-04-22T13:27:47.034+0000] {processor.py:183} INFO - Processing /opt/airflow/dags/dq_etl_dag.py took 0.058 seconds
[2026-04-22T13:28:18.580+0000] {processor.py:161} INFO - Started process (PID=1288) to work on /opt/airflow/dags/dq_etl_dag.py
[2026-04-22T13:28:18.581+0000] {processor.py:830} INFO - Processing file /opt/airflow/dags/dq_etl_dag.py for tasks to queue
[2026-04-22T13:28:18.582+0000] {logging_mixin.py:188} INFO - [2026-04-22T13:28:18.582+0000] {dagbag.py:545} INFO - Filling up the DagBag from /opt/airflow/dags/dq_etl_dag.py
[2026-04-22T13:28:18.591+0000] {processor.py:840} INFO - DAG(s) 'dq_etl_dag' retrieved from /opt/airflow/dags/dq_etl_dag.py
[2026-04-22T13:28:18.611+0000] {logging_mixin.py:188} INFO - [2026-04-22T13:28:18.610+0000] {dag.py:3089} INFO - Sync 1 DAGs
[2026-04-22T13:28:18.622+0000] {logging_mixin.py:188} INFO - [2026-04-22T13:28:18.622+0000] {dag.py:3947} INFO - Setting next_dagrun for dq_etl_dag to 2026-04-21 03:00:00+00:00, run_after=2026-04-22 03:00:00+00:00
[2026-04-22T13:28:18.631+0000] {processor.py:183} INFO - Processing /opt/airflow/dags/dq_etl_dag.py took 0.054 seconds
[2026-04-22T13:28:50.107+0000] {processor.py:161} INFO - Started process (PID=1304) to work on /opt/airflow/dags/dq_etl_dag.py
[2026-04-22T13:28:50.108+0000] {processor.py:830} INFO - Processing file /opt/airflow/dags/dq_etl_dag.py for tasks to queue
[2026-04-22T13:28:50.109+0000] {logging_mixin.py:188} INFO - [2026-04-22T13:28:50.109+0000] {dagbag.py:545} INFO - Filling up the DagBag from /opt/airflow/dags/dq_etl_dag.py
[2026-04-22T13:28:50.119+0000] {processor.py:840} INFO - DAG(s) 'dq_etl_dag' retrieved from /opt/airflow/dags/dq_etl_dag.py
[2026-04-22T13:28:50.141+0000] {logging_mixin.py:188} INFO - [2026-04-22T13:28:50.141+0000] {dag.py:3089} INFO - Sync 1 DAGs
[2026-04-22T13:28:50.153+0000] {logging_mixin.py:188} INFO - [2026-04-22T13:28:50.152+0000] {dag.py:3947} INFO - Setting next_dagrun for dq_etl_dag to 2026-04-21 03:00:00+00:00, run_after=2026-04-22 03:00:00+00:00
[2026-04-22T13:28:50.163+0000] {processor.py:183} INFO - Processing /opt/airflow/dags/dq_etl_dag.py took 0.059 seconds
[2026-04-22T13:29:21.644+0000] {processor.py:161} INFO - Started process (PID=1321) to work on /opt/airflow/dags/dq_etl_dag.py
[2026-04-22T13:29:21.645+0000] {processor.py:830} INFO - Processing file /opt/airflow/dags/dq_etl_dag.py for tasks to queue
[2026-04-22T13:29:21.646+0000] {logging_mixin.py:188} INFO - [2026-04-22T13:29:21.646+0000] {dagbag.py:545} INFO - Filling up the DagBag from /opt/airflow/dags/dq_etl_dag.py
[2026-04-22T13:29:21.657+0000] {processor.py:840} INFO - DAG(s) 'dq_etl_dag' retrieved from /opt/airflow/dags/dq_etl_dag.py
[2026-04-22T13:29:21.678+0000] {logging_mixin.py:188} INFO - [2026-04-22T13:29:21.678+0000] {dag.py:3089} INFO - Sync 1 DAGs
[2026-04-22T13:29:21.690+0000] {logging_mixin.py:188} INFO - [2026-04-22T13:29:21.690+0000] {dag.py:3947} INFO - Setting next_dagrun for dq_etl_dag to 2026-04-21 03:00:00+00:00, run_after=2026-04-22 03:00:00+00:00
[2026-04-22T13:29:21.699+0000] {processor.py:183} INFO - Processing /opt/airflow/dags/dq_etl_dag.py took 0.058 seconds
[2026-04-22T13:29:53.166+0000] {processor.py:161} INFO - Started process (PID=1338) to work on /opt/airflow/dags/dq_etl_dag.py
[2026-04-22T13:29:53.167+0000] {processor.py:830} INFO - Processing file /opt/airflow/dags/dq_etl_dag.py for tasks to queue
[2026-04-22T13:29:53.168+0000] {logging_mixin.py:188} INFO - [2026-04-22T13:29:53.168+0000] {dagbag.py:545} INFO - Filling up the DagBag from /opt/airflow/dags/dq_etl_dag.py
[2026-04-22T13:29:53.178+0000] {processor.py:840} INFO - DAG(s) 'dq_etl_dag' retrieved from /opt/airflow/dags/dq_etl_dag.py
[2026-04-22T13:29:53.200+0000] {logging_mixin.py:188} INFO - [2026-04-22T13:29:53.200+0000] {dag.py:3089} INFO - Sync 1 DAGs
[2026-04-22T13:29:53.211+0000] {logging_mixin.py:188} INFO - [2026-04-22T13:29:53.211+0000] {dag.py:3947} INFO - Setting next_dagrun for dq_etl_dag to 2026-04-21 03:00:00+00:00, run_after=2026-04-22 03:00:00+00:00
[2026-04-22T13:29:53.223+0000] {processor.py:183} INFO - Processing /opt/airflow/dags/dq_etl_dag.py took 0.061 seconds
[2026-04-22T13:30:24.751+0000] {processor.py:161} INFO - Started process (PID=1355) to work on /opt/airflow/dags/dq_etl_dag.py
[2026-04-22T13:30:24.753+0000] {processor.py:830} INFO - Processing file /opt/airflow/dags/dq_etl_dag.py for tasks to queue
[2026-04-22T13:30:24.754+0000] {logging_mixin.py:188} INFO - [2026-04-22T13:30:24.754+0000] {dagbag.py:545} INFO - Filling up the DagBag from /opt/airflow/dags/dq_etl_dag.py
[2026-04-22T13:30:24.766+0000] {processor.py:840} INFO - DAG(s) 'dq_etl_dag' retrieved from /opt/airflow/dags/dq_etl_dag.py
[2026-04-22T13:30:24.793+0000] {logging_mixin.py:188} INFO - [2026-04-22T13:30:24.793+0000] {dag.py:3089} INFO - Sync 1 DAGs
[2026-04-22T13:30:24.810+0000] {logging_mixin.py:188} INFO - [2026-04-22T13:30:24.809+0000] {dag.py:3947} INFO - Setting next_dagrun for dq_etl_dag to 2026-04-21 03:00:00+00:00, run_after=2026-04-22 03:00:00+00:00
[2026-04-22T13:30:24.824+0000] {processor.py:183} INFO - Processing /opt/airflow/dags/dq_etl_dag.py took 0.077 seconds
[2026-04-22T13:30:56.304+0000] {processor.py:161} INFO - Started process (PID=1372) to work on /opt/airflow/dags/dq_etl_dag.py
[2026-04-22T13:30:56.305+0000] {processor.py:830} INFO - Processing file /opt/airflow/dags/dq_etl_dag.py for tasks to queue
[2026-04-22T13:30:56.306+0000] {logging_mixin.py:188} INFO - [2026-04-22T13:30:56.306+0000] {dagbag.py:545} INFO - Filling up the DagBag from /opt/airflow/dags/dq_etl_dag.py
[2026-04-22T13:30:56.319+0000] {processor.py:840} INFO - DAG(s) 'dq_etl_dag' retrieved from /opt/airflow/dags/dq_etl_dag.py
[2026-04-22T13:30:56.346+0000] {logging_mixin.py:188} INFO - [2026-04-22T13:30:56.346+0000] {dag.py:3089} INFO - Sync 1 DAGs
[2026-04-22T13:30:56.363+0000] {logging_mixin.py:188} INFO - [2026-04-22T13:30:56.363+0000] {dag.py:3947} INFO - Setting next_dagrun for dq_etl_dag to 2026-04-21 03:00:00+00:00, run_after=2026-04-22 03:00:00+00:00
[2026-04-22T13:30:56.377+0000] {processor.py:183} INFO - Processing /opt/airflow/dags/dq_etl_dag.py took 0.078 seconds
[2026-04-22T13:31:27.870+0000] {processor.py:161} INFO - Started process (PID=1389) to work on /opt/airflow/dags/dq_etl_dag.py
[2026-04-22T13:31:27.871+0000] {processor.py:830} INFO - Processing file /opt/airflow/dags/dq_etl_dag.py for tasks to queue
[2026-04-22T13:31:27.872+0000] {logging_mixin.py:188} INFO - [2026-04-22T13:31:27.872+0000] {dagbag.py:545} INFO - Filling up the DagBag from /opt/airflow/dags/dq_etl_dag.py
[2026-04-22T13:31:27.883+0000] {processor.py:840} INFO - DAG(s) 'dq_etl_dag' retrieved from /opt/airflow/dags/dq_etl_dag.py
[2026-04-22T13:31:27.909+0000] {logging_mixin.py:188} INFO - [2026-04-22T13:31:27.909+0000] {dag.py:3089} INFO - Sync 1 DAGs
[2026-04-22T13:31:27.925+0000] {logging_mixin.py:188} INFO - [2026-04-22T13:31:27.925+0000] {dag.py:3947} INFO - Setting next_dagrun for dq_etl_dag to 2026-04-21 03:00:00+00:00, run_after=2026-04-22 03:00:00+00:00
[2026-04-22T13:31:27.943+0000] {processor.py:183} INFO - Processing /opt/airflow/dags/dq_etl_dag.py took 0.078 seconds
[2026-04-22T13:31:59.413+0000] {processor.py:161} INFO - Started process (PID=1406) to work on /opt/airflow/dags/dq_etl_dag.py
[2026-04-22T13:31:59.414+0000] {processor.py:830} INFO - Processing file /opt/airflow/dags/dq_etl_dag.py for tasks to queue
[2026-04-22T13:31:59.415+0000] {logging_mixin.py:188} INFO - [2026-04-22T13:31:59.415+0000] {dagbag.py:545} INFO - Filling up the DagBag from /opt/airflow/dags/dq_etl_dag.py
[2026-04-22T13:31:59.428+0000] {processor.py:840} INFO - DAG(s) 'dq_etl_dag' retrieved from /opt/airflow/dags/dq_etl_dag.py
[2026-04-22T13:31:59.456+0000] {logging_mixin.py:188} INFO - [2026-04-22T13:31:59.456+0000] {dag.py:3089} INFO - Sync 1 DAGs
[2026-04-22T13:31:59.474+0000] {logging_mixin.py:188} INFO - [2026-04-22T13:31:59.474+0000] {dag.py:3947} INFO - Setting next_dagrun for dq_etl_dag to 2026-04-21 03:00:00+00:00, run_after=2026-04-22 03:00:00+00:00
[2026-04-22T13:31:59.490+0000] {processor.py:183} INFO - Processing /opt/airflow/dags/dq_etl_dag.py took 0.082 seconds
[2026-04-22T13:32:30.012+0000] {processor.py:161} INFO - Started process (PID=1423) to work on /opt/airflow/dags/dq_etl_dag.py
[2026-04-22T13:32:30.013+0000] {processor.py:830} INFO - Processing file /opt/airflow/dags/dq_etl_dag.py for tasks to queue
[2026-04-22T13:32:30.015+0000] {logging_mixin.py:188} INFO - [2026-04-22T13:32:30.014+0000] {dagbag.py:545} INFO - Filling up the DagBag from /opt/airflow/dags/dq_etl_dag.py
[2026-04-22T13:32:30.028+0000] {processor.py:840} INFO - DAG(s) 'dq_etl_dag' retrieved from /opt/airflow/dags/dq_etl_dag.py
[2026-04-22T13:32:30.056+0000] {logging_mixin.py:188} INFO - [2026-04-22T13:32:30.056+0000] {dag.py:3089} INFO - Sync 1 DAGs
[2026-04-22T13:32:30.072+0000] {logging_mixin.py:188} INFO - [2026-04-22T13:32:30.072+0000] {dag.py:3947} INFO - Setting next_dagrun for dq_etl_dag to 2026-04-21 03:00:00+00:00, run_after=2026-04-22 03:00:00+00:00
[2026-04-22T13:32:30.089+0000] {processor.py:183} INFO - Processing /opt/airflow/dags/dq_etl_dag.py took 0.082 seconds
[2026-04-22T13:33:01.598+0000] {processor.py:161} INFO - Started process (PID=1440) to work on /opt/airflow/dags/dq_etl_dag.py
[2026-04-22T13:33:01.599+0000] {processor.py:830} INFO - Processing file /opt/airflow/dags/dq_etl_dag.py for tasks to queue
[2026-04-22T13:33:01.601+0000] {logging_mixin.py:188} INFO - [2026-04-22T13:33:01.600+0000] {dagbag.py:545} INFO - Filling up the DagBag from /opt/airflow/dags/dq_etl_dag.py
[2026-04-22T13:33:01.615+0000] {processor.py:840} INFO - DAG(s) 'dq_etl_dag' retrieved from /opt/airflow/dags/dq_etl_dag.py
[2026-04-22T13:33:01.644+0000] {logging_mixin.py:188} INFO - [2026-04-22T13:33:01.644+0000] {dag.py:3089} INFO - Sync 1 DAGs
[2026-04-22T13:33:01.661+0000] {logging_mixin.py:188} INFO - [2026-04-22T13:33:01.661+0000] {dag.py:3947} INFO - Setting next_dagrun for dq_etl_dag to 2026-04-21 03:00:00+00:00, run_after=2026-04-22 03:00:00+00:00
[2026-04-22T13:33:01.675+0000] {processor.py:183} INFO - Processing /opt/airflow/dags/dq_etl_dag.py took 0.081 seconds
[2026-04-22T13:33:33.199+0000] {processor.py:161} INFO - Started process (PID=1457) to work on /opt/airflow/dags/dq_etl_dag.py
[2026-04-22T13:33:33.200+0000] {processor.py:830} INFO - Processing file /opt/airflow/dags/dq_etl_dag.py for tasks to queue
[2026-04-22T13:33:33.202+0000] {logging_mixin.py:188} INFO - [2026-04-22T13:33:33.202+0000] {dagbag.py:545} INFO - Filling up the DagBag from /opt/airflow/dags/dq_etl_dag.py
[2026-04-22T13:33:33.214+0000] {processor.py:840} INFO - DAG(s) 'dq_etl_dag' retrieved from /opt/airflow/dags/dq_etl_dag.py
[2026-04-22T13:33:33.243+0000] {logging_mixin.py:188} INFO - [2026-04-22T13:33:33.242+0000] {dag.py:3089} INFO - Sync 1 DAGs
[2026-04-22T13:33:33.264+0000] {logging_mixin.py:188} INFO - [2026-04-22T13:33:33.264+0000] {dag.py:3947} INFO - Setting next_dagrun for dq_etl_dag to 2026-04-21 03:00:00+00:00, run_after=2026-04-22 03:00:00+00:00
[2026-04-22T13:33:33.280+0000] {processor.py:183} INFO - Processing /opt/airflow/dags/dq_etl_dag.py took 0.085 seconds
[2026-04-22T13:34:04.732+0000] {processor.py:161} INFO - Started process (PID=1475) to work on /opt/airflow/dags/dq_etl_dag.py
[2026-04-22T13:34:04.734+0000] {processor.py:830} INFO - Processing file /opt/airflow/dags/dq_etl_dag.py for tasks to queue
[2026-04-22T13:34:04.735+0000] {logging_mixin.py:188} INFO - [2026-04-22T13:34:04.734+0000] {dagbag.py:545} INFO - Filling up the DagBag from /opt/airflow/dags/dq_etl_dag.py
[2026-04-22T13:34:04.746+0000] {processor.py:840} INFO - DAG(s) 'dq_etl_dag' retrieved from /opt/airflow/dags/dq_etl_dag.py
[2026-04-22T13:34:04.771+0000] {logging_mixin.py:188} INFO - [2026-04-22T13:34:04.771+0000] {dag.py:3089} INFO - Sync 1 DAGs
[2026-04-22T13:34:04.791+0000] {logging_mixin.py:188} INFO - [2026-04-22T13:34:04.791+0000] {dag.py:3947} INFO - Setting next_dagrun for dq_etl_dag to 2026-04-21 03:00:00+00:00, run_after=2026-04-22 03:00:00+00:00
[2026-04-22T13:34:04.810+0000] {processor.py:183} INFO - Processing /opt/airflow/dags/dq_etl_dag.py took 0.082 seconds
[2026-04-22T13:34:36.346+0000] {processor.py:161} INFO - Started process (PID=1492) to work on /opt/airflow/dags/dq_etl_dag.py
[2026-04-22T13:34:36.347+0000] {processor.py:830} INFO - Processing file /opt/airflow/dags/dq_etl_dag.py for tasks to queue
[2026-04-22T13:34:36.348+0000] {logging_mixin.py:188} INFO - [2026-04-22T13:34:36.348+0000] {dagbag.py:545} INFO - Filling up the DagBag from /opt/airflow/dags/dq_etl_dag.py
[2026-04-22T13:34:36.358+0000] {processor.py:840} INFO - DAG(s) 'dq_etl_dag' retrieved from /opt/airflow/dags/dq_etl_dag.py
[2026-04-22T13:34:36.378+0000] {logging_mixin.py:188} INFO - [2026-04-22T13:34:36.378+0000] {dag.py:3089} INFO - Sync 1 DAGs
[2026-04-22T13:34:36.390+0000] {logging_mixin.py:188} INFO - [2026-04-22T13:34:36.390+0000] {dag.py:3947} INFO - Setting next_dagrun for dq_etl_dag to 2026-04-21 03:00:00+00:00, run_after=2026-04-22 03:00:00+00:00
[2026-04-22T13:34:36.398+0000] {processor.py:183} INFO - Processing /opt/airflow/dags/dq_etl_dag.py took 0.055 seconds
[2026-04-22T13:35:07.951+0000] {processor.py:161} INFO - Started process (PID=1509) to work on /opt/airflow/dags/dq_etl_dag.py
[2026-04-22T13:35:07.952+0000] {processor.py:830} INFO - Processing file /opt/airflow/dags/dq_etl_dag.py for tasks to queue
[2026-04-22T13:35:07.953+0000] {logging_mixin.py:188} INFO - [2026-04-22T13:35:07.952+0000] {dagbag.py:545} INFO - Filling up the DagBag from /opt/airflow/dags/dq_etl_dag.py
[2026-04-22T13:35:07.963+0000] {processor.py:840} INFO - DAG(s) 'dq_etl_dag' retrieved from /opt/airflow/dags/dq_etl_dag.py
[2026-04-22T13:35:07.984+0000] {logging_mixin.py:188} INFO - [2026-04-22T13:35:07.983+0000] {dag.py:3089} INFO - Sync 1 DAGs
[2026-04-22T13:35:07.995+0000] {logging_mixin.py:188} INFO - [2026-04-22T13:35:07.995+0000] {dag.py:3947} INFO - Setting next_dagrun for dq_etl_dag to 2026-04-21 03:00:00+00:00, run_after=2026-04-22 03:00:00+00:00
[2026-04-22T13:35:08.005+0000] {processor.py:183} INFO - Processing /opt/airflow/dags/dq_etl_dag.py took 0.058 seconds
[2026-04-22T13:35:38.600+0000] {processor.py:161} INFO - Started process (PID=1526) to work on /opt/airflow/dags/dq_etl_dag.py
[2026-04-22T13:35:38.601+0000] {processor.py:830} INFO - Processing file /opt/airflow/dags/dq_etl_dag.py for tasks to queue
[2026-04-22T13:35:38.601+0000] {logging_mixin.py:188} INFO - [2026-04-22T13:35:38.601+0000] {dagbag.py:545} INFO - Filling up the DagBag from /opt/airflow/dags/dq_etl_dag.py
[2026-04-22T13:35:38.612+0000] {processor.py:840} INFO - DAG(s) 'dq_etl_dag' retrieved from /opt/airflow/dags/dq_etl_dag.py
[2026-04-22T13:35:39.390+0000] {logging_mixin.py:188} INFO - [2026-04-22T13:35:39.390+0000] {dag.py:3089} INFO - Sync 1 DAGs
[2026-04-22T13:35:39.403+0000] {logging_mixin.py:188} INFO - [2026-04-22T13:35:39.403+0000] {dag.py:3947} INFO - Setting next_dagrun for dq_etl_dag to 2026-04-21 03:00:00+00:00, run_after=2026-04-22 03:00:00+00:00
[2026-04-22T13:35:39.413+0000] {processor.py:183} INFO - Processing /opt/airflow/dags/dq_etl_dag.py took 0.060 seconds
[2026-04-22T13:36:11.026+0000] {processor.py:161} INFO - Started process (PID=1543) to work on /opt/airflow/dags/dq_etl_dag.py
[2026-04-22T13:36:11.027+0000] {processor.py:830} INFO - Processing file /opt/airflow/dags/dq_etl_dag.py for tasks to queue
[2026-04-22T13:36:11.028+0000] {logging_mixin.py:188} INFO - [2026-04-22T13:36:11.028+0000] {dagbag.py:545} INFO - Filling up the DagBag from /opt/airflow/dags/dq_etl_dag.py
[2026-04-22T13:36:11.039+0000] {processor.py:840} INFO - DAG(s) 'dq_etl_dag' retrieved from /opt/airflow/dags/dq_etl_dag.py
[2026-04-22T13:36:11.063+0000] {logging_mixin.py:188} INFO - [2026-04-22T13:36:11.063+0000] {dag.py:3089} INFO - Sync 1 DAGs
[2026-04-22T13:36:11.077+0000] {logging_mixin.py:188} INFO - [2026-04-22T13:36:11.077+0000] {dag.py:3947} INFO - Setting next_dagrun for dq_etl_dag to 2026-04-21 03:00:00+00:00, run_after=2026-04-22 03:00:00+00:00
[2026-04-22T13:36:11.089+0000] {processor.py:183} INFO - Processing /opt/airflow/dags/dq_etl_dag.py took 0.067 seconds
[2026-04-22T13:36:42.627+0000] {processor.py:161} INFO - Started process (PID=1560) to work on /opt/airflow/dags/dq_etl_dag.py
[2026-04-22T13:36:42.628+0000] {processor.py:830} INFO - Processing file /opt/airflow/dags/dq_etl_dag.py for tasks to queue
[2026-04-22T13:36:42.629+0000] {logging_mixin.py:188} INFO - [2026-04-22T13:36:42.628+0000] {dagbag.py:545} INFO - Filling up the DagBag from /opt/airflow/dags/dq_etl_dag.py
[2026-04-22T13:36:42.639+0000] {processor.py:840} INFO - DAG(s) 'dq_etl_dag' retrieved from /opt/airflow/dags/dq_etl_dag.py
[2026-04-22T13:36:42.662+0000] {logging_mixin.py:188} INFO - [2026-04-22T13:36:42.662+0000] {dag.py:3089} INFO - Sync 1 DAGs
[2026-04-22T13:36:42.675+0000] {logging_mixin.py:188} INFO - [2026-04-22T13:36:42.675+0000] {dag.py:3947} INFO - Setting next_dagrun for dq_etl_dag to 2026-04-21 03:00:00+00:00, run_after=2026-04-22 03:00:00+00:00
[2026-04-22T13:36:42.684+0000] {processor.py:183} INFO - Processing /opt/airflow/dags/dq_etl_dag.py took 0.061 seconds
[2026-04-22T13:37:13.280+0000] {processor.py:161} INFO - Started process (PID=1577) to work on /opt/airflow/dags/dq_etl_dag.py
[2026-04-22T13:37:13.280+0000] {processor.py:830} INFO - Processing file /opt/airflow/dags/dq_etl_dag.py for tasks to queue
[2026-04-22T13:37:13.281+0000] {logging_mixin.py:188} INFO - [2026-04-22T13:37:13.281+0000] {dagbag.py:545} INFO - Filling up the DagBag from /opt/airflow/dags/dq_etl_dag.py
[2026-04-22T13:37:13.290+0000] {processor.py:840} INFO - DAG(s) 'dq_etl_dag' retrieved from /opt/airflow/dags/dq_etl_dag.py
[2026-04-22T13:37:13.313+0000] {logging_mixin.py:188} INFO - [2026-04-22T13:37:13.313+0000] {dag.py:3089} INFO - Sync 1 DAGs
[2026-04-22T13:37:13.326+0000] {logging_mixin.py:188} INFO - [2026-04-22T13:37:13.326+0000] {dag.py:3947} INFO - Setting next_dagrun for dq_etl_dag to 2026-04-21 03:00:00+00:00, run_after=2026-04-22 03:00:00+00:00
[2026-04-22T13:37:13.335+0000] {processor.py:183} INFO - Processing /opt/airflow/dags/dq_etl_dag.py took 0.059 seconds
[2026-04-22T13:37:44.844+0000] {processor.py:161} INFO - Started process (PID=1594) to work on /opt/airflow/dags/dq_etl_dag.py
[2026-04-22T13:37:44.845+0000] {processor.py:830} INFO - Processing file /opt/airflow/dags/dq_etl_dag.py for tasks to queue
[2026-04-22T13:37:44.846+0000] {logging_mixin.py:188} INFO - [2026-04-22T13:37:44.846+0000] {dagbag.py:545} INFO - Filling up the DagBag from /opt/airflow/dags/dq_etl_dag.py
[2026-04-22T13:37:44.857+0000] {processor.py:840} INFO - DAG(s) 'dq_etl_dag' retrieved from /opt/airflow/dags/dq_etl_dag.py
[2026-04-22T13:37:44.880+0000] {logging_mixin.py:188} INFO - [2026-04-22T13:37:44.880+0000] {dag.py:3089} INFO - Sync 1 DAGs
[2026-04-22T13:37:44.893+0000] {logging_mixin.py:188} INFO - [2026-04-22T13:37:44.893+0000] {dag.py:3947} INFO - Setting next_dagrun for dq_etl_dag to 2026-04-21 03:00:00+00:00, run_after=2026-04-22 03:00:00+00:00
[2026-04-22T13:37:44.905+0000] {processor.py:183} INFO - Processing /opt/airflow/dags/dq_etl_dag.py took 0.065 seconds
[2026-04-22T13:38:16.360+0000] {processor.py:161} INFO - Started process (PID=1611) to work on /opt/airflow/dags/dq_etl_dag.py
[2026-04-22T13:38:16.360+0000] {processor.py:830} INFO - Processing file /opt/airflow/dags/dq_etl_dag.py for tasks to queue
[2026-04-22T13:38:16.361+0000] {logging_mixin.py:188} INFO - [2026-04-22T13:38:16.361+0000] {dagbag.py:545} INFO - Filling up the DagBag from /opt/airflow/dags/dq_etl_dag.py
[2026-04-22T13:38:16.370+0000] {processor.py:840} INFO - DAG(s) 'dq_etl_dag' retrieved from /opt/airflow/dags/dq_etl_dag.py
[2026-04-22T13:38:16.390+0000] {logging_mixin.py:188} INFO - [2026-04-22T13:38:16.390+0000] {dag.py:3089} INFO - Sync 1 DAGs
[2026-04-22T13:38:16.402+0000] {logging_mixin.py:188} INFO - [2026-04-22T13:38:16.402+0000] {dag.py:3947} INFO - Setting next_dagrun for dq_etl_dag to 2026-04-21 03:00:00+00:00, run_after=2026-04-22 03:00:00+00:00
[2026-04-22T13:38:16.411+0000] {processor.py:183} INFO - Processing /opt/airflow/dags/dq_etl_dag.py took 0.055 seconds
[2026-04-22T13:38:47.967+0000] {processor.py:161} INFO - Started process (PID=1628) to work on /opt/airflow/dags/dq_etl_dag.py
[2026-04-22T13:38:47.968+0000] {processor.py:830} INFO - Processing file /opt/airflow/dags/dq_etl_dag.py for tasks to queue
[2026-04-22T13:38:47.969+0000] {logging_mixin.py:188} INFO - [2026-04-22T13:38:47.969+0000] {dagbag.py:545} INFO - Filling up the DagBag from /opt/airflow/dags/dq_etl_dag.py
[2026-04-22T13:38:47.978+0000] {processor.py:840} INFO - DAG(s) 'dq_etl_dag' retrieved from /opt/airflow/dags/dq_etl_dag.py
[2026-04-22T13:38:48.003+0000] {logging_mixin.py:188} INFO - [2026-04-22T13:38:48.003+0000] {dag.py:3089} INFO - Sync 1 DAGs
[2026-04-22T13:38:48.016+0000] {logging_mixin.py:188} INFO - [2026-04-22T13:38:48.016+0000] {dag.py:3947} INFO - Setting next_dagrun for dq_etl_dag to 2026-04-21 03:00:00+00:00, run_after=2026-04-22 03:00:00+00:00
[2026-04-22T13:38:48.029+0000] {processor.py:183} INFO - Processing /opt/airflow/dags/dq_etl_dag.py took 0.066 seconds
[2026-04-22T13:39:19.546+0000] {processor.py:161} INFO - Started process (PID=1645) to work on /opt/airflow/dags/dq_etl_dag.py
[2026-04-22T13:39:19.546+0000] {processor.py:830} INFO - Processing file /opt/airflow/dags/dq_etl_dag.py for tasks to queue
[2026-04-22T13:39:19.547+0000] {logging_mixin.py:188} INFO - [2026-04-22T13:39:19.547+0000] {dagbag.py:545} INFO - Filling up the DagBag from /opt/airflow/dags/dq_etl_dag.py
[2026-04-22T13:39:19.561+0000] {processor.py:840} INFO - DAG(s) 'dq_etl_dag' retrieved from /opt/airflow/dags/dq_etl_dag.py
[2026-04-22T13:39:19.584+0000] {logging_mixin.py:188} INFO - [2026-04-22T13:39:19.584+0000] {dag.py:3089} INFO - Sync 1 DAGs
[2026-04-22T13:39:19.597+0000] {logging_mixin.py:188} INFO - [2026-04-22T13:39:19.597+0000] {dag.py:3947} INFO - Setting next_dagrun for dq_etl_dag to 2026-04-21 03:00:00+00:00, run_after=2026-04-22 03:00:00+00:00
[2026-04-22T13:39:19.605+0000] {processor.py:183} INFO - Processing /opt/airflow/dags/dq_etl_dag.py took 0.063 seconds
[2026-04-22T13:39:51.163+0000] {processor.py:161} INFO - Started process (PID=1662) to work on /opt/airflow/dags/dq_etl_dag.py
[2026-04-22T13:39:51.163+0000] {processor.py:830} INFO - Processing file /opt/airflow/dags/dq_etl_dag.py for tasks to queue
[2026-04-22T13:39:51.164+0000] {logging_mixin.py:188} INFO - [2026-04-22T13:39:51.164+0000] {dagbag.py:545} INFO - Filling up the DagBag from /opt/airflow/dags/dq_etl_dag.py
[2026-04-22T13:39:51.174+0000] {processor.py:840} INFO - DAG(s) 'dq_etl_dag' retrieved from /opt/airflow/dags/dq_etl_dag.py
[2026-04-22T13:39:51.194+0000] {logging_mixin.py:188} INFO - [2026-04-22T13:39:51.194+0000] {dag.py:3089} INFO - Sync 1 DAGs
[2026-04-22T13:39:51.206+0000] {logging_mixin.py:188} INFO - [2026-04-22T13:39:51.206+0000] {dag.py:3947} INFO - Setting next_dagrun for dq_etl_dag to 2026-04-21 03:00:00+00:00, run_after=2026-04-22 03:00:00+00:00
[2026-04-22T13:39:51.216+0000] {processor.py:183} INFO - Processing /opt/airflow/dags/dq_etl_dag.py took 0.056 seconds
[2026-04-22T13:40:22.707+0000] {processor.py:161} INFO - Started process (PID=1679) to work on /opt/airflow/dags/dq_etl_dag.py
[2026-04-22T13:40:22.708+0000] {processor.py:830} INFO - Processing file /opt/airflow/dags/dq_etl_dag.py for tasks to queue
[2026-04-22T13:40:22.709+0000] {logging_mixin.py:188} INFO - [2026-04-22T13:40:22.709+0000] {dagbag.py:545} INFO - Filling up the DagBag from /opt/airflow/dags/dq_etl_dag.py
[2026-04-22T13:40:22.717+0000] {processor.py:840} INFO - DAG(s) 'dq_etl_dag' retrieved from /opt/airflow/dags/dq_etl_dag.py
[2026-04-22T13:40:22.737+0000] {logging_mixin.py:188} INFO - [2026-04-22T13:40:22.737+0000] {dag.py:3089} INFO - Sync 1 DAGs
[2026-04-22T13:40:22.749+0000] {logging_mixin.py:188} INFO - [2026-04-22T13:40:22.748+0000] {dag.py:3947} INFO - Setting next_dagrun for dq_etl_dag to 2026-04-21 03:00:00+00:00, run_after=2026-04-22 03:00:00+00:00
[2026-04-22T13:40:22.758+0000] {processor.py:183} INFO - Processing /opt/airflow/dags/dq_etl_dag.py took 0.054 seconds
[2026-04-22T13:40:54.319+0000] {processor.py:161} INFO - Started process (PID=1696) to work on /opt/airflow/dags/dq_etl_dag.py
[2026-04-22T13:40:54.320+0000] {processor.py:830} INFO - Processing file /opt/airflow/dags/dq_etl_dag.py for tasks to queue
[2026-04-22T13:40:54.321+0000] {logging_mixin.py:188} INFO - [2026-04-22T13:40:54.321+0000] {dagbag.py:545} INFO - Filling up the DagBag from /opt/airflow/dags/dq_etl_dag.py
[2026-04-22T13:40:54.330+0000] {processor.py:840} INFO - DAG(s) 'dq_etl_dag' retrieved from /opt/airflow/dags/dq_etl_dag.py
[2026-04-22T13:40:54.350+0000] {logging_mixin.py:188} INFO - [2026-04-22T13:40:54.350+0000] {dag.py:3089} INFO - Sync 1 DAGs
[2026-04-22T13:40:54.362+0000] {logging_mixin.py:188} INFO - [2026-04-22T13:40:54.362+0000] {dag.py:3947} INFO - Setting next_dagrun for dq_etl_dag to 2026-04-21 03:00:00+00:00, run_after=2026-04-22 03:00:00+00:00
[2026-04-22T13:40:54.371+0000] {processor.py:183} INFO - Processing /opt/airflow/dags/dq_etl_dag.py took 0.056 seconds
[2026-04-22T13:41:25.884+0000] {processor.py:161} INFO - Started process (PID=1713) to work on /opt/airflow/dags/dq_etl_dag.py
[2026-04-22T13:41:25.886+0000] {processor.py:830} INFO - Processing file /opt/airflow/dags/dq_etl_dag.py for tasks to queue
[2026-04-22T13:41:25.887+0000] {logging_mixin.py:188} INFO - [2026-04-22T13:41:25.886+0000] {dagbag.py:545} INFO - Filling up the DagBag from /opt/airflow/dags/dq_etl_dag.py
[2026-04-22T13:41:25.895+0000] {processor.py:840} INFO - DAG(s) 'dq_etl_dag' retrieved from /opt/airflow/dags/dq_etl_dag.py
[2026-04-22T13:41:25.916+0000] {logging_mixin.py:188} INFO - [2026-04-22T13:41:25.916+0000] {dag.py:3089} INFO - Sync 1 DAGs
[2026-04-22T13:41:25.928+0000] {logging_mixin.py:188} INFO - [2026-04-22T13:41:25.928+0000] {dag.py:3947} INFO - Setting next_dagrun for dq_etl_dag to 2026-04-21 03:00:00+00:00, run_after=2026-04-22 03:00:00+00:00
[2026-04-22T13:41:25.938+0000] {processor.py:183} INFO - Processing /opt/airflow/dags/dq_etl_dag.py took 0.057 seconds
[2026-04-22T13:41:56.513+0000] {processor.py:161} INFO - Started process (PID=1730) to work on /opt/airflow/dags/dq_etl_dag.py
[2026-04-22T13:41:56.514+0000] {processor.py:830} INFO - Processing file /opt/airflow/dags/dq_etl_dag.py for tasks to queue
[2026-04-22T13:41:56.515+0000] {logging_mixin.py:188} INFO - [2026-04-22T13:41:56.514+0000] {dagbag.py:545} INFO - Filling up the DagBag from /opt/airflow/dags/dq_etl_dag.py
[2026-04-22T13:41:56.524+0000] {processor.py:840} INFO - DAG(s) 'dq_etl_dag' retrieved from /opt/airflow/dags/dq_etl_dag.py
[2026-04-22T13:41:56.545+0000] {logging_mixin.py:188} INFO - [2026-04-22T13:41:56.545+0000] {dag.py:3089} INFO - Sync 1 DAGs
[2026-04-22T13:41:56.556+0000] {logging_mixin.py:188} INFO - [2026-04-22T13:41:56.556+0000] {dag.py:3947} INFO - Setting next_dagrun for dq_etl_dag to 2026-04-21 03:00:00+00:00, run_after=2026-04-22 03:00:00+00:00
[2026-04-22T13:41:56.567+0000] {processor.py:183} INFO - Processing /opt/airflow/dags/dq_etl_dag.py took 0.057 seconds
[2026-04-22T13:42:28.074+0000] {processor.py:161} INFO - Started process (PID=1747) to work on /opt/airflow/dags/dq_etl_dag.py
[2026-04-22T13:42:28.075+0000] {processor.py:830} INFO - Processing file /opt/airflow/dags/dq_etl_dag.py for tasks to queue
[2026-04-22T13:42:28.076+0000] {logging_mixin.py:188} INFO - [2026-04-22T13:42:28.076+0000] {dagbag.py:545} INFO - Filling up the DagBag from /opt/airflow/dags/dq_etl_dag.py
[2026-04-22T13:42:28.088+0000] {processor.py:840} INFO - DAG(s) 'dq_etl_dag' retrieved from /opt/airflow/dags/dq_etl_dag.py
[2026-04-22T13:42:28.112+0000] {logging_mixin.py:188} INFO - [2026-04-22T13:42:28.112+0000] {dag.py:3089} INFO - Sync 1 DAGs
[2026-04-22T13:42:28.127+0000] {logging_mixin.py:188} INFO - [2026-04-22T13:42:28.127+0000] {dag.py:3947} INFO - Setting next_dagrun for dq_etl_dag to 2026-04-21 03:00:00+00:00, run_after=2026-04-22 03:00:00+00:00
[2026-04-22T13:42:28.139+0000] {processor.py:183} INFO - Processing /opt/airflow/dags/dq_etl_dag.py took 0.069 seconds
[2026-04-22T13:42:59.694+0000] {processor.py:161} INFO - Started process (PID=1764) to work on /opt/airflow/dags/dq_etl_dag.py
[2026-04-22T13:42:59.694+0000] {processor.py:830} INFO - Processing file /opt/airflow/dags/dq_etl_dag.py for tasks to queue
[2026-04-22T13:42:59.695+0000] {logging_mixin.py:188} INFO - [2026-04-22T13:42:59.695+0000] {dagbag.py:545} INFO - Filling up the DagBag from /opt/airflow/dags/dq_etl_dag.py
[2026-04-22T13:42:59.704+0000] {processor.py:840} INFO - DAG(s) 'dq_etl_dag' retrieved from /opt/airflow/dags/dq_etl_dag.py
[2026-04-22T13:42:59.725+0000] {logging_mixin.py:188} INFO - [2026-04-22T13:42:59.725+0000] {dag.py:3089} INFO - Sync 1 DAGs
[2026-04-22T13:42:59.738+0000] {logging_mixin.py:188} INFO - [2026-04-22T13:42:59.738+0000] {dag.py:3947} INFO - Setting next_dagrun for dq_etl_dag to 2026-04-21 03:00:00+00:00, run_after=2026-04-22 03:00:00+00:00
[2026-04-22T13:42:59.748+0000] {processor.py:183} INFO - Processing /opt/airflow/dags/dq_etl_dag.py took 0.058 seconds
[2026-04-22T13:43:31.302+0000] {processor.py:161} INFO - Started process (PID=1781) to work on /opt/airflow/dags/dq_etl_dag.py
[2026-04-22T13:43:31.303+0000] {processor.py:830} INFO - Processing file /opt/airflow/dags/dq_etl_dag.py for tasks to queue
[2026-04-22T13:43:31.304+0000] {logging_mixin.py:188} INFO - [2026-04-22T13:43:31.304+0000] {dagbag.py:545} INFO - Filling up the DagBag from /opt/airflow/dags/dq_etl_dag.py
[2026-04-22T13:43:31.314+0000] {processor.py:840} INFO - DAG(s) 'dq_etl_dag' retrieved from /opt/airflow/dags/dq_etl_dag.py
[2026-04-22T13:43:31.335+0000] {logging_mixin.py:188} INFO - [2026-04-22T13:43:31.334+0000] {dag.py:3089} INFO - Sync 1 DAGs
[2026-04-22T13:43:31.347+0000] {logging_mixin.py:188} INFO - [2026-04-22T13:43:31.347+0000] {dag.py:3947} INFO - Setting next_dagrun for dq_etl_dag to 2026-04-21 03:00:00+00:00, run_after=2026-04-22 03:00:00+00:00
[2026-04-22T13:43:31.356+0000] {processor.py:183} INFO - Processing /opt/airflow/dags/dq_etl_dag.py took 0.057 seconds
[2026-04-22T13:44:02.900+0000] {processor.py:161} INFO - Started process (PID=1798) to work on /opt/airflow/dags/dq_etl_dag.py
[2026-04-22T13:44:02.900+0000] {processor.py:830} INFO - Processing file /opt/airflow/dags/dq_etl_dag.py for tasks to queue
[2026-04-22T13:44:02.901+0000] {logging_mixin.py:188} INFO - [2026-04-22T13:44:02.901+0000] {dagbag.py:545} INFO - Filling up the DagBag from /opt/airflow/dags/dq_etl_dag.py
[2026-04-22T13:44:02.910+0000] {processor.py:840} INFO - DAG(s) 'dq_etl_dag' retrieved from /opt/airflow/dags/dq_etl_dag.py
[2026-04-22T13:44:02.931+0000] {logging_mixin.py:188} INFO - [2026-04-22T13:44:02.931+0000] {dag.py:3089} INFO - Sync 1 DAGs
[2026-04-22T13:44:02.943+0000] {logging_mixin.py:188} INFO - [2026-04-22T13:44:02.943+0000] {dag.py:3947} INFO - Setting next_dagrun for dq_etl_dag to 2026-04-21 03:00:00+00:00, run_after=2026-04-22 03:00:00+00:00
[2026-04-22T13:44:02.954+0000] {processor.py:183} INFO - Processing /opt/airflow/dags/dq_etl_dag.py took 0.057 seconds
[2026-04-22T13:44:34.493+0000] {processor.py:161} INFO - Started process (PID=1815) to work on /opt/airflow/dags/dq_etl_dag.py
[2026-04-22T13:44:34.495+0000] {processor.py:830} INFO - Processing file /opt/airflow/dags/dq_etl_dag.py for tasks to queue
[2026-04-22T13:44:34.495+0000] {logging_mixin.py:188} INFO - [2026-04-22T13:44:34.495+0000] {dagbag.py:545} INFO - Filling up the DagBag from /opt/airflow/dags/dq_etl_dag.py
[2026-04-22T13:44:34.503+0000] {processor.py:840} INFO - DAG(s) 'dq_etl_dag' retrieved from /opt/airflow/dags/dq_etl_dag.py
[2026-04-22T13:44:34.524+0000] {logging_mixin.py:188} INFO - [2026-04-22T13:44:34.524+0000] {dag.py:3089} INFO - Sync 1 DAGs
[2026-04-22T13:44:34.535+0000] {logging_mixin.py:188} INFO - [2026-04-22T13:44:34.535+0000] {dag.py:3947} INFO - Setting next_dagrun for dq_etl_dag to 2026-04-21 03:00:00+00:00, run_after=2026-04-22 03:00:00+00:00
[2026-04-22T13:44:34.545+0000] {processor.py:183} INFO - Processing /opt/airflow/dags/dq_etl_dag.py took 0.055 seconds
[2026-04-22T13:45:06.094+0000] {processor.py:161} INFO - Started process (PID=1832) to work on /opt/airflow/dags/dq_etl_dag.py
[2026-04-22T13:45:06.094+0000] {processor.py:830} INFO - Processing file /opt/airflow/dags/dq_etl_dag.py for tasks to queue
[2026-04-22T13:45:06.095+0000] {logging_mixin.py:188} INFO - [2026-04-22T13:45:06.095+0000] {dagbag.py:545} INFO - Filling up the DagBag from /opt/airflow/dags/dq_etl_dag.py
[2026-04-22T13:45:06.103+0000] {processor.py:840} INFO - DAG(s) 'dq_etl_dag' retrieved from /opt/airflow/dags/dq_etl_dag.py
[2026-04-22T13:45:06.125+0000] {logging_mixin.py:188} INFO - [2026-04-22T13:45:06.125+0000] {dag.py:3089} INFO - Sync 1 DAGs
[2026-04-22T13:45:06.136+0000] {logging_mixin.py:188} INFO - [2026-04-22T13:45:06.136+0000] {dag.py:3947} INFO - Setting next_dagrun for dq_etl_dag to 2026-04-21 03:00:00+00:00, run_after=2026-04-22 03:00:00+00:00
[2026-04-22T13:45:06.145+0000] {processor.py:183} INFO - Processing /opt/airflow/dags/dq_etl_dag.py took 0.055 seconds
[2026-04-22T13:45:37.712+0000] {processor.py:161} INFO - Started process (PID=1849) to work on /opt/airflow/dags/dq_etl_dag.py
[2026-04-22T13:45:37.713+0000] {processor.py:830} INFO - Processing file /opt/airflow/dags/dq_etl_dag.py for tasks to queue
[2026-04-22T13:45:37.714+0000] {logging_mixin.py:188} INFO - [2026-04-22T13:45:37.714+0000] {dagbag.py:545} INFO - Filling up the DagBag from /opt/airflow/dags/dq_etl_dag.py
[2026-04-22T13:45:37.722+0000] {processor.py:840} INFO - DAG(s) 'dq_etl_dag' retrieved from /opt/airflow/dags/dq_etl_dag.py
[2026-04-22T13:45:37.740+0000] {logging_mixin.py:188} INFO - [2026-04-22T13:45:37.740+0000] {dag.py:3089} INFO - Sync 1 DAGs
[2026-04-22T13:45:37.751+0000] {logging_mixin.py:188} INFO - [2026-04-22T13:45:37.751+0000] {dag.py:3947} INFO - Setting next_dagrun for dq_etl_dag to 2026-04-21 03:00:00+00:00, run_after=2026-04-22 03:00:00+00:00
[2026-04-22T13:45:37.761+0000] {processor.py:183} INFO - Processing /opt/airflow/dags/dq_etl_dag.py took 0.052 seconds
[2026-04-22T13:46:09.321+0000] {processor.py:161} INFO - Started process (PID=1865) to work on /opt/airflow/dags/dq_etl_dag.py
[2026-04-22T13:46:09.321+0000] {processor.py:830} INFO - Processing file /opt/airflow/dags/dq_etl_dag.py for tasks to queue
[2026-04-22T13:46:09.322+0000] {logging_mixin.py:188} INFO - [2026-04-22T13:46:09.322+0000] {dagbag.py:545} INFO - Filling up the DagBag from /opt/airflow/dags/dq_etl_dag.py
[2026-04-22T13:46:09.331+0000] {processor.py:840} INFO - DAG(s) 'dq_etl_dag' retrieved from /opt/airflow/dags/dq_etl_dag.py
[2026-04-22T13:46:09.354+0000] {logging_mixin.py:188} INFO - [2026-04-22T13:46:09.354+0000] {dag.py:3089} INFO - Sync 1 DAGs
[2026-04-22T13:46:09.366+0000] {logging_mixin.py:188} INFO - [2026-04-22T13:46:09.366+0000] {dag.py:3947} INFO - Setting next_dagrun for dq_etl_dag to 2026-04-21 03:00:00+00:00, run_after=2026-04-22 03:00:00+00:00
[2026-04-22T13:46:09.375+0000] {processor.py:183} INFO - Processing /opt/airflow/dags/dq_etl_dag.py took 0.058 seconds
[2026-04-22T13:46:40.922+0000] {processor.py:161} INFO - Started process (PID=1882) to work on /opt/airflow/dags/dq_etl_dag.py
[2026-04-22T13:46:40.922+0000] {processor.py:830} INFO - Processing file /opt/airflow/dags/dq_etl_dag.py for tasks to queue
[2026-04-22T13:46:40.923+0000] {logging_mixin.py:188} INFO - [2026-04-22T13:46:40.923+0000] {dagbag.py:545} INFO - Filling up the DagBag from /opt/airflow/dags/dq_etl_dag.py
[2026-04-22T13:46:40.931+0000] {processor.py:840} INFO - DAG(s) 'dq_etl_dag' retrieved from /opt/airflow/dags/dq_etl_dag.py
[2026-04-22T13:46:40.951+0000] {logging_mixin.py:188} INFO - [2026-04-22T13:46:40.951+0000] {dag.py:3089} INFO - Sync 1 DAGs
[2026-04-22T13:46:40.963+0000] {logging_mixin.py:188} INFO - [2026-04-22T13:46:40.963+0000] {dag.py:3947} INFO - Setting next_dagrun for dq_etl_dag to 2026-04-21 03:00:00+00:00, run_after=2026-04-22 03:00:00+00:00
[2026-04-22T13:46:40.973+0000] {processor.py:183} INFO - Processing /opt/airflow/dags/dq_etl_dag.py took 0.054 seconds
[2026-04-22T13:47:11.549+0000] {processor.py:161} INFO - Started process (PID=1899) to work on /opt/airflow/dags/dq_etl_dag.py
[2026-04-22T13:47:11.550+0000] {processor.py:830} INFO - Processing file /opt/airflow/dags/dq_etl_dag.py for tasks to queue
[2026-04-22T13:47:11.551+0000] {logging_mixin.py:188} INFO - [2026-04-22T13:47:11.551+0000] {dagbag.py:545} INFO - Filling up the DagBag from /opt/airflow/dags/dq_etl_dag.py
[2026-04-22T13:47:11.559+0000] {processor.py:840} INFO - DAG(s) 'dq_etl_dag' retrieved from /opt/airflow/dags/dq_etl_dag.py
[2026-04-22T13:47:11.579+0000] {logging_mixin.py:188} INFO - [2026-04-22T13:47:11.579+0000] {dag.py:3089} INFO - Sync 1 DAGs
[2026-04-22T13:47:11.590+0000] {logging_mixin.py:188} INFO - [2026-04-22T13:47:11.590+0000] {dag.py:3947} INFO - Setting next_dagrun for dq_etl_dag to 2026-04-21 03:00:00+00:00, run_after=2026-04-22 03:00:00+00:00
[2026-04-22T13:47:11.599+0000] {processor.py:183} INFO - Processing /opt/airflow/dags/dq_etl_dag.py took 0.053 seconds
[2026-04-22T13:47:43.174+0000] {processor.py:161} INFO - Started process (PID=1916) to work on /opt/airflow/dags/dq_etl_dag.py
[2026-04-22T13:47:43.174+0000] {processor.py:830} INFO - Processing file /opt/airflow/dags/dq_etl_dag.py for tasks to queue
[2026-04-22T13:47:43.175+0000] {logging_mixin.py:188} INFO - [2026-04-22T13:47:43.175+0000] {dagbag.py:545} INFO - Filling up the DagBag from /opt/airflow/dags/dq_etl_dag.py
[2026-04-22T13:47:43.184+0000] {processor.py:840} INFO - DAG(s) 'dq_etl_dag' retrieved from /opt/airflow/dags/dq_etl_dag.py
[2026-04-22T13:47:43.204+0000] {logging_mixin.py:188} INFO - [2026-04-22T13:47:43.204+0000] {dag.py:3089} INFO - Sync 1 DAGs
[2026-04-22T13:47:43.215+0000] {logging_mixin.py:188} INFO - [2026-04-22T13:47:43.215+0000] {dag.py:3947} INFO - Setting next_dagrun for dq_etl_dag to 2026-04-21 03:00:00+00:00, run_after=2026-04-22 03:00:00+00:00
[2026-04-22T13:47:43.224+0000] {processor.py:183} INFO - Processing /opt/airflow/dags/dq_etl_dag.py took 0.053 seconds
[2026-04-22T13:48:14.776+0000] {processor.py:161} INFO - Started process (PID=1933) to work on /opt/airflow/dags/dq_etl_dag.py
[2026-04-22T13:48:14.777+0000] {processor.py:830} INFO - Processing file /opt/airflow/dags/dq_etl_dag.py for tasks to queue
[2026-04-22T13:48:14.778+0000] {logging_mixin.py:188} INFO - [2026-04-22T13:48:14.778+0000] {dagbag.py:545} INFO - Filling up the DagBag from /opt/airflow/dags/dq_etl_dag.py
[2026-04-22T13:48:14.786+0000] {processor.py:840} INFO - DAG(s) 'dq_etl_dag' retrieved from /opt/airflow/dags/dq_etl_dag.py
[2026-04-22T13:48:14.807+0000] {logging_mixin.py:188} INFO - [2026-04-22T13:48:14.807+0000] {dag.py:3089} INFO - Sync 1 DAGs
[2026-04-22T13:48:14.819+0000] {logging_mixin.py:188} INFO - [2026-04-22T13:48:14.819+0000] {dag.py:3947} INFO - Setting next_dagrun for dq_etl_dag to 2026-04-21 03:00:00+00:00, run_after=2026-04-22 03:00:00+00:00
[2026-04-22T13:48:14.830+0000] {processor.py:183} INFO - Processing /opt/airflow/dags/dq_etl_dag.py took 0.057 seconds
[2026-04-22T13:48:46.388+0000] {processor.py:161} INFO - Started process (PID=1950) to work on /opt/airflow/dags/dq_etl_dag.py
[2026-04-22T13:48:46.389+0000] {processor.py:830} INFO - Processing file /opt/airflow/dags/dq_etl_dag.py for tasks to queue
[2026-04-22T13:48:46.390+0000] {logging_mixin.py:188} INFO - [2026-04-22T13:48:46.389+0000] {dagbag.py:545} INFO - Filling up the DagBag from /opt/airflow/dags/dq_etl_dag.py
[2026-04-22T13:48:46.398+0000] {processor.py:840} INFO - DAG(s) 'dq_etl_dag' retrieved from /opt/airflow/dags/dq_etl_dag.py
[2026-04-22T13:48:46.416+0000] {logging_mixin.py:188} INFO - [2026-04-22T13:48:46.416+0000] {dag.py:3089} INFO - Sync 1 DAGs
[2026-04-22T13:48:46.428+0000] {logging_mixin.py:188} INFO - [2026-04-22T13:48:46.428+0000] {dag.py:3947} INFO - Setting next_dagrun for dq_etl_dag to 2026-04-21 03:00:00+00:00, run_after=2026-04-22 03:00:00+00:00
[2026-04-22T13:48:46.437+0000] {processor.py:183} INFO - Processing /opt/airflow/dags/dq_etl_dag.py took 0.053 seconds
[2026-04-22T13:49:18.029+0000] {processor.py:161} INFO - Started process (PID=1967) to work on /opt/airflow/dags/dq_etl_dag.py
[2026-04-22T13:49:18.030+0000] {processor.py:830} INFO - Processing file /opt/airflow/dags/dq_etl_dag.py for tasks to queue
[2026-04-22T13:49:18.031+0000] {logging_mixin.py:188} INFO - [2026-04-22T13:49:18.030+0000] {dagbag.py:545} INFO - Filling up the DagBag from /opt/airflow/dags/dq_etl_dag.py
[2026-04-22T13:49:18.040+0000] {processor.py:840} INFO - DAG(s) 'dq_etl_dag' retrieved from /opt/airflow/dags/dq_etl_dag.py
[2026-04-22T13:49:18.061+0000] {logging_mixin.py:188} INFO - [2026-04-22T13:49:18.061+0000] {dag.py:3089} INFO - Sync 1 DAGs
[2026-04-22T13:49:18.073+0000] {logging_mixin.py:188} INFO - [2026-04-22T13:49:18.073+0000] {dag.py:3947} INFO - Setting next_dagrun for dq_etl_dag to 2026-04-21 03:00:00+00:00, run_after=2026-04-22 03:00:00+00:00
[2026-04-22T13:49:18.083+0000] {processor.py:183} INFO - Processing /opt/airflow/dags/dq_etl_dag.py took 0.058 seconds
[2026-04-22T13:49:49.655+0000] {processor.py:161} INFO - Started process (PID=1984) to work on /opt/airflow/dags/dq_etl_dag.py
[2026-04-22T13:49:49.655+0000] {processor.py:830} INFO - Processing file /opt/airflow/dags/dq_etl_dag.py for tasks to queue
[2026-04-22T13:49:49.656+0000] {logging_mixin.py:188} INFO - [2026-04-22T13:49:49.656+0000] {dagbag.py:545} INFO - Filling up the DagBag from /opt/airflow/dags/dq_etl_dag.py
[2026-04-22T13:49:49.665+0000] {processor.py:840} INFO - DAG(s) 'dq_etl_dag' retrieved from /opt/airflow/dags/dq_etl_dag.py
[2026-04-22T13:49:49.685+0000] {logging_mixin.py:188} INFO - [2026-04-22T13:49:49.685+0000] {dag.py:3089} INFO - Sync 1 DAGs
[2026-04-22T13:49:49.697+0000] {logging_mixin.py:188} INFO - [2026-04-22T13:49:49.697+0000] {dag.py:3947} INFO - Setting next_dagrun for dq_etl_dag to 2026-04-21 03:00:00+00:00, run_after=2026-04-22 03:00:00+00:00
[2026-04-22T13:49:49.707+0000] {processor.py:183} INFO - Processing /opt/airflow/dags/dq_etl_dag.py took 0.056 seconds
[2026-04-22T13:50:21.430+0000] {processor.py:161} INFO - Started process (PID=2001) to work on /opt/airflow/dags/dq_etl_dag.py
[2026-04-22T13:50:21.430+0000] {processor.py:830} INFO - Processing file /opt/airflow/dags/dq_etl_dag.py for tasks to queue
[2026-04-22T13:50:21.431+0000] {logging_mixin.py:188} INFO - [2026-04-22T13:50:21.431+0000] {dagbag.py:545} INFO - Filling up the DagBag from /opt/airflow/dags/dq_etl_dag.py
[2026-04-22T13:50:21.440+0000] {processor.py:840} INFO - DAG(s) 'dq_etl_dag' retrieved from /opt/airflow/dags/dq_etl_dag.py
[2026-04-22T13:50:21.460+0000] {logging_mixin.py:188} INFO - [2026-04-22T13:50:21.460+0000] {dag.py:3089} INFO - Sync 1 DAGs
[2026-04-22T13:50:21.472+0000] {logging_mixin.py:188} INFO - [2026-04-22T13:50:21.472+0000] {dag.py:3947} INFO - Setting next_dagrun for dq_etl_dag to 2026-04-21 03:00:00+00:00, run_after=2026-04-22 03:00:00+00:00
[2026-04-22T13:50:21.483+0000] {processor.py:183} INFO - Processing /opt/airflow/dags/dq_etl_dag.py took 0.056 seconds
[2026-04-22T13:50:52.889+0000] {processor.py:161} INFO - Started process (PID=2018) to work on /opt/airflow/dags/dq_etl_dag.py
[2026-04-22T13:50:52.889+0000] {processor.py:830} INFO - Processing file /opt/airflow/dags/dq_etl_dag.py for tasks to queue
[2026-04-22T13:50:52.890+0000] {logging_mixin.py:188} INFO - [2026-04-22T13:50:52.890+0000] {dagbag.py:545} INFO - Filling up the DagBag from /opt/airflow/dags/dq_etl_dag.py
[2026-04-22T13:50:52.899+0000] {processor.py:840} INFO - DAG(s) 'dq_etl_dag' retrieved from /opt/airflow/dags/dq_etl_dag.py
[2026-04-22T13:50:52.918+0000] {logging_mixin.py:188} INFO - [2026-04-22T13:50:52.918+0000] {dag.py:3089} INFO - Sync 1 DAGs
[2026-04-22T13:50:52.929+0000] {logging_mixin.py:188} INFO - [2026-04-22T13:50:52.929+0000] {dag.py:3947} INFO - Setting next_dagrun for dq_etl_dag to 2026-04-21 03:00:00+00:00, run_after=2026-04-22 03:00:00+00:00
[2026-04-22T13:50:52.939+0000] {processor.py:183} INFO - Processing /opt/airflow/dags/dq_etl_dag.py took 0.053 seconds
[2026-04-22T13:51:24.573+0000] {processor.py:161} INFO - Started process (PID=2035) to work on /opt/airflow/dags/dq_etl_dag.py
[2026-04-22T13:51:24.574+0000] {processor.py:830} INFO - Processing file /opt/airflow/dags/dq_etl_dag.py for tasks to queue
[2026-04-22T13:51:24.575+0000] {logging_mixin.py:188} INFO - [2026-04-22T13:51:24.575+0000] {dagbag.py:545} INFO - Filling up the DagBag from /opt/airflow/dags/dq_etl_dag.py
[2026-04-22T13:51:24.583+0000] {processor.py:840} INFO - DAG(s) 'dq_etl_dag' retrieved from /opt/airflow/dags/dq_etl_dag.py
[2026-04-22T13:51:24.603+0000] {logging_mixin.py:188} INFO - [2026-04-22T13:51:24.602+0000] {dag.py:3089} INFO - Sync 1 DAGs
[2026-04-22T13:51:24.614+0000] {logging_mixin.py:188} INFO - [2026-04-22T13:51:24.614+0000] {dag.py:3947} INFO - Setting next_dagrun for dq_etl_dag to 2026-04-21 03:00:00+00:00, run_after=2026-04-22 03:00:00+00:00
[2026-04-22T13:51:24.623+0000] {processor.py:183} INFO - Processing /opt/airflow/dags/dq_etl_dag.py took 0.052 seconds
[2026-04-22T13:51:56.199+0000] {processor.py:161} INFO - Started process (PID=2052) to work on /opt/airflow/dags/dq_etl_dag.py
[2026-04-22T13:51:56.200+0000] {processor.py:830} INFO - Processing file /opt/airflow/dags/dq_etl_dag.py for tasks to queue
[2026-04-22T13:51:56.200+0000] {logging_mixin.py:188} INFO - [2026-04-22T13:51:56.200+0000] {dagbag.py:545} INFO - Filling up the DagBag from /opt/airflow/dags/dq_etl_dag.py
[2026-04-22T13:51:56.209+0000] {processor.py:840} INFO - DAG(s) 'dq_etl_dag' retrieved from /opt/airflow/dags/dq_etl_dag.py
[2026-04-22T13:51:56.228+0000] {logging_mixin.py:188} INFO - [2026-04-22T13:51:56.228+0000] {dag.py:3089} INFO - Sync 1 DAGs
[2026-04-22T13:51:56.239+0000] {logging_mixin.py:188} INFO - [2026-04-22T13:51:56.239+0000] {dag.py:3947} INFO - Setting next_dagrun for dq_etl_dag to 2026-04-21 03:00:00+00:00, run_after=2026-04-22 03:00:00+00:00
[2026-04-22T13:51:56.248+0000] {processor.py:183} INFO - Processing /opt/airflow/dags/dq_etl_dag.py took 0.053 seconds
[2026-04-22T13:52:26.845+0000] {processor.py:161} INFO - Started process (PID=2069) to work on /opt/airflow/dags/dq_etl_dag.py
[2026-04-22T13:52:26.846+0000] {processor.py:830} INFO - Processing file /opt/airflow/dags/dq_etl_dag.py for tasks to queue
[2026-04-22T13:52:26.847+0000] {logging_mixin.py:188} INFO - [2026-04-22T13:52:26.847+0000] {dagbag.py:545} INFO - Filling up the DagBag from /opt/airflow/dags/dq_etl_dag.py
[2026-04-22T13:52:26.857+0000] {processor.py:840} INFO - DAG(s) 'dq_etl_dag' retrieved from /opt/airflow/dags/dq_etl_dag.py
[2026-04-22T13:52:26.878+0000] {logging_mixin.py:188} INFO - [2026-04-22T13:52:26.877+0000] {dag.py:3089} INFO - Sync 1 DAGs
[2026-04-22T13:52:26.889+0000] {logging_mixin.py:188} INFO - [2026-04-22T13:52:26.889+0000] {dag.py:3947} INFO - Setting next_dagrun for dq_etl_dag to 2026-04-21 03:00:00+00:00, run_after=2026-04-22 03:00:00+00:00
[2026-04-22T13:52:26.899+0000] {processor.py:183} INFO - Processing /opt/airflow/dags/dq_etl_dag.py took 0.058 seconds
[2026-04-22T13:52:58.455+0000] {processor.py:161} INFO - Started process (PID=2085) to work on /opt/airflow/dags/dq_etl_dag.py
[2026-04-22T13:52:58.455+0000] {processor.py:830} INFO - Processing file /opt/airflow/dags/dq_etl_dag.py for tasks to queue
[2026-04-22T13:52:58.456+0000] {logging_mixin.py:188} INFO - [2026-04-22T13:52:58.456+0000] {dagbag.py:545} INFO - Filling up the DagBag from /opt/airflow/dags/dq_etl_dag.py
[2026-04-22T13:52:58.466+0000] {processor.py:840} INFO - DAG(s) 'dq_etl_dag' retrieved from /opt/airflow/dags/dq_etl_dag.py
[2026-04-22T13:52:58.486+0000] {logging_mixin.py:188} INFO - [2026-04-22T13:52:58.486+0000] {dag.py:3089} INFO - Sync 1 DAGs
[2026-04-22T13:52:58.498+0000] {logging_mixin.py:188} INFO - [2026-04-22T13:52:58.498+0000] {dag.py:3947} INFO - Setting next_dagrun for dq_etl_dag to 2026-04-21 03:00:00+00:00, run_after=2026-04-22 03:00:00+00:00
[2026-04-22T13:52:58.506+0000] {processor.py:183} INFO - Processing /opt/airflow/dags/dq_etl_dag.py took 0.055 seconds
[2026-04-22T13:53:30.187+0000] {processor.py:161} INFO - Started process (PID=2102) to work on /opt/airflow/dags/dq_etl_dag.py
[2026-04-22T13:53:30.187+0000] {processor.py:830} INFO - Processing file /opt/airflow/dags/dq_etl_dag.py for tasks to queue
[2026-04-22T13:53:30.188+0000] {logging_mixin.py:188} INFO - [2026-04-22T13:53:30.188+0000] {dagbag.py:545} INFO - Filling up the DagBag from /opt/airflow/dags/dq_etl_dag.py
[2026-04-22T13:53:30.198+0000] {processor.py:840} INFO - DAG(s) 'dq_etl_dag' retrieved from /opt/airflow/dags/dq_etl_dag.py
[2026-04-22T13:53:30.217+0000] {logging_mixin.py:188} INFO - [2026-04-22T13:53:30.217+0000] {dag.py:3089} INFO - Sync 1 DAGs
[2026-04-22T13:53:30.227+0000] {logging_mixin.py:188} INFO - [2026-04-22T13:53:30.227+0000] {dag.py:3947} INFO - Setting next_dagrun for dq_etl_dag to 2026-04-21 03:00:00+00:00, run_after=2026-04-22 03:00:00+00:00
[2026-04-22T13:53:30.237+0000] {processor.py:183} INFO - Processing /opt/airflow/dags/dq_etl_dag.py took 0.054 seconds
[2026-04-22T13:54:01.787+0000] {processor.py:161} INFO - Started process (PID=2119) to work on /opt/airflow/dags/dq_etl_dag.py
[2026-04-22T13:54:01.787+0000] {processor.py:830} INFO - Processing file /opt/airflow/dags/dq_etl_dag.py for tasks to queue
[2026-04-22T13:54:01.788+0000] {logging_mixin.py:188} INFO - [2026-04-22T13:54:01.788+0000] {dagbag.py:545} INFO - Filling up the DagBag from /opt/airflow/dags/dq_etl_dag.py
[2026-04-22T13:54:01.798+0000] {processor.py:840} INFO - DAG(s) 'dq_etl_dag' retrieved from /opt/airflow/dags/dq_etl_dag.py
[2026-04-22T13:54:01.818+0000] {logging_mixin.py:188} INFO - [2026-04-22T13:54:01.818+0000] {dag.py:3089} INFO - Sync 1 DAGs
[2026-04-22T13:54:01.829+0000] {logging_mixin.py:188} INFO - [2026-04-22T13:54:01.829+0000] {dag.py:3947} INFO - Setting next_dagrun for dq_etl_dag to 2026-04-21 03:00:00+00:00, run_after=2026-04-22 03:00:00+00:00
[2026-04-22T13:54:01.840+0000] {processor.py:183} INFO - Processing /opt/airflow/dags/dq_etl_dag.py took 0.057 seconds
[2026-04-22T13:54:33.455+0000] {processor.py:161} INFO - Started process (PID=2136) to work on /opt/airflow/dags/dq_etl_dag.py
[2026-04-22T13:54:33.456+0000] {processor.py:830} INFO - Processing file /opt/airflow/dags/dq_etl_dag.py for tasks to queue
[2026-04-22T13:54:33.457+0000] {logging_mixin.py:188} INFO - [2026-04-22T13:54:33.456+0000] {dagbag.py:545} INFO - Filling up the DagBag from /opt/airflow/dags/dq_etl_dag.py
[2026-04-22T13:54:33.466+0000] {processor.py:840} INFO - DAG(s) 'dq_etl_dag' retrieved from /opt/airflow/dags/dq_etl_dag.py
[2026-04-22T13:54:33.485+0000] {logging_mixin.py:188} INFO - [2026-04-22T13:54:33.485+0000] {dag.py:3089} INFO - Sync 1 DAGs
[2026-04-22T13:54:33.496+0000] {logging_mixin.py:188} INFO - [2026-04-22T13:54:33.496+0000] {dag.py:3947} INFO - Setting next_dagrun for dq_etl_dag to 2026-04-21 03:00:00+00:00, run_after=2026-04-22 03:00:00+00:00
[2026-04-22T13:54:33.506+0000] {processor.py:183} INFO - Processing /opt/airflow/dags/dq_etl_dag.py took 0.054 seconds
[2026-04-22T13:55:05.201+0000] {processor.py:161} INFO - Started process (PID=2153) to work on /opt/airflow/dags/dq_etl_dag.py
[2026-04-22T13:55:05.201+0000] {processor.py:830} INFO - Processing file /opt/airflow/dags/dq_etl_dag.py for tasks to queue
[2026-04-22T13:55:05.203+0000] {logging_mixin.py:188} INFO - [2026-04-22T13:55:05.202+0000] {dagbag.py:545} INFO - Filling up the DagBag from /opt/airflow/dags/dq_etl_dag.py
[2026-04-22T13:55:05.213+0000] {processor.py:840} INFO - DAG(s) 'dq_etl_dag' retrieved from /opt/airflow/dags/dq_etl_dag.py
[2026-04-22T13:55:05.235+0000] {logging_mixin.py:188} INFO - [2026-04-22T13:55:05.235+0000] {dag.py:3089} INFO - Sync 1 DAGs
[2026-04-22T13:55:05.247+0000] {logging_mixin.py:188} INFO - [2026-04-22T13:55:05.247+0000] {dag.py:3947} INFO - Setting next_dagrun for dq_etl_dag to 2026-04-21 03:00:00+00:00, run_after=2026-04-22 03:00:00+00:00
[2026-04-22T13:55:05.256+0000] {processor.py:183} INFO - Processing /opt/airflow/dags/dq_etl_dag.py took 0.059 seconds
[2026-04-22T13:55:36.893+0000] {processor.py:161} INFO - Started process (PID=2170) to work on /opt/airflow/dags/dq_etl_dag.py
[2026-04-22T13:55:36.894+0000] {processor.py:830} INFO - Processing file /opt/airflow/dags/dq_etl_dag.py for tasks to queue
[2026-04-22T13:55:36.895+0000] {logging_mixin.py:188} INFO - [2026-04-22T13:55:36.895+0000] {dagbag.py:545} INFO - Filling up the DagBag from /opt/airflow/dags/dq_etl_dag.py
[2026-04-22T13:55:36.905+0000] {processor.py:840} INFO - DAG(s) 'dq_etl_dag' retrieved from /opt/airflow/dags/dq_etl_dag.py
[2026-04-22T13:55:36.926+0000] {logging_mixin.py:188} INFO - [2026-04-22T13:55:36.926+0000] {dag.py:3089} INFO - Sync 1 DAGs
[2026-04-22T13:55:36.937+0000] {logging_mixin.py:188} INFO - [2026-04-22T13:55:36.937+0000] {dag.py:3947} INFO - Setting next_dagrun for dq_etl_dag to 2026-04-21 03:00:00+00:00, run_after=2026-04-22 03:00:00+00:00
[2026-04-22T13:55:36.946+0000] {processor.py:183} INFO - Processing /opt/airflow/dags/dq_etl_dag.py took 0.056 seconds
[2026-04-22T13:56:08.519+0000] {processor.py:161} INFO - Started process (PID=2187) to work on /opt/airflow/dags/dq_etl_dag.py
[2026-04-22T13:56:08.520+0000] {processor.py:830} INFO - Processing file /opt/airflow/dags/dq_etl_dag.py for tasks to queue
[2026-04-22T13:56:08.522+0000] {logging_mixin.py:188} INFO - [2026-04-22T13:56:08.521+0000] {dagbag.py:545} INFO - Filling up the DagBag from /opt/airflow/dags/dq_etl_dag.py
[2026-04-22T13:56:08.532+0000] {processor.py:840} INFO - DAG(s) 'dq_etl_dag' retrieved from /opt/airflow/dags/dq_etl_dag.py
[2026-04-22T13:56:08.553+0000] {logging_mixin.py:188} INFO - [2026-04-22T13:56:08.553+0000] {dag.py:3089} INFO - Sync 1 DAGs
[2026-04-22T13:56:08.564+0000] {logging_mixin.py:188} INFO - [2026-04-22T13:56:08.564+0000] {dag.py:3947} INFO - Setting next_dagrun for dq_etl_dag to 2026-04-21 03:00:00+00:00, run_after=2026-04-22 03:00:00+00:00
[2026-04-22T13:56:08.573+0000] {processor.py:183} INFO - Processing /opt/airflow/dags/dq_etl_dag.py took 0.058 seconds
[2026-04-22T13:56:40.150+0000] {processor.py:161} INFO - Started process (PID=2198) to work on /opt/airflow/dags/dq_etl_dag.py
[2026-04-22T13:56:40.150+0000] {processor.py:830} INFO - Processing file /opt/airflow/dags/dq_etl_dag.py for tasks to queue
[2026-04-22T13:56:40.151+0000] {logging_mixin.py:188} INFO - [2026-04-22T13:56:40.151+0000] {dagbag.py:545} INFO - Filling up the DagBag from /opt/airflow/dags/dq_etl_dag.py
[2026-04-22T13:56:40.163+0000] {processor.py:840} INFO - DAG(s) 'dq_etl_dag' retrieved from /opt/airflow/dags/dq_etl_dag.py
[2026-04-22T13:56:40.183+0000] {logging_mixin.py:188} INFO - [2026-04-22T13:56:40.182+0000] {dag.py:3089} INFO - Sync 1 DAGs
[2026-04-22T13:56:40.194+0000] {logging_mixin.py:188} INFO - [2026-04-22T13:56:40.194+0000] {dag.py:3947} INFO - Setting next_dagrun for dq_etl_dag to 2026-04-21 03:00:00+00:00, run_after=2026-04-22 03:00:00+00:00
[2026-04-22T13:56:40.205+0000] {processor.py:183} INFO - Processing /opt/airflow/dags/dq_etl_dag.py took 0.058 seconds
[2026-04-22T13:57:11.857+0000] {processor.py:161} INFO - Started process (PID=2215) to work on /opt/airflow/dags/dq_etl_dag.py
[2026-04-22T13:57:11.858+0000] {processor.py:830} INFO - Processing file /opt/airflow/dags/dq_etl_dag.py for tasks to queue
[2026-04-22T13:57:11.859+0000] {logging_mixin.py:188} INFO - [2026-04-22T13:57:11.859+0000] {dagbag.py:545} INFO - Filling up the DagBag from /opt/airflow/dags/dq_etl_dag.py
[2026-04-22T13:57:11.871+0000] {processor.py:840} INFO - DAG(s) 'dq_etl_dag' retrieved from /opt/airflow/dags/dq_etl_dag.py
[2026-04-22T13:57:11.890+0000] {logging_mixin.py:188} INFO - [2026-04-22T13:57:11.890+0000] {dag.py:3089} INFO - Sync 1 DAGs
[2026-04-22T13:57:11.903+0000] {logging_mixin.py:188} INFO - [2026-04-22T13:57:11.903+0000] {dag.py:3947} INFO - Setting next_dagrun for dq_etl_dag to 2026-04-21 03:00:00+00:00, run_after=2026-04-22 03:00:00+00:00
[2026-04-22T13:57:11.912+0000] {processor.py:183} INFO - Processing /opt/airflow/dags/dq_etl_dag.py took 0.057 seconds
[2026-04-22T13:57:42.617+0000] {processor.py:161} INFO - Started process (PID=2231) to work on /opt/airflow/dags/dq_etl_dag.py
[2026-04-22T13:57:42.617+0000] {processor.py:830} INFO - Processing file /opt/airflow/dags/dq_etl_dag.py for tasks to queue
[2026-04-22T13:57:42.618+0000] {logging_mixin.py:188} INFO - [2026-04-22T13:57:42.618+0000] {dagbag.py:545} INFO - Filling up the DagBag from /opt/airflow/dags/dq_etl_dag.py
[2026-04-22T13:57:42.627+0000] {processor.py:840} INFO - DAG(s) 'dq_etl_dag' retrieved from /opt/airflow/dags/dq_etl_dag.py
[2026-04-22T13:57:42.647+0000] {logging_mixin.py:188} INFO - [2026-04-22T13:57:42.647+0000] {dag.py:3089} INFO - Sync 1 DAGs
[2026-04-22T13:57:42.658+0000] {logging_mixin.py:188} INFO - [2026-04-22T13:57:42.658+0000] {dag.py:3947} INFO - Setting next_dagrun for dq_etl_dag to 2026-04-21 03:00:00+00:00, run_after=2026-04-22 03:00:00+00:00
[2026-04-22T13:57:42.668+0000] {processor.py:183} INFO - Processing /opt/airflow/dags/dq_etl_dag.py took 0.055 seconds
[2026-04-22T13:58:14.247+0000] {processor.py:161} INFO - Started process (PID=2248) to work on /opt/airflow/dags/dq_etl_dag.py
[2026-04-22T13:58:14.248+0000] {processor.py:830} INFO - Processing file /opt/airflow/dags/dq_etl_dag.py for tasks to queue
[2026-04-22T13:58:14.249+0000] {logging_mixin.py:188} INFO - [2026-04-22T13:58:14.249+0000] {dagbag.py:545} INFO - Filling up the DagBag from /opt/airflow/dags/dq_etl_dag.py
[2026-04-22T13:58:14.260+0000] {processor.py:840} INFO - DAG(s) 'dq_etl_dag' retrieved from /opt/airflow/dags/dq_etl_dag.py
[2026-04-22T13:58:14.284+0000] {logging_mixin.py:188} INFO - [2026-04-22T13:58:14.283+0000] {dag.py:3089} INFO - Sync 1 DAGs
[2026-04-22T13:58:14.296+0000] {logging_mixin.py:188} INFO - [2026-04-22T13:58:14.296+0000] {dag.py:3947} INFO - Setting next_dagrun for dq_etl_dag to 2026-04-21 03:00:00+00:00, run_after=2026-04-22 03:00:00+00:00
[2026-04-22T13:58:14.306+0000] {processor.py:183} INFO - Processing /opt/airflow/dags/dq_etl_dag.py took 0.062 seconds
[2026-04-22T13:58:45.887+0000] {processor.py:161} INFO - Started process (PID=2265) to work on /opt/airflow/dags/dq_etl_dag.py
[2026-04-22T13:58:45.887+0000] {processor.py:830} INFO - Processing file /opt/airflow/dags/dq_etl_dag.py for tasks to queue
[2026-04-22T13:58:45.888+0000] {logging_mixin.py:188} INFO - [2026-04-22T13:58:45.888+0000] {dagbag.py:545} INFO - Filling up the DagBag from /opt/airflow/dags/dq_etl_dag.py
[2026-04-22T13:58:45.897+0000] {processor.py:840} INFO - DAG(s) 'dq_etl_dag' retrieved from /opt/airflow/dags/dq_etl_dag.py
[2026-04-22T13:58:45.919+0000] {logging_mixin.py:188} INFO - [2026-04-22T13:58:45.919+0000] {dag.py:3089} INFO - Sync 1 DAGs
[2026-04-22T13:58:45.931+0000] {logging_mixin.py:188} INFO - [2026-04-22T13:58:45.931+0000] {dag.py:3947} INFO - Setting next_dagrun for dq_etl_dag to 2026-04-21 03:00:00+00:00, run_after=2026-04-22 03:00:00+00:00
[2026-04-22T13:58:45.942+0000] {processor.py:183} INFO - Processing /opt/airflow/dags/dq_etl_dag.py took 0.059 seconds
[2026-04-22T13:59:17.628+0000] {processor.py:161} INFO - Started process (PID=2282) to work on /opt/airflow/dags/dq_etl_dag.py
[2026-04-22T13:59:17.629+0000] {processor.py:830} INFO - Processing file /opt/airflow/dags/dq_etl_dag.py for tasks to queue
[2026-04-22T13:59:17.630+0000] {logging_mixin.py:188} INFO - [2026-04-22T13:59:17.630+0000] {dagbag.py:545} INFO - Filling up the DagBag from /opt/airflow/dags/dq_etl_dag.py
[2026-04-22T13:59:17.639+0000] {processor.py:840} INFO - DAG(s) 'dq_etl_dag' retrieved from /opt/airflow/dags/dq_etl_dag.py
[2026-04-22T13:59:17.659+0000] {logging_mixin.py:188} INFO - [2026-04-22T13:59:17.659+0000] {dag.py:3089} INFO - Sync 1 DAGs
[2026-04-22T13:59:17.672+0000] {logging_mixin.py:188} INFO - [2026-04-22T13:59:17.672+0000] {dag.py:3947} INFO - Setting next_dagrun for dq_etl_dag to 2026-04-21 03:00:00+00:00, run_after=2026-04-22 03:00:00+00:00
[2026-04-22T13:59:17.683+0000] {processor.py:183} INFO - Processing /opt/airflow/dags/dq_etl_dag.py took 0.057 seconds
[2026-04-22T13:59:49.437+0000] {processor.py:161} INFO - Started process (PID=2299) to work on /opt/airflow/dags/dq_etl_dag.py
[2026-04-22T13:59:49.437+0000] {processor.py:830} INFO - Processing file /opt/airflow/dags/dq_etl_dag.py for tasks to queue
[2026-04-22T13:59:49.438+0000] {logging_mixin.py:188} INFO - [2026-04-22T13:59:49.438+0000] {dagbag.py:545} INFO - Filling up the DagBag from /opt/airflow/dags/dq_etl_dag.py
[2026-04-22T13:59:49.447+0000] {processor.py:840} INFO - DAG(s) 'dq_etl_dag' retrieved from /opt/airflow/dags/dq_etl_dag.py
[2026-04-22T13:59:49.468+0000] {logging_mixin.py:188} INFO - [2026-04-22T13:59:49.468+0000] {dag.py:3089} INFO - Sync 1 DAGs
[2026-04-22T13:59:49.479+0000] {logging_mixin.py:188} INFO - [2026-04-22T13:59:49.479+0000] {dag.py:3947} INFO - Setting next_dagrun for dq_etl_dag to 2026-04-21 03:00:00+00:00, run_after=2026-04-22 03:00:00+00:00
[2026-04-22T13:59:49.490+0000] {processor.py:183} INFO - Processing /opt/airflow/dags/dq_etl_dag.py took 0.056 seconds
[2026-04-22T14:00:20.998+0000] {processor.py:161} INFO - Started process (PID=2316) to work on /opt/airflow/dags/dq_etl_dag.py
[2026-04-22T14:00:20.999+0000] {processor.py:830} INFO - Processing file /opt/airflow/dags/dq_etl_dag.py for tasks to queue
[2026-04-22T14:00:21.000+0000] {logging_mixin.py:188} INFO - [2026-04-22T14:00:21.000+0000] {dagbag.py:545} INFO - Filling up the DagBag from /opt/airflow/dags/dq_etl_dag.py
[2026-04-22T14:00:21.010+0000] {processor.py:840} INFO - DAG(s) 'dq_etl_dag' retrieved from /opt/airflow/dags/dq_etl_dag.py
[2026-04-22T14:00:21.030+0000] {logging_mixin.py:188} INFO - [2026-04-22T14:00:21.030+0000] {dag.py:3089} INFO - Sync 1 DAGs
[2026-04-22T14:00:21.041+0000] {logging_mixin.py:188} INFO - [2026-04-22T14:00:21.041+0000] {dag.py:3947} INFO - Setting next_dagrun for dq_etl_dag to 2026-04-21 03:00:00+00:00, run_after=2026-04-22 03:00:00+00:00
[2026-04-22T14:00:21.049+0000] {processor.py:183} INFO - Processing /opt/airflow/dags/dq_etl_dag.py took 0.055 seconds
[2026-04-22T14:00:52.661+0000] {processor.py:161} INFO - Started process (PID=2333) to work on /opt/airflow/dags/dq_etl_dag.py
[2026-04-22T14:00:52.662+0000] {processor.py:830} INFO - Processing file /opt/airflow/dags/dq_etl_dag.py for tasks to queue
[2026-04-22T14:00:52.663+0000] {logging_mixin.py:188} INFO - [2026-04-22T14:00:52.662+0000] {dagbag.py:545} INFO - Filling up the DagBag from /opt/airflow/dags/dq_etl_dag.py
[2026-04-22T14:00:52.672+0000] {processor.py:840} INFO - DAG(s) 'dq_etl_dag' retrieved from /opt/airflow/dags/dq_etl_dag.py
[2026-04-22T14:00:52.693+0000] {logging_mixin.py:188} INFO - [2026-04-22T14:00:52.693+0000] {dag.py:3089} INFO - Sync 1 DAGs
[2026-04-22T14:00:52.704+0000] {logging_mixin.py:188} INFO - [2026-04-22T14:00:52.703+0000] {dag.py:3947} INFO - Setting next_dagrun for dq_etl_dag to 2026-04-21 03:00:00+00:00, run_after=2026-04-22 03:00:00+00:00
[2026-04-22T14:00:52.714+0000] {processor.py:183} INFO - Processing /opt/airflow/dags/dq_etl_dag.py took 0.056 seconds
[2026-04-22T14:01:24.382+0000] {processor.py:161} INFO - Started process (PID=2350) to work on /opt/airflow/dags/dq_etl_dag.py
[2026-04-22T14:01:24.383+0000] {processor.py:830} INFO - Processing file /opt/airflow/dags/dq_etl_dag.py for tasks to queue
[2026-04-22T14:01:24.384+0000] {logging_mixin.py:188} INFO - [2026-04-22T14:01:24.384+0000] {dagbag.py:545} INFO - Filling up the DagBag from /opt/airflow/dags/dq_etl_dag.py
[2026-04-22T14:01:24.395+0000] {processor.py:840} INFO - DAG(s) 'dq_etl_dag' retrieved from /opt/airflow/dags/dq_etl_dag.py
[2026-04-22T14:01:24.418+0000] {logging_mixin.py:188} INFO - [2026-04-22T14:01:24.418+0000] {dag.py:3089} INFO - Sync 1 DAGs
[2026-04-22T14:01:24.435+0000] {logging_mixin.py:188} INFO - [2026-04-22T14:01:24.435+0000] {dag.py:3947} INFO - Setting next_dagrun for dq_etl_dag to 2026-04-21 03:00:00+00:00, run_after=2026-04-22 03:00:00+00:00
[2026-04-22T14:01:24.446+0000] {processor.py:183} INFO - Processing /opt/airflow/dags/dq_etl_dag.py took 0.068 seconds
[2026-04-22T14:01:56.108+0000] {processor.py:161} INFO - Started process (PID=2367) to work on /opt/airflow/dags/dq_etl_dag.py
[2026-04-22T14:01:56.109+0000] {processor.py:830} INFO - Processing file /opt/airflow/dags/dq_etl_dag.py for tasks to queue
[2026-04-22T14:01:56.109+0000] {logging_mixin.py:188} INFO - [2026-04-22T14:01:56.109+0000] {dagbag.py:545} INFO - Filling up the DagBag from /opt/airflow/dags/dq_etl_dag.py
[2026-04-22T14:01:56.117+0000] {processor.py:840} INFO - DAG(s) 'dq_etl_dag' retrieved from /opt/airflow/dags/dq_etl_dag.py
[2026-04-22T14:01:56.139+0000] {logging_mixin.py:188} INFO - [2026-04-22T14:01:56.139+0000] {dag.py:3089} INFO - Sync 1 DAGs
[2026-04-22T14:01:56.150+0000] {logging_mixin.py:188} INFO - [2026-04-22T14:01:56.150+0000] {dag.py:3947} INFO - Setting next_dagrun for dq_etl_dag to 2026-04-21 03:00:00+00:00, run_after=2026-04-22 03:00:00+00:00
[2026-04-22T14:01:56.161+0000] {processor.py:183} INFO - Processing /opt/airflow/dags/dq_etl_dag.py took 0.056 seconds
[2026-04-22T14:02:26.773+0000] {processor.py:161} INFO - Started process (PID=2384) to work on /opt/airflow/dags/dq_etl_dag.py
[2026-04-22T14:02:26.774+0000] {processor.py:830} INFO - Processing file /opt/airflow/dags/dq_etl_dag.py for tasks to queue
[2026-04-22T14:02:26.775+0000] {logging_mixin.py:188} INFO - [2026-04-22T14:02:26.775+0000] {dagbag.py:545} INFO - Filling up the DagBag from /opt/airflow/dags/dq_etl_dag.py
[2026-04-22T14:02:26.784+0000] {processor.py:840} INFO - DAG(s) 'dq_etl_dag' retrieved from /opt/airflow/dags/dq_etl_dag.py
[2026-04-22T14:02:26.827+0000] {logging_mixin.py:188} INFO - [2026-04-22T14:02:26.827+0000] {dag.py:3089} INFO - Sync 1 DAGs
[2026-04-22T14:02:26.840+0000] {logging_mixin.py:188} INFO - [2026-04-22T14:02:26.839+0000] {dag.py:3947} INFO - Setting next_dagrun for dq_etl_dag to 2026-04-21 03:00:00+00:00, run_after=2026-04-22 03:00:00+00:00
[2026-04-22T14:02:26.850+0000] {processor.py:183} INFO - Processing /opt/airflow/dags/dq_etl_dag.py took 0.079 seconds
[2026-04-22T14:02:58.429+0000] {processor.py:161} INFO - Started process (PID=2401) to work on /opt/airflow/dags/dq_etl_dag.py
[2026-04-22T14:02:58.429+0000] {processor.py:830} INFO - Processing file /opt/airflow/dags/dq_etl_dag.py for tasks to queue
[2026-04-22T14:02:58.431+0000] {logging_mixin.py:188} INFO - [2026-04-22T14:02:58.430+0000] {dagbag.py:545} INFO - Filling up the DagBag from /opt/airflow/dags/dq_etl_dag.py
[2026-04-22T14:02:58.440+0000] {processor.py:840} INFO - DAG(s) 'dq_etl_dag' retrieved from /opt/airflow/dags/dq_etl_dag.py
[2026-04-22T14:02:58.467+0000] {logging_mixin.py:188} INFO - [2026-04-22T14:02:58.467+0000] {dag.py:3089} INFO - Sync 1 DAGs
[2026-04-22T14:02:58.478+0000] {logging_mixin.py:188} INFO - [2026-04-22T14:02:58.478+0000] {dag.py:3947} INFO - Setting next_dagrun for dq_etl_dag to 2026-04-21 03:00:00+00:00, run_after=2026-04-22 03:00:00+00:00
[2026-04-22T14:02:58.493+0000] {processor.py:183} INFO - Processing /opt/airflow/dags/dq_etl_dag.py took 0.068 seconds
[2026-04-22T14:03:30.185+0000] {processor.py:161} INFO - Started process (PID=2418) to work on /opt/airflow/dags/dq_etl_dag.py
[2026-04-22T14:03:30.185+0000] {processor.py:830} INFO - Processing file /opt/airflow/dags/dq_etl_dag.py for tasks to queue
[2026-04-22T14:03:30.186+0000] {logging_mixin.py:188} INFO - [2026-04-22T14:03:30.186+0000] {dagbag.py:545} INFO - Filling up the DagBag from /opt/airflow/dags/dq_etl_dag.py
[2026-04-22T14:03:30.195+0000] {processor.py:840} INFO - DAG(s) 'dq_etl_dag' retrieved from /opt/airflow/dags/dq_etl_dag.py
[2026-04-22T14:03:30.216+0000] {logging_mixin.py:188} INFO - [2026-04-22T14:03:30.216+0000] {dag.py:3089} INFO - Sync 1 DAGs
[2026-04-22T14:03:30.227+0000] {logging_mixin.py:188} INFO - [2026-04-22T14:03:30.227+0000] {dag.py:3947} INFO - Setting next_dagrun for dq_etl_dag to 2026-04-21 03:00:00+00:00, run_after=2026-04-22 03:00:00+00:00
[2026-04-22T14:03:30.237+0000] {processor.py:183} INFO - Processing /opt/airflow/dags/dq_etl_dag.py took 0.055 seconds
[2026-04-22T14:04:01.899+0000] {processor.py:161} INFO - Started process (PID=2435) to work on /opt/airflow/dags/dq_etl_dag.py
[2026-04-22T14:04:01.900+0000] {processor.py:830} INFO - Processing file /opt/airflow/dags/dq_etl_dag.py for tasks to queue
[2026-04-22T14:04:01.900+0000] {logging_mixin.py:188} INFO - [2026-04-22T14:04:01.900+0000] {dagbag.py:545} INFO - Filling up the DagBag from /opt/airflow/dags/dq_etl_dag.py
[2026-04-22T14:04:01.909+0000] {processor.py:840} INFO - DAG(s) 'dq_etl_dag' retrieved from /opt/airflow/dags/dq_etl_dag.py
[2026-04-22T14:04:01.934+0000] {logging_mixin.py:188} INFO - [2026-04-22T14:04:01.934+0000] {dag.py:3089} INFO - Sync 1 DAGs
[2026-04-22T14:04:01.945+0000] {logging_mixin.py:188} INFO - [2026-04-22T14:04:01.945+0000] {dag.py:3947} INFO - Setting next_dagrun for dq_etl_dag to 2026-04-21 03:00:00+00:00, run_after=2026-04-22 03:00:00+00:00
[2026-04-22T14:04:01.955+0000] {processor.py:183} INFO - Processing /opt/airflow/dags/dq_etl_dag.py took 0.058 seconds
[2026-04-22T14:04:33.575+0000] {processor.py:161} INFO - Started process (PID=2451) to work on /opt/airflow/dags/dq_etl_dag.py
[2026-04-22T14:04:33.576+0000] {processor.py:830} INFO - Processing file /opt/airflow/dags/dq_etl_dag.py for tasks to queue
[2026-04-22T14:04:33.576+0000] {logging_mixin.py:188} INFO - [2026-04-22T14:04:33.576+0000] {dagbag.py:545} INFO - Filling up the DagBag from /opt/airflow/dags/dq_etl_dag.py
[2026-04-22T14:04:33.589+0000] {processor.py:840} INFO - DAG(s) 'dq_etl_dag' retrieved from /opt/airflow/dags/dq_etl_dag.py
[2026-04-22T14:04:33.609+0000] {logging_mixin.py:188} INFO - [2026-04-22T14:04:33.609+0000] {dag.py:3089} INFO - Sync 1 DAGs
[2026-04-22T14:04:33.620+0000] {logging_mixin.py:188} INFO - [2026-04-22T14:04:33.619+0000] {dag.py:3947} INFO - Setting next_dagrun for dq_etl_dag to 2026-04-21 03:00:00+00:00, run_after=2026-04-22 03:00:00+00:00
[2026-04-22T14:04:33.630+0000] {processor.py:183} INFO - Processing /opt/airflow/dags/dq_etl_dag.py took 0.058 seconds
[2026-04-22T14:05:05.235+0000] {processor.py:161} INFO - Started process (PID=2468) to work on /opt/airflow/dags/dq_etl_dag.py
[2026-04-22T14:05:05.236+0000] {processor.py:830} INFO - Processing file /opt/airflow/dags/dq_etl_dag.py for tasks to queue
[2026-04-22T14:05:05.237+0000] {logging_mixin.py:188} INFO - [2026-04-22T14:05:05.237+0000] {dagbag.py:545} INFO - Filling up the DagBag from /opt/airflow/dags/dq_etl_dag.py
[2026-04-22T14:05:05.248+0000] {processor.py:840} INFO - DAG(s) 'dq_etl_dag' retrieved from /opt/airflow/dags/dq_etl_dag.py
[2026-04-22T14:05:05.268+0000] {logging_mixin.py:188} INFO - [2026-04-22T14:05:05.268+0000] {dag.py:3089} INFO - Sync 1 DAGs
[2026-04-22T14:05:05.278+0000] {logging_mixin.py:188} INFO - [2026-04-22T14:05:05.278+0000] {dag.py:3947} INFO - Setting next_dagrun for dq_etl_dag to 2026-04-21 03:00:00+00:00, run_after=2026-04-22 03:00:00+00:00
[2026-04-22T14:05:05.287+0000] {processor.py:183} INFO - Processing /opt/airflow/dags/dq_etl_dag.py took 0.055 seconds
[2026-04-22T14:05:36.952+0000] {processor.py:161} INFO - Started process (PID=2485) to work on /opt/airflow/dags/dq_etl_dag.py
[2026-04-22T14:05:36.952+0000] {processor.py:830} INFO - Processing file /opt/airflow/dags/dq_etl_dag.py for tasks to queue
[2026-04-22T14:05:36.953+0000] {logging_mixin.py:188} INFO - [2026-04-22T14:05:36.953+0000] {dagbag.py:545} INFO - Filling up the DagBag from /opt/airflow/dags/dq_etl_dag.py
[2026-04-22T14:05:36.965+0000] {processor.py:840} INFO - DAG(s) 'dq_etl_dag' retrieved from /opt/airflow/dags/dq_etl_dag.py
[2026-04-22T14:05:36.984+0000] {logging_mixin.py:188} INFO - [2026-04-22T14:05:36.984+0000] {dag.py:3089} INFO - Sync 1 DAGs
[2026-04-22T14:05:36.995+0000] {logging_mixin.py:188} INFO - [2026-04-22T14:05:36.995+0000] {dag.py:3947} INFO - Setting next_dagrun for dq_etl_dag to 2026-04-21 03:00:00+00:00, run_after=2026-04-22 03:00:00+00:00
[2026-04-22T14:05:37.005+0000] {processor.py:183} INFO - Processing /opt/airflow/dags/dq_etl_dag.py took 0.056 seconds
[2026-04-22T14:06:08.670+0000] {processor.py:161} INFO - Started process (PID=2502) to work on /opt/airflow/dags/dq_etl_dag.py
[2026-04-22T14:06:08.671+0000] {processor.py:830} INFO - Processing file /opt/airflow/dags/dq_etl_dag.py for tasks to queue
[2026-04-22T14:06:08.672+0000] {logging_mixin.py:188} INFO - [2026-04-22T14:06:08.672+0000] {dagbag.py:545} INFO - Filling up the DagBag from /opt/airflow/dags/dq_etl_dag.py
[2026-04-22T14:06:08.682+0000] {processor.py:840} INFO - DAG(s) 'dq_etl_dag' retrieved from /opt/airflow/dags/dq_etl_dag.py
[2026-04-22T14:06:08.705+0000] {logging_mixin.py:188} INFO - [2026-04-22T14:06:08.705+0000] {dag.py:3089} INFO - Sync 1 DAGs
[2026-04-22T14:06:08.716+0000] {logging_mixin.py:188} INFO - [2026-04-22T14:06:08.716+0000] {dag.py:3947} INFO - Setting next_dagrun for dq_etl_dag to 2026-04-21 03:00:00+00:00, run_after=2026-04-22 03:00:00+00:00
[2026-04-22T14:06:08.726+0000] {processor.py:183} INFO - Processing /opt/airflow/dags/dq_etl_dag.py took 0.060 seconds
[2026-04-22T14:06:40.375+0000] {processor.py:161} INFO - Started process (PID=2519) to work on /opt/airflow/dags/dq_etl_dag.py
[2026-04-22T14:06:40.375+0000] {processor.py:830} INFO - Processing file /opt/airflow/dags/dq_etl_dag.py for tasks to queue
[2026-04-22T14:06:40.376+0000] {logging_mixin.py:188} INFO - [2026-04-22T14:06:40.376+0000] {dagbag.py:545} INFO - Filling up the DagBag from /opt/airflow/dags/dq_etl_dag.py
[2026-04-22T14:06:40.386+0000] {processor.py:840} INFO - DAG(s) 'dq_etl_dag' retrieved from /opt/airflow/dags/dq_etl_dag.py
[2026-04-22T14:06:40.406+0000] {logging_mixin.py:188} INFO - [2026-04-22T14:06:40.406+0000] {dag.py:3089} INFO - Sync 1 DAGs
[2026-04-22T14:06:40.417+0000] {logging_mixin.py:188} INFO - [2026-04-22T14:06:40.417+0000] {dag.py:3947} INFO - Setting next_dagrun for dq_etl_dag to 2026-04-21 03:00:00+00:00, run_after=2026-04-22 03:00:00+00:00
[2026-04-22T14:06:40.426+0000] {processor.py:183} INFO - Processing /opt/airflow/dags/dq_etl_dag.py took 0.054 seconds
[2026-04-22T14:07:11.087+0000] {processor.py:161} INFO - Started process (PID=2536) to work on /opt/airflow/dags/dq_etl_dag.py
[2026-04-22T14:07:11.088+0000] {processor.py:830} INFO - Processing file /opt/airflow/dags/dq_etl_dag.py for tasks to queue
[2026-04-22T14:07:11.088+0000] {logging_mixin.py:188} INFO - [2026-04-22T14:07:11.088+0000] {dagbag.py:545} INFO - Filling up the DagBag from /opt/airflow/dags/dq_etl_dag.py
[2026-04-22T14:07:11.097+0000] {processor.py:840} INFO - DAG(s) 'dq_etl_dag' retrieved from /opt/airflow/dags/dq_etl_dag.py
[2026-04-22T14:07:11.117+0000] {logging_mixin.py:188} INFO - [2026-04-22T14:07:11.117+0000] {dag.py:3089} INFO - Sync 1 DAGs
[2026-04-22T14:07:11.128+0000] {logging_mixin.py:188} INFO - [2026-04-22T14:07:11.127+0000] {dag.py:3947} INFO - Setting next_dagrun for dq_etl_dag to 2026-04-21 03:00:00+00:00, run_after=2026-04-22 03:00:00+00:00
[2026-04-22T14:07:11.137+0000] {processor.py:183} INFO - Processing /opt/airflow/dags/dq_etl_dag.py took 0.054 seconds
[2026-04-22T14:07:42.766+0000] {processor.py:161} INFO - Started process (PID=2553) to work on /opt/airflow/dags/dq_etl_dag.py
[2026-04-22T14:07:42.766+0000] {processor.py:830} INFO - Processing file /opt/airflow/dags/dq_etl_dag.py for tasks to queue
[2026-04-22T14:07:42.768+0000] {logging_mixin.py:188} INFO - [2026-04-22T14:07:42.767+0000] {dagbag.py:545} INFO - Filling up the DagBag from /opt/airflow/dags/dq_etl_dag.py
[2026-04-22T14:07:42.777+0000] {processor.py:840} INFO - DAG(s) 'dq_etl_dag' retrieved from /opt/airflow/dags/dq_etl_dag.py
[2026-04-22T14:07:42.797+0000] {logging_mixin.py:188} INFO - [2026-04-22T14:07:42.797+0000] {dag.py:3089} INFO - Sync 1 DAGs
[2026-04-22T14:07:42.810+0000] {logging_mixin.py:188} INFO - [2026-04-22T14:07:42.810+0000] {dag.py:3947} INFO - Setting next_dagrun for dq_etl_dag to 2026-04-21 03:00:00+00:00, run_after=2026-04-22 03:00:00+00:00
[2026-04-22T14:07:42.819+0000] {processor.py:183} INFO - Processing /opt/airflow/dags/dq_etl_dag.py took 0.057 seconds
[2026-04-22T14:08:14.506+0000] {processor.py:161} INFO - Started process (PID=2570) to work on /opt/airflow/dags/dq_etl_dag.py
[2026-04-22T14:08:14.507+0000] {processor.py:830} INFO - Processing file /opt/airflow/dags/dq_etl_dag.py for tasks to queue
[2026-04-22T14:08:14.508+0000] {logging_mixin.py:188} INFO - [2026-04-22T14:08:14.508+0000] {dagbag.py:545} INFO - Filling up the DagBag from /opt/airflow/dags/dq_etl_dag.py
[2026-04-22T14:08:14.518+0000] {processor.py:840} INFO - DAG(s) 'dq_etl_dag' retrieved from /opt/airflow/dags/dq_etl_dag.py
[2026-04-22T14:08:14.541+0000] {logging_mixin.py:188} INFO - [2026-04-22T14:08:14.540+0000] {dag.py:3089} INFO - Sync 1 DAGs
[2026-04-22T14:08:14.553+0000] {logging_mixin.py:188} INFO - [2026-04-22T14:08:14.552+0000] {dag.py:3947} INFO - Setting next_dagrun for dq_etl_dag to 2026-04-21 03:00:00+00:00, run_after=2026-04-22 03:00:00+00:00
[2026-04-22T14:08:14.563+0000] {processor.py:183} INFO - Processing /opt/airflow/dags/dq_etl_dag.py took 0.060 seconds
[2026-04-22T14:08:46.184+0000] {processor.py:161} INFO - Started process (PID=2586) to work on /opt/airflow/dags/dq_etl_dag.py
[2026-04-22T14:08:46.184+0000] {processor.py:830} INFO - Processing file /opt/airflow/dags/dq_etl_dag.py for tasks to queue
[2026-04-22T14:08:46.185+0000] {logging_mixin.py:188} INFO - [2026-04-22T14:08:46.185+0000] {dagbag.py:545} INFO - Filling up the DagBag from /opt/airflow/dags/dq_etl_dag.py
[2026-04-22T14:08:46.193+0000] {processor.py:840} INFO - DAG(s) 'dq_etl_dag' retrieved from /opt/airflow/dags/dq_etl_dag.py
[2026-04-22T14:08:46.214+0000] {logging_mixin.py:188} INFO - [2026-04-22T14:08:46.214+0000] {dag.py:3089} INFO - Sync 1 DAGs
[2026-04-22T14:08:46.224+0000] {logging_mixin.py:188} INFO - [2026-04-22T14:08:46.224+0000] {dag.py:3947} INFO - Setting next_dagrun for dq_etl_dag to 2026-04-21 03:00:00+00:00, run_after=2026-04-22 03:00:00+00:00
[2026-04-22T14:08:46.234+0000] {processor.py:183} INFO - Processing /opt/airflow/dags/dq_etl_dag.py took 0.054 seconds
[2026-04-22T14:09:17.871+0000] {processor.py:161} INFO - Started process (PID=2603) to work on /opt/airflow/dags/dq_etl_dag.py
[2026-04-22T14:09:17.872+0000] {processor.py:830} INFO - Processing file /opt/airflow/dags/dq_etl_dag.py for tasks to queue
[2026-04-22T14:09:17.873+0000] {logging_mixin.py:188} INFO - [2026-04-22T14:09:17.873+0000] {dagbag.py:545} INFO - Filling up the DagBag from /opt/airflow/dags/dq_etl_dag.py
[2026-04-22T14:09:17.883+0000] {processor.py:840} INFO - DAG(s) 'dq_etl_dag' retrieved from /opt/airflow/dags/dq_etl_dag.py
[2026-04-22T14:09:17.903+0000] {logging_mixin.py:188} INFO - [2026-04-22T14:09:17.903+0000] {dag.py:3089} INFO - Sync 1 DAGs
[2026-04-22T14:09:17.915+0000] {logging_mixin.py:188} INFO - [2026-04-22T14:09:17.915+0000] {dag.py:3947} INFO - Setting next_dagrun for dq_etl_dag to 2026-04-21 03:00:00+00:00, run_after=2026-04-22 03:00:00+00:00
[2026-04-22T14:09:17.926+0000] {processor.py:183} INFO - Processing /opt/airflow/dags/dq_etl_dag.py took 0.058 seconds
[2026-04-22T14:09:49.550+0000] {processor.py:161} INFO - Started process (PID=2620) to work on /opt/airflow/dags/dq_etl_dag.py
[2026-04-22T14:09:49.550+0000] {processor.py:830} INFO - Processing file /opt/airflow/dags/dq_etl_dag.py for tasks to queue
[2026-04-22T14:09:49.551+0000] {logging_mixin.py:188} INFO - [2026-04-22T14:09:49.551+0000] {dagbag.py:545} INFO - Filling up the DagBag from /opt/airflow/dags/dq_etl_dag.py
[2026-04-22T14:09:49.563+0000] {processor.py:840} INFO - DAG(s) 'dq_etl_dag' retrieved from /opt/airflow/dags/dq_etl_dag.py
[2026-04-22T14:09:49.590+0000] {logging_mixin.py:188} INFO - [2026-04-22T14:09:49.590+0000] {dag.py:3089} INFO - Sync 1 DAGs
[2026-04-22T14:09:49.604+0000] {logging_mixin.py:188} INFO - [2026-04-22T14:09:49.604+0000] {dag.py:3947} INFO - Setting next_dagrun for dq_etl_dag to 2026-04-21 03:00:00+00:00, run_after=2026-04-22 03:00:00+00:00
[2026-04-22T14:09:49.617+0000] {processor.py:183} INFO - Processing /opt/airflow/dags/dq_etl_dag.py took 0.072 seconds
[2026-04-22T14:10:21.281+0000] {processor.py:161} INFO - Started process (PID=2637) to work on /opt/airflow/dags/dq_etl_dag.py
[2026-04-22T14:10:21.282+0000] {processor.py:830} INFO - Processing file /opt/airflow/dags/dq_etl_dag.py for tasks to queue
[2026-04-22T14:10:21.283+0000] {logging_mixin.py:188} INFO - [2026-04-22T14:10:21.282+0000] {dagbag.py:545} INFO - Filling up the DagBag from /opt/airflow/dags/dq_etl_dag.py
[2026-04-22T14:10:21.292+0000] {processor.py:840} INFO - DAG(s) 'dq_etl_dag' retrieved from /opt/airflow/dags/dq_etl_dag.py
[2026-04-22T14:10:21.314+0000] {logging_mixin.py:188} INFO - [2026-04-22T14:10:21.314+0000] {dag.py:3089} INFO - Sync 1 DAGs
[2026-04-22T14:10:21.325+0000] {logging_mixin.py:188} INFO - [2026-04-22T14:10:21.325+0000] {dag.py:3947} INFO - Setting next_dagrun for dq_etl_dag to 2026-04-21 03:00:00+00:00, run_after=2026-04-22 03:00:00+00:00
[2026-04-22T14:10:21.335+0000] {processor.py:183} INFO - Processing /opt/airflow/dags/dq_etl_dag.py took 0.058 seconds
[2026-04-22T14:10:53.003+0000] {processor.py:161} INFO - Started process (PID=2653) to work on /opt/airflow/dags/dq_etl_dag.py
[2026-04-22T14:10:53.004+0000] {processor.py:830} INFO - Processing file /opt/airflow/dags/dq_etl_dag.py for tasks to queue
[2026-04-22T14:10:53.004+0000] {logging_mixin.py:188} INFO - [2026-04-22T14:10:53.004+0000] {dagbag.py:545} INFO - Filling up the DagBag from /opt/airflow/dags/dq_etl_dag.py
[2026-04-22T14:10:53.015+0000] {processor.py:840} INFO - DAG(s) 'dq_etl_dag' retrieved from /opt/airflow/dags/dq_etl_dag.py
[2026-04-22T14:10:53.035+0000] {logging_mixin.py:188} INFO - [2026-04-22T14:10:53.035+0000] {dag.py:3089} INFO - Sync 1 DAGs
[2026-04-22T14:10:53.046+0000] {logging_mixin.py:188} INFO - [2026-04-22T14:10:53.046+0000] {dag.py:3947} INFO - Setting next_dagrun for dq_etl_dag to 2026-04-21 03:00:00+00:00, run_after=2026-04-22 03:00:00+00:00
[2026-04-22T14:10:53.056+0000] {processor.py:183} INFO - Processing /opt/airflow/dags/dq_etl_dag.py took 0.056 seconds
[2026-04-22T14:11:24.681+0000] {processor.py:161} INFO - Started process (PID=2670) to work on /opt/airflow/dags/dq_etl_dag.py
[2026-04-22T14:11:24.682+0000] {processor.py:830} INFO - Processing file /opt/airflow/dags/dq_etl_dag.py for tasks to queue
[2026-04-22T14:11:24.683+0000] {logging_mixin.py:188} INFO - [2026-04-22T14:11:24.683+0000] {dagbag.py:545} INFO - Filling up the DagBag from /opt/airflow/dags/dq_etl_dag.py
[2026-04-22T14:11:24.692+0000] {processor.py:840} INFO - DAG(s) 'dq_etl_dag' retrieved from /opt/airflow/dags/dq_etl_dag.py
[2026-04-22T14:11:24.713+0000] {logging_mixin.py:188} INFO - [2026-04-22T14:11:24.712+0000] {dag.py:3089} INFO - Sync 1 DAGs
[2026-04-22T14:11:24.724+0000] {logging_mixin.py:188} INFO - [2026-04-22T14:11:24.724+0000] {dag.py:3947} INFO - Setting next_dagrun for dq_etl_dag to 2026-04-21 03:00:00+00:00, run_after=2026-04-22 03:00:00+00:00
[2026-04-22T14:11:24.734+0000] {processor.py:183} INFO - Processing /opt/airflow/dags/dq_etl_dag.py took 0.057 seconds
[2026-04-22T14:11:56.382+0000] {processor.py:161} INFO - Started process (PID=2687) to work on /opt/airflow/dags/dq_etl_dag.py
[2026-04-22T14:11:56.382+0000] {processor.py:830} INFO - Processing file /opt/airflow/dags/dq_etl_dag.py for tasks to queue
[2026-04-22T14:11:56.383+0000] {logging_mixin.py:188} INFO - [2026-04-22T14:11:56.383+0000] {dagbag.py:545} INFO - Filling up the DagBag from /opt/airflow/dags/dq_etl_dag.py
[2026-04-22T14:11:56.392+0000] {processor.py:840} INFO - DAG(s) 'dq_etl_dag' retrieved from /opt/airflow/dags/dq_etl_dag.py
[2026-04-22T14:11:56.412+0000] {logging_mixin.py:188} INFO - [2026-04-22T14:11:56.412+0000] {dag.py:3089} INFO - Sync 1 DAGs
[2026-04-22T14:11:56.424+0000] {logging_mixin.py:188} INFO - [2026-04-22T14:11:56.424+0000] {dag.py:3947} INFO - Setting next_dagrun for dq_etl_dag to 2026-04-21 03:00:00+00:00, run_after=2026-04-22 03:00:00+00:00
[2026-04-22T14:11:56.434+0000] {processor.py:183} INFO - Processing /opt/airflow/dags/dq_etl_dag.py took 0.056 seconds
[2026-04-22T14:12:27.086+0000] {processor.py:161} INFO - Started process (PID=2704) to work on /opt/airflow/dags/dq_etl_dag.py
[2026-04-22T14:12:27.087+0000] {processor.py:830} INFO - Processing file /opt/airflow/dags/dq_etl_dag.py for tasks to queue
[2026-04-22T14:12:27.088+0000] {logging_mixin.py:188} INFO - [2026-04-22T14:12:27.088+0000] {dagbag.py:545} INFO - Filling up the DagBag from /opt/airflow/dags/dq_etl_dag.py
[2026-04-22T14:12:27.098+0000] {processor.py:840} INFO - DAG(s) 'dq_etl_dag' retrieved from /opt/airflow/dags/dq_etl_dag.py
[2026-04-22T14:12:27.121+0000] {logging_mixin.py:188} INFO - [2026-04-22T14:12:27.121+0000] {dag.py:3089} INFO - Sync 1 DAGs
[2026-04-22T14:12:27.133+0000] {logging_mixin.py:188} INFO - [2026-04-22T14:12:27.133+0000] {dag.py:3947} INFO - Setting next_dagrun for dq_etl_dag to 2026-04-21 03:00:00+00:00, run_after=2026-04-22 03:00:00+00:00
[2026-04-22T14:12:27.144+0000] {processor.py:183} INFO - Processing /opt/airflow/dags/dq_etl_dag.py took 0.062 seconds
[2026-04-22T14:12:58.840+0000] {processor.py:161} INFO - Started process (PID=2721) to work on /opt/airflow/dags/dq_etl_dag.py
[2026-04-22T14:12:58.841+0000] {processor.py:830} INFO - Processing file /opt/airflow/dags/dq_etl_dag.py for tasks to queue
[2026-04-22T14:12:58.842+0000] {logging_mixin.py:188} INFO - [2026-04-22T14:12:58.842+0000] {dagbag.py:545} INFO - Filling up the DagBag from /opt/airflow/dags/dq_etl_dag.py
[2026-04-22T14:12:58.854+0000] {processor.py:840} INFO - DAG(s) 'dq_etl_dag' retrieved from /opt/airflow/dags/dq_etl_dag.py
[2026-04-22T14:12:58.877+0000] {logging_mixin.py:188} INFO - [2026-04-22T14:12:58.877+0000] {dag.py:3089} INFO - Sync 1 DAGs
[2026-04-22T14:12:58.892+0000] {logging_mixin.py:188} INFO - [2026-04-22T14:12:58.891+0000] {dag.py:3947} INFO - Setting next_dagrun for dq_etl_dag to 2026-04-21 03:00:00+00:00, run_after=2026-04-22 03:00:00+00:00
[2026-04-22T14:12:58.905+0000] {processor.py:183} INFO - Processing /opt/airflow/dags/dq_etl_dag.py took 0.069 seconds
[2026-04-22T14:13:30.513+0000] {processor.py:161} INFO - Started process (PID=2738) to work on /opt/airflow/dags/dq_etl_dag.py
[2026-04-22T14:13:30.513+0000] {processor.py:830} INFO - Processing file /opt/airflow/dags/dq_etl_dag.py for tasks to queue
[2026-04-22T14:13:30.514+0000] {logging_mixin.py:188} INFO - [2026-04-22T14:13:30.514+0000] {dagbag.py:545} INFO - Filling up the DagBag from /opt/airflow/dags/dq_etl_dag.py
[2026-04-22T14:13:30.524+0000] {processor.py:840} INFO - DAG(s) 'dq_etl_dag' retrieved from /opt/airflow/dags/dq_etl_dag.py
[2026-04-22T14:13:30.547+0000] {logging_mixin.py:188} INFO - [2026-04-22T14:13:30.547+0000] {dag.py:3089} INFO - Sync 1 DAGs
[2026-04-22T14:13:30.561+0000] {logging_mixin.py:188} INFO - [2026-04-22T14:13:30.561+0000] {dag.py:3947} INFO - Setting next_dagrun for dq_etl_dag to 2026-04-21 03:00:00+00:00, run_after=2026-04-22 03:00:00+00:00
[2026-04-22T14:13:30.575+0000] {processor.py:183} INFO - Processing /opt/airflow/dags/dq_etl_dag.py took 0.066 seconds
[2026-04-22T14:14:02.252+0000] {processor.py:161} INFO - Started process (PID=2755) to work on /opt/airflow/dags/dq_etl_dag.py
[2026-04-22T14:14:02.253+0000] {processor.py:830} INFO - Processing file /opt/airflow/dags/dq_etl_dag.py for tasks to queue
[2026-04-22T14:14:02.254+0000] {logging_mixin.py:188} INFO - [2026-04-22T14:14:02.253+0000] {dagbag.py:545} INFO - Filling up the DagBag from /opt/airflow/dags/dq_etl_dag.py
[2026-04-22T14:14:02.264+0000] {processor.py:840} INFO - DAG(s) 'dq_etl_dag' retrieved from /opt/airflow/dags/dq_etl_dag.py
[2026-04-22T14:14:02.284+0000] {logging_mixin.py:188} INFO - [2026-04-22T14:14:02.284+0000] {dag.py:3089} INFO - Sync 1 DAGs
[2026-04-22T14:14:02.296+0000] {logging_mixin.py:188} INFO - [2026-04-22T14:14:02.296+0000] {dag.py:3947} INFO - Setting next_dagrun for dq_etl_dag to 2026-04-21 03:00:00+00:00, run_after=2026-04-22 03:00:00+00:00
[2026-04-22T14:14:02.305+0000] {processor.py:183} INFO - Processing /opt/airflow/dags/dq_etl_dag.py took 0.057 seconds
[2026-04-22T14:14:33.959+0000] {processor.py:161} INFO - Started process (PID=2772) to work on /opt/airflow/dags/dq_etl_dag.py
[2026-04-22T14:14:33.959+0000] {processor.py:830} INFO - Processing file /opt/airflow/dags/dq_etl_dag.py for tasks to queue
[2026-04-22T14:14:33.960+0000] {logging_mixin.py:188} INFO - [2026-04-22T14:14:33.960+0000] {dagbag.py:545} INFO - Filling up the DagBag from /opt/airflow/dags/dq_etl_dag.py
[2026-04-22T14:14:33.970+0000] {processor.py:840} INFO - DAG(s) 'dq_etl_dag' retrieved from /opt/airflow/dags/dq_etl_dag.py
[2026-04-22T14:14:33.995+0000] {logging_mixin.py:188} INFO - [2026-04-22T14:14:33.995+0000] {dag.py:3089} INFO - Sync 1 DAGs
[2026-04-22T14:14:34.008+0000] {logging_mixin.py:188} INFO - [2026-04-22T14:14:34.008+0000] {dag.py:3947} INFO - Setting next_dagrun for dq_etl_dag to 2026-04-21 03:00:00+00:00, run_after=2026-04-22 03:00:00+00:00
[2026-04-22T14:14:34.018+0000] {processor.py:183} INFO - Processing /opt/airflow/dags/dq_etl_dag.py took 0.063 seconds
[2026-04-22T14:15:05.723+0000] {processor.py:161} INFO - Started process (PID=2789) to work on /opt/airflow/dags/dq_etl_dag.py
[2026-04-22T14:15:05.724+0000] {processor.py:830} INFO - Processing file /opt/airflow/dags/dq_etl_dag.py for tasks to queue
[2026-04-22T14:15:05.725+0000] {logging_mixin.py:188} INFO - [2026-04-22T14:15:05.725+0000] {dagbag.py:545} INFO - Filling up the DagBag from /opt/airflow/dags/dq_etl_dag.py
[2026-04-22T14:15:05.737+0000] {processor.py:840} INFO - DAG(s) 'dq_etl_dag' retrieved from /opt/airflow/dags/dq_etl_dag.py
[2026-04-22T14:15:05.761+0000] {logging_mixin.py:188} INFO - [2026-04-22T14:15:05.761+0000] {dag.py:3089} INFO - Sync 1 DAGs
[2026-04-22T14:15:05.776+0000] {logging_mixin.py:188} INFO - [2026-04-22T14:15:05.776+0000] {dag.py:3947} INFO - Setting next_dagrun for dq_etl_dag to 2026-04-21 03:00:00+00:00, run_after=2026-04-22 03:00:00+00:00
[2026-04-22T14:15:05.789+0000] {processor.py:183} INFO - Processing /opt/airflow/dags/dq_etl_dag.py took 0.070 seconds
[2026-04-22T14:15:37.399+0000] {processor.py:161} INFO - Started process (PID=2806) to work on /opt/airflow/dags/dq_etl_dag.py
[2026-04-22T14:15:37.399+0000] {processor.py:830} INFO - Processing file /opt/airflow/dags/dq_etl_dag.py for tasks to queue
[2026-04-22T14:15:37.400+0000] {logging_mixin.py:188} INFO - [2026-04-22T14:15:37.400+0000] {dagbag.py:545} INFO - Filling up the DagBag from /opt/airflow/dags/dq_etl_dag.py
[2026-04-22T14:15:37.418+0000] {processor.py:840} INFO - DAG(s) 'dq_etl_dag' retrieved from /opt/airflow/dags/dq_etl_dag.py
[2026-04-22T14:15:37.439+0000] {logging_mixin.py:188} INFO - [2026-04-22T14:15:37.439+0000] {dag.py:3089} INFO - Sync 1 DAGs
[2026-04-22T14:15:37.452+0000] {logging_mixin.py:188} INFO - [2026-04-22T14:15:37.452+0000] {dag.py:3947} INFO - Setting next_dagrun for dq_etl_dag to 2026-04-21 03:00:00+00:00, run_after=2026-04-22 03:00:00+00:00
[2026-04-22T14:15:37.465+0000] {processor.py:183} INFO - Processing /opt/airflow/dags/dq_etl_dag.py took 0.070 seconds
[2026-04-22T14:16:09.065+0000] {processor.py:161} INFO - Started process (PID=2823) to work on /opt/airflow/dags/dq_etl_dag.py
[2026-04-22T14:16:09.067+0000] {processor.py:830} INFO - Processing file /opt/airflow/dags/dq_etl_dag.py for tasks to queue
[2026-04-22T14:16:09.068+0000] {logging_mixin.py:188} INFO - [2026-04-22T14:16:09.068+0000] {dagbag.py:545} INFO - Filling up the DagBag from /opt/airflow/dags/dq_etl_dag.py
[2026-04-22T14:16:09.081+0000] {processor.py:840} INFO - DAG(s) 'dq_etl_dag' retrieved from /opt/airflow/dags/dq_etl_dag.py
[2026-04-22T14:16:09.109+0000] {logging_mixin.py:188} INFO - [2026-04-22T14:16:09.109+0000] {dag.py:3089} INFO - Sync 1 DAGs
[2026-04-22T14:16:09.127+0000] {logging_mixin.py:188} INFO - [2026-04-22T14:16:09.127+0000] {dag.py:3947} INFO - Setting next_dagrun for dq_etl_dag to 2026-04-21 03:00:00+00:00, run_after=2026-04-22 03:00:00+00:00
[2026-04-22T14:16:09.143+0000] {processor.py:183} INFO - Processing /opt/airflow/dags/dq_etl_dag.py took 0.083 seconds
[2026-04-22T14:16:40.888+0000] {processor.py:161} INFO - Started process (PID=2840) to work on /opt/airflow/dags/dq_etl_dag.py
[2026-04-22T14:16:40.889+0000] {processor.py:830} INFO - Processing file /opt/airflow/dags/dq_etl_dag.py for tasks to queue
[2026-04-22T14:16:40.890+0000] {logging_mixin.py:188} INFO - [2026-04-22T14:16:40.889+0000] {dagbag.py:545} INFO - Filling up the DagBag from /opt/airflow/dags/dq_etl_dag.py
[2026-04-22T14:16:40.900+0000] {processor.py:840} INFO - DAG(s) 'dq_etl_dag' retrieved from /opt/airflow/dags/dq_etl_dag.py
[2026-04-22T14:16:40.924+0000] {logging_mixin.py:188} INFO - [2026-04-22T14:16:40.924+0000] {dag.py:3089} INFO - Sync 1 DAGs
[2026-04-22T14:16:40.937+0000] {logging_mixin.py:188} INFO - [2026-04-22T14:16:40.937+0000] {dag.py:3947} INFO - Setting next_dagrun for dq_etl_dag to 2026-04-21 03:00:00+00:00, run_after=2026-04-22 03:00:00+00:00
[2026-04-22T14:16:40.949+0000] {processor.py:183} INFO - Processing /opt/airflow/dags/dq_etl_dag.py took 0.065 seconds
[2026-04-22T14:17:11.671+0000] {processor.py:161} INFO - Started process (PID=2857) to work on /opt/airflow/dags/dq_etl_dag.py
[2026-04-22T14:17:11.672+0000] {processor.py:830} INFO - Processing file /opt/airflow/dags/dq_etl_dag.py for tasks to queue
[2026-04-22T14:17:11.673+0000] {logging_mixin.py:188} INFO - [2026-04-22T14:17:11.673+0000] {dagbag.py:545} INFO - Filling up the DagBag from /opt/airflow/dags/dq_etl_dag.py
[2026-04-22T14:17:11.685+0000] {processor.py:840} INFO - DAG(s) 'dq_etl_dag' retrieved from /opt/airflow/dags/dq_etl_dag.py
[2026-04-22T14:17:11.711+0000] {logging_mixin.py:188} INFO - [2026-04-22T14:17:11.710+0000] {dag.py:3089} INFO - Sync 1 DAGs
[2026-04-22T14:17:11.726+0000] {logging_mixin.py:188} INFO - [2026-04-22T14:17:11.726+0000] {dag.py:3947} INFO - Setting next_dagrun for dq_etl_dag to 2026-04-21 03:00:00+00:00, run_after=2026-04-22 03:00:00+00:00
[2026-04-22T14:17:11.739+0000] {processor.py:183} INFO - Processing /opt/airflow/dags/dq_etl_dag.py took 0.072 seconds
[2026-04-22T14:17:43.341+0000] {processor.py:161} INFO - Started process (PID=2873) to work on /opt/airflow/dags/dq_etl_dag.py
[2026-04-22T14:17:43.341+0000] {processor.py:830} INFO - Processing file /opt/airflow/dags/dq_etl_dag.py for tasks to queue
[2026-04-22T14:17:43.342+0000] {logging_mixin.py:188} INFO - [2026-04-22T14:17:43.342+0000] {dagbag.py:545} INFO - Filling up the DagBag from /opt/airflow/dags/dq_etl_dag.py
[2026-04-22T14:17:43.351+0000] {processor.py:840} INFO - DAG(s) 'dq_etl_dag' retrieved from /opt/airflow/dags/dq_etl_dag.py
[2026-04-22T14:17:43.372+0000] {logging_mixin.py:188} INFO - [2026-04-22T14:17:43.372+0000] {dag.py:3089} INFO - Sync 1 DAGs
[2026-04-22T14:17:43.384+0000] {logging_mixin.py:188} INFO - [2026-04-22T14:17:43.383+0000] {dag.py:3947} INFO - Setting next_dagrun for dq_etl_dag to 2026-04-21 03:00:00+00:00, run_after=2026-04-22 03:00:00+00:00
[2026-04-22T14:17:43.397+0000] {processor.py:183} INFO - Processing /opt/airflow/dags/dq_etl_dag.py took 0.060 seconds
[2026-04-22T14:18:15.103+0000] {processor.py:161} INFO - Started process (PID=2890) to work on /opt/airflow/dags/dq_etl_dag.py
[2026-04-22T14:18:15.103+0000] {processor.py:830} INFO - Processing file /opt/airflow/dags/dq_etl_dag.py for tasks to queue
[2026-04-22T14:18:15.104+0000] {logging_mixin.py:188} INFO - [2026-04-22T14:18:15.104+0000] {dagbag.py:545} INFO - Filling up the DagBag from /opt/airflow/dags/dq_etl_dag.py
[2026-04-22T14:18:15.113+0000] {processor.py:840} INFO - DAG(s) 'dq_etl_dag' retrieved from /opt/airflow/dags/dq_etl_dag.py
[2026-04-22T14:18:15.133+0000] {logging_mixin.py:188} INFO - [2026-04-22T14:18:15.133+0000] {dag.py:3089} INFO - Sync 1 DAGs
[2026-04-22T14:18:15.145+0000] {logging_mixin.py:188} INFO - [2026-04-22T14:18:15.145+0000] {dag.py:3947} INFO - Setting next_dagrun for dq_etl_dag to 2026-04-21 03:00:00+00:00, run_after=2026-04-22 03:00:00+00:00
[2026-04-22T14:18:15.154+0000] {processor.py:183} INFO - Processing /opt/airflow/dags/dq_etl_dag.py took 0.055 seconds
[2026-04-22T14:18:46.820+0000] {processor.py:161} INFO - Started process (PID=2907) to work on /opt/airflow/dags/dq_etl_dag.py
[2026-04-22T14:18:46.820+0000] {processor.py:830} INFO - Processing file /opt/airflow/dags/dq_etl_dag.py for tasks to queue
[2026-04-22T14:18:46.821+0000] {logging_mixin.py:188} INFO - [2026-04-22T14:18:46.821+0000] {dagbag.py:545} INFO - Filling up the DagBag from /opt/airflow/dags/dq_etl_dag.py
[2026-04-22T14:18:46.830+0000] {processor.py:840} INFO - DAG(s) 'dq_etl_dag' retrieved from /opt/airflow/dags/dq_etl_dag.py
[2026-04-22T14:18:46.850+0000] {logging_mixin.py:188} INFO - [2026-04-22T14:18:46.850+0000] {dag.py:3089} INFO - Sync 1 DAGs
[2026-04-22T14:18:46.861+0000] {logging_mixin.py:188} INFO - [2026-04-22T14:18:46.861+0000] {dag.py:3947} INFO - Setting next_dagrun for dq_etl_dag to 2026-04-21 03:00:00+00:00, run_after=2026-04-22 03:00:00+00:00
[2026-04-22T14:18:46.869+0000] {processor.py:183} INFO - Processing /opt/airflow/dags/dq_etl_dag.py took 0.053 seconds
[2026-04-22T14:19:18.579+0000] {processor.py:161} INFO - Started process (PID=2923) to work on /opt/airflow/dags/dq_etl_dag.py
[2026-04-22T14:19:18.580+0000] {processor.py:830} INFO - Processing file /opt/airflow/dags/dq_etl_dag.py for tasks to queue
[2026-04-22T14:19:18.581+0000] {logging_mixin.py:188} INFO - [2026-04-22T14:19:18.581+0000] {dagbag.py:545} INFO - Filling up the DagBag from /opt/airflow/dags/dq_etl_dag.py
[2026-04-22T14:19:18.591+0000] {processor.py:840} INFO - DAG(s) 'dq_etl_dag' retrieved from /opt/airflow/dags/dq_etl_dag.py
[2026-04-22T14:19:18.613+0000] {logging_mixin.py:188} INFO - [2026-04-22T14:19:18.613+0000] {dag.py:3089} INFO - Sync 1 DAGs
[2026-04-22T14:19:18.627+0000] {logging_mixin.py:188} INFO - [2026-04-22T14:19:18.626+0000] {dag.py:3947} INFO - Setting next_dagrun for dq_etl_dag to 2026-04-21 03:00:00+00:00, run_after=2026-04-22 03:00:00+00:00
[2026-04-22T14:19:18.638+0000] {processor.py:183} INFO - Processing /opt/airflow/dags/dq_etl_dag.py took 0.062 seconds
[2026-04-22T14:19:50.278+0000] {processor.py:161} INFO - Started process (PID=2940) to work on /opt/airflow/dags/dq_etl_dag.py
[2026-04-22T14:19:50.279+0000] {processor.py:830} INFO - Processing file /opt/airflow/dags/dq_etl_dag.py for tasks to queue
[2026-04-22T14:19:50.280+0000] {logging_mixin.py:188} INFO - [2026-04-22T14:19:50.280+0000] {dagbag.py:545} INFO - Filling up the DagBag from /opt/airflow/dags/dq_etl_dag.py
[2026-04-22T14:19:50.290+0000] {processor.py:840} INFO - DAG(s) 'dq_etl_dag' retrieved from /opt/airflow/dags/dq_etl_dag.py
[2026-04-22T14:19:50.311+0000] {logging_mixin.py:188} INFO - [2026-04-22T14:19:50.311+0000] {dag.py:3089} INFO - Sync 1 DAGs
[2026-04-22T14:19:50.322+0000] {logging_mixin.py:188} INFO - [2026-04-22T14:19:50.322+0000] {dag.py:3947} INFO - Setting next_dagrun for dq_etl_dag to 2026-04-21 03:00:00+00:00, run_after=2026-04-22 03:00:00+00:00
[2026-04-22T14:19:50.330+0000] {processor.py:183} INFO - Processing /opt/airflow/dags/dq_etl_dag.py took 0.056 seconds
[2026-04-22T14:20:22.028+0000] {processor.py:161} INFO - Started process (PID=2956) to work on /opt/airflow/dags/dq_etl_dag.py
[2026-04-22T14:20:22.029+0000] {processor.py:830} INFO - Processing file /opt/airflow/dags/dq_etl_dag.py for tasks to queue
[2026-04-22T14:20:22.030+0000] {logging_mixin.py:188} INFO - [2026-04-22T14:20:22.030+0000] {dagbag.py:545} INFO - Filling up the DagBag from /opt/airflow/dags/dq_etl_dag.py
[2026-04-22T14:20:22.039+0000] {processor.py:840} INFO - DAG(s) 'dq_etl_dag' retrieved from /opt/airflow/dags/dq_etl_dag.py
[2026-04-22T14:20:22.064+0000] {logging_mixin.py:188} INFO - [2026-04-22T14:20:22.064+0000] {dag.py:3089} INFO - Sync 1 DAGs
[2026-04-22T14:20:22.077+0000] {logging_mixin.py:188} INFO - [2026-04-22T14:20:22.077+0000] {dag.py:3947} INFO - Setting next_dagrun for dq_etl_dag to 2026-04-21 03:00:00+00:00, run_after=2026-04-22 03:00:00+00:00
[2026-04-22T14:20:22.088+0000] {processor.py:183} INFO - Processing /opt/airflow/dags/dq_etl_dag.py took 0.063 seconds
[2026-04-22T14:20:53.758+0000] {processor.py:161} INFO - Started process (PID=2973) to work on /opt/airflow/dags/dq_etl_dag.py
[2026-04-22T14:20:53.759+0000] {processor.py:830} INFO - Processing file /opt/airflow/dags/dq_etl_dag.py for tasks to queue
[2026-04-22T14:20:53.760+0000] {logging_mixin.py:188} INFO - [2026-04-22T14:20:53.760+0000] {dagbag.py:545} INFO - Filling up the DagBag from /opt/airflow/dags/dq_etl_dag.py
[2026-04-22T14:20:53.768+0000] {processor.py:840} INFO - DAG(s) 'dq_etl_dag' retrieved from /opt/airflow/dags/dq_etl_dag.py
[2026-04-22T14:20:53.789+0000] {logging_mixin.py:188} INFO - [2026-04-22T14:20:53.788+0000] {dag.py:3089} INFO - Sync 1 DAGs
[2026-04-22T14:20:53.799+0000] {logging_mixin.py:188} INFO - [2026-04-22T14:20:53.799+0000] {dag.py:3947} INFO - Setting next_dagrun for dq_etl_dag to 2026-04-21 03:00:00+00:00, run_after=2026-04-22 03:00:00+00:00
[2026-04-22T14:20:53.809+0000] {processor.py:183} INFO - Processing /opt/airflow/dags/dq_etl_dag.py took 0.054 seconds
[2026-04-22T14:30:05.924+0000] {processor.py:161} INFO - Started process (PID=2984) to work on /opt/airflow/dags/dq_etl_dag.py
[2026-04-22T14:30:05.924+0000] {processor.py:830} INFO - Processing file /opt/airflow/dags/dq_etl_dag.py for tasks to queue
[2026-04-22T14:30:05.925+0000] {logging_mixin.py:188} INFO - [2026-04-22T14:30:05.925+0000] {dagbag.py:545} INFO - Filling up the DagBag from /opt/airflow/dags/dq_etl_dag.py
[2026-04-22T14:30:05.933+0000] {processor.py:840} INFO - DAG(s) 'dq_etl_dag' retrieved from /opt/airflow/dags/dq_etl_dag.py
[2026-04-22T14:30:05.953+0000] {logging_mixin.py:188} INFO - [2026-04-22T14:30:05.953+0000] {dag.py:3089} INFO - Sync 1 DAGs
[2026-04-22T14:30:05.964+0000] {logging_mixin.py:188} INFO - [2026-04-22T14:30:05.964+0000] {dag.py:3947} INFO - Setting next_dagrun for dq_etl_dag to 2026-04-21 03:00:00+00:00, run_after=2026-04-22 03:00:00+00:00
[2026-04-22T14:30:05.974+0000] {processor.py:183} INFO - Processing /opt/airflow/dags/dq_etl_dag.py took 0.053 seconds
[2026-04-22T14:30:36.822+0000] {processor.py:161} INFO - Started process (PID=3000) to work on /opt/airflow/dags/dq_etl_dag.py
[2026-04-22T14:30:36.823+0000] {processor.py:830} INFO - Processing file /opt/airflow/dags/dq_etl_dag.py for tasks to queue
[2026-04-22T14:30:36.824+0000] {logging_mixin.py:188} INFO - [2026-04-22T14:30:36.823+0000] {dagbag.py:545} INFO - Filling up the DagBag from /opt/airflow/dags/dq_etl_dag.py
[2026-04-22T14:30:36.832+0000] {processor.py:840} INFO - DAG(s) 'dq_etl_dag' retrieved from /opt/airflow/dags/dq_etl_dag.py
[2026-04-22T14:30:36.851+0000] {logging_mixin.py:188} INFO - [2026-04-22T14:30:36.851+0000] {dag.py:3089} INFO - Sync 1 DAGs
[2026-04-22T14:30:36.863+0000] {logging_mixin.py:188} INFO - [2026-04-22T14:30:36.863+0000] {dag.py:3947} INFO - Setting next_dagrun for dq_etl_dag to 2026-04-21 03:00:00+00:00, run_after=2026-04-22 03:00:00+00:00
[2026-04-22T14:30:36.874+0000] {processor.py:183} INFO - Processing /opt/airflow/dags/dq_etl_dag.py took 0.057 seconds
[2026-04-22T14:31:07.075+0000] {processor.py:161} INFO - Started process (PID=3017) to work on /opt/airflow/dags/dq_etl_dag.py
[2026-04-22T14:31:07.076+0000] {processor.py:830} INFO - Processing file /opt/airflow/dags/dq_etl_dag.py for tasks to queue
[2026-04-22T14:31:07.077+0000] {logging_mixin.py:188} INFO - [2026-04-22T14:31:07.077+0000] {dagbag.py:545} INFO - Filling up the DagBag from /opt/airflow/dags/dq_etl_dag.py
[2026-04-22T14:31:07.086+0000] {processor.py:840} INFO - DAG(s) 'dq_etl_dag' retrieved from /opt/airflow/dags/dq_etl_dag.py
[2026-04-22T14:31:07.107+0000] {logging_mixin.py:188} INFO - [2026-04-22T14:31:07.107+0000] {dag.py:3089} INFO - Sync 1 DAGs
[2026-04-22T14:31:07.119+0000] {logging_mixin.py:188} INFO - [2026-04-22T14:31:07.119+0000] {dag.py:3947} INFO - Setting next_dagrun for dq_etl_dag to 2026-04-21 03:00:00+00:00, run_after=2026-04-22 03:00:00+00:00
[2026-04-22T14:31:07.130+0000] {processor.py:183} INFO - Processing /opt/airflow/dags/dq_etl_dag.py took 0.059 seconds
[2026-04-22T14:31:37.941+0000] {processor.py:161} INFO - Started process (PID=3034) to work on /opt/airflow/dags/dq_etl_dag.py
[2026-04-22T14:31:37.942+0000] {processor.py:830} INFO - Processing file /opt/airflow/dags/dq_etl_dag.py for tasks to queue
[2026-04-22T14:31:37.943+0000] {logging_mixin.py:188} INFO - [2026-04-22T14:31:37.943+0000] {dagbag.py:545} INFO - Filling up the DagBag from /opt/airflow/dags/dq_etl_dag.py
[2026-04-22T14:31:37.955+0000] {processor.py:840} INFO - DAG(s) 'dq_etl_dag' retrieved from /opt/airflow/dags/dq_etl_dag.py
[2026-04-22T14:31:37.978+0000] {logging_mixin.py:188} INFO - [2026-04-22T14:31:37.978+0000] {dag.py:3089} INFO - Sync 1 DAGs
[2026-04-22T14:31:37.991+0000] {logging_mixin.py:188} INFO - [2026-04-22T14:31:37.991+0000] {dag.py:3947} INFO - Setting next_dagrun for dq_etl_dag to 2026-04-21 03:00:00+00:00, run_after=2026-04-22 03:00:00+00:00
[2026-04-22T14:31:38.002+0000] {processor.py:183} INFO - Processing /opt/airflow/dags/dq_etl_dag.py took 0.065 seconds
[2026-04-22T14:32:08.078+0000] {processor.py:161} INFO - Started process (PID=3051) to work on /opt/airflow/dags/dq_etl_dag.py
[2026-04-22T14:32:08.079+0000] {processor.py:830} INFO - Processing file /opt/airflow/dags/dq_etl_dag.py for tasks to queue
[2026-04-22T14:32:08.080+0000] {logging_mixin.py:188} INFO - [2026-04-22T14:32:08.079+0000] {dagbag.py:545} INFO - Filling up the DagBag from /opt/airflow/dags/dq_etl_dag.py
[2026-04-22T14:32:08.089+0000] {processor.py:840} INFO - DAG(s) 'dq_etl_dag' retrieved from /opt/airflow/dags/dq_etl_dag.py
[2026-04-22T14:32:08.108+0000] {logging_mixin.py:188} INFO - [2026-04-22T14:32:08.108+0000] {dag.py:3089} INFO - Sync 1 DAGs
[2026-04-22T14:32:08.119+0000] {logging_mixin.py:188} INFO - [2026-04-22T14:32:08.119+0000] {dag.py:3947} INFO - Setting next_dagrun for dq_etl_dag to 2026-04-21 03:00:00+00:00, run_after=2026-04-22 03:00:00+00:00
[2026-04-22T14:32:08.127+0000] {processor.py:183} INFO - Processing /opt/airflow/dags/dq_etl_dag.py took 0.053 seconds
[2026-04-22T14:32:38.286+0000] {processor.py:161} INFO - Started process (PID=3068) to work on /opt/airflow/dags/dq_etl_dag.py
[2026-04-22T14:32:38.287+0000] {processor.py:830} INFO - Processing file /opt/airflow/dags/dq_etl_dag.py for tasks to queue
[2026-04-22T14:32:38.288+0000] {logging_mixin.py:188} INFO - [2026-04-22T14:32:38.287+0000] {dagbag.py:545} INFO - Filling up the DagBag from /opt/airflow/dags/dq_etl_dag.py
[2026-04-22T14:32:38.296+0000] {processor.py:840} INFO - DAG(s) 'dq_etl_dag' retrieved from /opt/airflow/dags/dq_etl_dag.py
[2026-04-22T14:32:38.314+0000] {logging_mixin.py:188} INFO - [2026-04-22T14:32:38.314+0000] {dag.py:3089} INFO - Sync 1 DAGs
[2026-04-22T14:32:38.325+0000] {logging_mixin.py:188} INFO - [2026-04-22T14:32:38.325+0000] {dag.py:3947} INFO - Setting next_dagrun for dq_etl_dag to 2026-04-21 03:00:00+00:00, run_after=2026-04-22 03:00:00+00:00
[2026-04-22T14:32:38.335+0000] {processor.py:183} INFO - Processing /opt/airflow/dags/dq_etl_dag.py took 0.052 seconds
[2026-04-22T14:33:08.467+0000] {processor.py:161} INFO - Started process (PID=3085) to work on /opt/airflow/dags/dq_etl_dag.py
[2026-04-22T14:33:08.468+0000] {processor.py:830} INFO - Processing file /opt/airflow/dags/dq_etl_dag.py for tasks to queue
[2026-04-22T14:33:08.469+0000] {logging_mixin.py:188} INFO - [2026-04-22T14:33:08.468+0000] {dagbag.py:545} INFO - Filling up the DagBag from /opt/airflow/dags/dq_etl_dag.py
[2026-04-22T14:33:08.478+0000] {processor.py:840} INFO - DAG(s) 'dq_etl_dag' retrieved from /opt/airflow/dags/dq_etl_dag.py
[2026-04-22T14:33:08.498+0000] {logging_mixin.py:188} INFO - [2026-04-22T14:33:08.498+0000] {dag.py:3089} INFO - Sync 1 DAGs
[2026-04-22T14:33:08.510+0000] {logging_mixin.py:188} INFO - [2026-04-22T14:33:08.510+0000] {dag.py:3947} INFO - Setting next_dagrun for dq_etl_dag to 2026-04-21 03:00:00+00:00, run_after=2026-04-22 03:00:00+00:00
[2026-04-22T14:33:08.520+0000] {processor.py:183} INFO - Processing /opt/airflow/dags/dq_etl_dag.py took 0.056 seconds
[2026-04-22T14:33:38.627+0000] {processor.py:161} INFO - Started process (PID=3102) to work on /opt/airflow/dags/dq_etl_dag.py
[2026-04-22T14:33:38.627+0000] {processor.py:830} INFO - Processing file /opt/airflow/dags/dq_etl_dag.py for tasks to queue
[2026-04-22T14:33:38.628+0000] {logging_mixin.py:188} INFO - [2026-04-22T14:33:38.628+0000] {dagbag.py:545} INFO - Filling up the DagBag from /opt/airflow/dags/dq_etl_dag.py
[2026-04-22T14:33:38.636+0000] {processor.py:840} INFO - DAG(s) 'dq_etl_dag' retrieved from /opt/airflow/dags/dq_etl_dag.py
[2026-04-22T14:33:38.656+0000] {logging_mixin.py:188} INFO - [2026-04-22T14:33:38.656+0000] {dag.py:3089} INFO - Sync 1 DAGs
[2026-04-22T14:33:38.667+0000] {logging_mixin.py:188} INFO - [2026-04-22T14:33:38.667+0000] {dag.py:3947} INFO - Setting next_dagrun for dq_etl_dag to 2026-04-21 03:00:00+00:00, run_after=2026-04-22 03:00:00+00:00
[2026-04-22T14:33:38.679+0000] {processor.py:183} INFO - Processing /opt/airflow/dags/dq_etl_dag.py took 0.056 seconds
[2026-04-22T14:34:09.638+0000] {processor.py:161} INFO - Started process (PID=3113) to work on /opt/airflow/dags/dq_etl_dag.py
[2026-04-22T14:34:09.639+0000] {processor.py:830} INFO - Processing file /opt/airflow/dags/dq_etl_dag.py for tasks to queue
[2026-04-22T14:34:09.640+0000] {logging_mixin.py:188} INFO - [2026-04-22T14:34:09.640+0000] {dagbag.py:545} INFO - Filling up the DagBag from /opt/airflow/dags/dq_etl_dag.py
[2026-04-22T14:34:09.649+0000] {processor.py:840} INFO - DAG(s) 'dq_etl_dag' retrieved from /opt/airflow/dags/dq_etl_dag.py
[2026-04-22T14:34:09.668+0000] {logging_mixin.py:188} INFO - [2026-04-22T14:34:09.668+0000] {dag.py:3089} INFO - Sync 1 DAGs
[2026-04-22T14:34:09.678+0000] {logging_mixin.py:188} INFO - [2026-04-22T14:34:09.678+0000] {dag.py:3947} INFO - Setting next_dagrun for dq_etl_dag to 2026-04-21 03:00:00+00:00, run_after=2026-04-22 03:00:00+00:00
[2026-04-22T14:34:09.688+0000] {processor.py:183} INFO - Processing /opt/airflow/dags/dq_etl_dag.py took 0.053 seconds
[2026-04-22T14:34:40.616+0000] {processor.py:161} INFO - Started process (PID=3130) to work on /opt/airflow/dags/dq_etl_dag.py
[2026-04-22T14:34:40.616+0000] {processor.py:830} INFO - Processing file /opt/airflow/dags/dq_etl_dag.py for tasks to queue
[2026-04-22T14:34:40.617+0000] {logging_mixin.py:188} INFO - [2026-04-22T14:34:40.617+0000] {dagbag.py:545} INFO - Filling up the DagBag from /opt/airflow/dags/dq_etl_dag.py
[2026-04-22T14:34:40.625+0000] {processor.py:840} INFO - DAG(s) 'dq_etl_dag' retrieved from /opt/airflow/dags/dq_etl_dag.py
[2026-04-22T14:34:40.645+0000] {logging_mixin.py:188} INFO - [2026-04-22T14:34:40.645+0000] {dag.py:3089} INFO - Sync 1 DAGs
[2026-04-22T14:34:40.656+0000] {logging_mixin.py:188} INFO - [2026-04-22T14:34:40.656+0000] {dag.py:3947} INFO - Setting next_dagrun for dq_etl_dag to 2026-04-21 03:00:00+00:00, run_after=2026-04-22 03:00:00+00:00
[2026-04-22T14:34:40.666+0000] {processor.py:183} INFO - Processing /opt/airflow/dags/dq_etl_dag.py took 0.053 seconds
[2026-04-22T14:35:10.753+0000] {processor.py:161} INFO - Started process (PID=3147) to work on /opt/airflow/dags/dq_etl_dag.py
[2026-04-22T14:35:10.754+0000] {processor.py:830} INFO - Processing file /opt/airflow/dags/dq_etl_dag.py for tasks to queue
[2026-04-22T14:35:10.755+0000] {logging_mixin.py:188} INFO - [2026-04-22T14:35:10.755+0000] {dagbag.py:545} INFO - Filling up the DagBag from /opt/airflow/dags/dq_etl_dag.py
[2026-04-22T14:35:10.765+0000] {processor.py:840} INFO - DAG(s) 'dq_etl_dag' retrieved from /opt/airflow/dags/dq_etl_dag.py
[2026-04-22T14:35:10.787+0000] {logging_mixin.py:188} INFO - [2026-04-22T14:35:10.787+0000] {dag.py:3089} INFO - Sync 1 DAGs
[2026-04-22T14:35:10.800+0000] {logging_mixin.py:188} INFO - [2026-04-22T14:35:10.800+0000] {dag.py:3947} INFO - Setting next_dagrun for dq_etl_dag to 2026-04-21 03:00:00+00:00, run_after=2026-04-22 03:00:00+00:00
[2026-04-22T14:35:10.811+0000] {processor.py:183} INFO - Processing /opt/airflow/dags/dq_etl_dag.py took 0.062 seconds
[2026-04-22T14:35:40.843+0000] {processor.py:161} INFO - Started process (PID=3164) to work on /opt/airflow/dags/dq_etl_dag.py
[2026-04-22T14:35:40.843+0000] {processor.py:830} INFO - Processing file /opt/airflow/dags/dq_etl_dag.py for tasks to queue
[2026-04-22T14:35:40.844+0000] {logging_mixin.py:188} INFO - [2026-04-22T14:35:40.844+0000] {dagbag.py:545} INFO - Filling up the DagBag from /opt/airflow/dags/dq_etl_dag.py
[2026-04-22T14:35:40.854+0000] {processor.py:840} INFO - DAG(s) 'dq_etl_dag' retrieved from /opt/airflow/dags/dq_etl_dag.py
[2026-04-22T14:35:40.878+0000] {logging_mixin.py:188} INFO - [2026-04-22T14:35:40.878+0000] {dag.py:3089} INFO - Sync 1 DAGs
[2026-04-22T14:35:40.891+0000] {logging_mixin.py:188} INFO - [2026-04-22T14:35:40.891+0000] {dag.py:3947} INFO - Setting next_dagrun for dq_etl_dag to 2026-04-21 03:00:00+00:00, run_after=2026-04-22 03:00:00+00:00
[2026-04-22T14:35:40.903+0000] {processor.py:183} INFO - Processing /opt/airflow/dags/dq_etl_dag.py took 0.064 seconds
[2026-04-22T14:36:11.831+0000] {processor.py:161} INFO - Started process (PID=3181) to work on /opt/airflow/dags/dq_etl_dag.py
[2026-04-22T14:36:11.832+0000] {processor.py:830} INFO - Processing file /opt/airflow/dags/dq_etl_dag.py for tasks to queue
[2026-04-22T14:36:11.834+0000] {logging_mixin.py:188} INFO - [2026-04-22T14:36:11.833+0000] {dagbag.py:545} INFO - Filling up the DagBag from /opt/airflow/dags/dq_etl_dag.py
[2026-04-22T14:36:11.842+0000] {processor.py:840} INFO - DAG(s) 'dq_etl_dag' retrieved from /opt/airflow/dags/dq_etl_dag.py
[2026-04-22T14:36:11.864+0000] {logging_mixin.py:188} INFO - [2026-04-22T14:36:11.864+0000] {dag.py:3089} INFO - Sync 1 DAGs
[2026-04-22T14:36:11.874+0000] {logging_mixin.py:188} INFO - [2026-04-22T14:36:11.874+0000] {dag.py:3947} INFO - Setting next_dagrun for dq_etl_dag to 2026-04-21 03:00:00+00:00, run_after=2026-04-22 03:00:00+00:00
[2026-04-22T14:36:11.886+0000] {processor.py:183} INFO - Processing /opt/airflow/dags/dq_etl_dag.py took 0.058 seconds
[2026-04-22T14:36:43.909+0000] {processor.py:161} INFO - Started process (PID=3199) to work on /opt/airflow/dags/dq_etl_dag.py
[2026-04-22T14:36:43.909+0000] {processor.py:830} INFO - Processing file /opt/airflow/dags/dq_etl_dag.py for tasks to queue
[2026-04-22T14:36:43.910+0000] {logging_mixin.py:188} INFO - [2026-04-22T14:36:43.910+0000] {dagbag.py:545} INFO - Filling up the DagBag from /opt/airflow/dags/dq_etl_dag.py
[2026-04-22T14:36:43.918+0000] {processor.py:840} INFO - DAG(s) 'dq_etl_dag' retrieved from /opt/airflow/dags/dq_etl_dag.py
[2026-04-22T14:36:43.940+0000] {logging_mixin.py:188} INFO - [2026-04-22T14:36:43.940+0000] {dag.py:3089} INFO - Sync 1 DAGs
[2026-04-22T14:36:43.951+0000] {logging_mixin.py:188} INFO - [2026-04-22T14:36:43.950+0000] {dag.py:3947} INFO - Setting next_dagrun for dq_etl_dag to 2026-04-21 03:00:00+00:00, run_after=2026-04-22 03:00:00+00:00
[2026-04-22T14:36:43.962+0000] {processor.py:183} INFO - Processing /opt/airflow/dags/dq_etl_dag.py took 0.056 seconds
[2026-04-22T14:37:15.971+0000] {processor.py:161} INFO - Started process (PID=3216) to work on /opt/airflow/dags/dq_etl_dag.py
[2026-04-22T14:37:15.972+0000] {processor.py:830} INFO - Processing file /opt/airflow/dags/dq_etl_dag.py for tasks to queue
[2026-04-22T14:37:15.973+0000] {logging_mixin.py:188} INFO - [2026-04-22T14:37:15.972+0000] {dagbag.py:545} INFO - Filling up the DagBag from /opt/airflow/dags/dq_etl_dag.py
[2026-04-22T14:37:15.981+0000] {processor.py:840} INFO - DAG(s) 'dq_etl_dag' retrieved from /opt/airflow/dags/dq_etl_dag.py
[2026-04-22T14:37:16.001+0000] {logging_mixin.py:188} INFO - [2026-04-22T14:37:16.001+0000] {dag.py:3089} INFO - Sync 1 DAGs
[2026-04-22T14:37:16.012+0000] {logging_mixin.py:188} INFO - [2026-04-22T14:37:16.012+0000] {dag.py:3947} INFO - Setting next_dagrun for dq_etl_dag to 2026-04-21 03:00:00+00:00, run_after=2026-04-22 03:00:00+00:00
[2026-04-22T14:37:16.025+0000] {processor.py:183} INFO - Processing /opt/airflow/dags/dq_etl_dag.py took 0.057 seconds
[2026-04-22T14:37:48.012+0000] {processor.py:161} INFO - Started process (PID=3233) to work on /opt/airflow/dags/dq_etl_dag.py
[2026-04-22T14:37:48.012+0000] {processor.py:830} INFO - Processing file /opt/airflow/dags/dq_etl_dag.py for tasks to queue
[2026-04-22T14:37:48.013+0000] {logging_mixin.py:188} INFO - [2026-04-22T14:37:48.013+0000] {dagbag.py:545} INFO - Filling up the DagBag from /opt/airflow/dags/dq_etl_dag.py
[2026-04-22T14:37:48.022+0000] {processor.py:840} INFO - DAG(s) 'dq_etl_dag' retrieved from /opt/airflow/dags/dq_etl_dag.py
[2026-04-22T14:37:48.042+0000] {logging_mixin.py:188} INFO - [2026-04-22T14:37:48.042+0000] {dag.py:3089} INFO - Sync 1 DAGs
[2026-04-22T14:37:48.053+0000] {logging_mixin.py:188} INFO - [2026-04-22T14:37:48.053+0000] {dag.py:3947} INFO - Setting next_dagrun for dq_etl_dag to 2026-04-21 03:00:00+00:00, run_after=2026-04-22 03:00:00+00:00
[2026-04-22T14:37:48.062+0000] {processor.py:183} INFO - Processing /opt/airflow/dags/dq_etl_dag.py took 0.053 seconds
[2026-04-22T14:38:20.036+0000] {processor.py:161} INFO - Started process (PID=3250) to work on /opt/airflow/dags/dq_etl_dag.py
[2026-04-22T14:38:20.038+0000] {processor.py:830} INFO - Processing file /opt/airflow/dags/dq_etl_dag.py for tasks to queue
[2026-04-22T14:38:20.039+0000] {logging_mixin.py:188} INFO - [2026-04-22T14:38:20.039+0000] {dagbag.py:545} INFO - Filling up the DagBag from /opt/airflow/dags/dq_etl_dag.py
[2026-04-22T14:38:20.051+0000] {processor.py:840} INFO - DAG(s) 'dq_etl_dag' retrieved from /opt/airflow/dags/dq_etl_dag.py
[2026-04-22T14:38:20.076+0000] {logging_mixin.py:188} INFO - [2026-04-22T14:38:20.076+0000] {dag.py:3089} INFO - Sync 1 DAGs
[2026-04-22T14:38:20.091+0000] {logging_mixin.py:188} INFO - [2026-04-22T14:38:20.090+0000] {dag.py:3947} INFO - Setting next_dagrun for dq_etl_dag to 2026-04-21 03:00:00+00:00, run_after=2026-04-22 03:00:00+00:00
[2026-04-22T14:38:20.104+0000] {processor.py:183} INFO - Processing /opt/airflow/dags/dq_etl_dag.py took 0.072 seconds
[2026-04-22T14:38:52.097+0000] {processor.py:161} INFO - Started process (PID=3267) to work on /opt/airflow/dags/dq_etl_dag.py
[2026-04-22T14:38:52.097+0000] {processor.py:830} INFO - Processing file /opt/airflow/dags/dq_etl_dag.py for tasks to queue
[2026-04-22T14:38:52.098+0000] {logging_mixin.py:188} INFO - [2026-04-22T14:38:52.098+0000] {dagbag.py:545} INFO - Filling up the DagBag from /opt/airflow/dags/dq_etl_dag.py
[2026-04-22T14:38:52.106+0000] {processor.py:840} INFO - DAG(s) 'dq_etl_dag' retrieved from /opt/airflow/dags/dq_etl_dag.py
[2026-04-22T14:38:52.127+0000] {logging_mixin.py:188} INFO - [2026-04-22T14:38:52.127+0000] {dag.py:3089} INFO - Sync 1 DAGs
[2026-04-22T14:38:52.138+0000] {logging_mixin.py:188} INFO - [2026-04-22T14:38:52.138+0000] {dag.py:3947} INFO - Setting next_dagrun for dq_etl_dag to 2026-04-21 03:00:00+00:00, run_after=2026-04-22 03:00:00+00:00
[2026-04-22T14:38:52.150+0000] {processor.py:183} INFO - Processing /opt/airflow/dags/dq_etl_dag.py took 0.057 seconds
[2026-04-22T14:39:24.167+0000] {processor.py:161} INFO - Started process (PID=3284) to work on /opt/airflow/dags/dq_etl_dag.py
[2026-04-22T14:39:24.168+0000] {processor.py:830} INFO - Processing file /opt/airflow/dags/dq_etl_dag.py for tasks to queue
[2026-04-22T14:39:24.168+0000] {logging_mixin.py:188} INFO - [2026-04-22T14:39:24.168+0000] {dagbag.py:545} INFO - Filling up the DagBag from /opt/airflow/dags/dq_etl_dag.py
[2026-04-22T14:39:24.178+0000] {processor.py:840} INFO - DAG(s) 'dq_etl_dag' retrieved from /opt/airflow/dags/dq_etl_dag.py
[2026-04-22T14:39:24.199+0000] {logging_mixin.py:188} INFO - [2026-04-22T14:39:24.199+0000] {dag.py:3089} INFO - Sync 1 DAGs
[2026-04-22T14:39:24.212+0000] {logging_mixin.py:188} INFO - [2026-04-22T14:39:24.212+0000] {dag.py:3947} INFO - Setting next_dagrun for dq_etl_dag to 2026-04-21 03:00:00+00:00, run_after=2026-04-22 03:00:00+00:00
[2026-04-22T14:39:24.222+0000] {processor.py:183} INFO - Processing /opt/airflow/dags/dq_etl_dag.py took 0.059 seconds
[2026-04-22T14:39:56.215+0000] {processor.py:161} INFO - Started process (PID=3301) to work on /opt/airflow/dags/dq_etl_dag.py
[2026-04-22T14:39:56.216+0000] {processor.py:830} INFO - Processing file /opt/airflow/dags/dq_etl_dag.py for tasks to queue
[2026-04-22T14:39:56.217+0000] {logging_mixin.py:188} INFO - [2026-04-22T14:39:56.217+0000] {dagbag.py:545} INFO - Filling up the DagBag from /opt/airflow/dags/dq_etl_dag.py
[2026-04-22T14:39:56.226+0000] {processor.py:840} INFO - DAG(s) 'dq_etl_dag' retrieved from /opt/airflow/dags/dq_etl_dag.py
[2026-04-22T14:39:56.247+0000] {logging_mixin.py:188} INFO - [2026-04-22T14:39:56.247+0000] {dag.py:3089} INFO - Sync 1 DAGs
[2026-04-22T14:39:56.258+0000] {logging_mixin.py:188} INFO - [2026-04-22T14:39:56.258+0000] {dag.py:3947} INFO - Setting next_dagrun for dq_etl_dag to 2026-04-21 03:00:00+00:00, run_after=2026-04-22 03:00:00+00:00
[2026-04-22T14:39:56.268+0000] {processor.py:183} INFO - Processing /opt/airflow/dags/dq_etl_dag.py took 0.056 seconds
[2026-04-22T14:40:27.234+0000] {processor.py:161} INFO - Started process (PID=3318) to work on /opt/airflow/dags/dq_etl_dag.py
[2026-04-22T14:40:27.235+0000] {processor.py:830} INFO - Processing file /opt/airflow/dags/dq_etl_dag.py for tasks to queue
[2026-04-22T14:40:27.236+0000] {logging_mixin.py:188} INFO - [2026-04-22T14:40:27.236+0000] {dagbag.py:545} INFO - Filling up the DagBag from /opt/airflow/dags/dq_etl_dag.py
[2026-04-22T14:40:27.244+0000] {processor.py:840} INFO - DAG(s) 'dq_etl_dag' retrieved from /opt/airflow/dags/dq_etl_dag.py
[2026-04-22T14:40:27.265+0000] {logging_mixin.py:188} INFO - [2026-04-22T14:40:27.265+0000] {dag.py:3089} INFO - Sync 1 DAGs
[2026-04-22T14:40:27.278+0000] {logging_mixin.py:188} INFO - [2026-04-22T14:40:27.278+0000] {dag.py:3947} INFO - Setting next_dagrun for dq_etl_dag to 2026-04-21 03:00:00+00:00, run_after=2026-04-22 03:00:00+00:00
[2026-04-22T14:40:27.291+0000] {processor.py:183} INFO - Processing /opt/airflow/dags/dq_etl_dag.py took 0.060 seconds
[2026-04-22T14:40:59.278+0000] {processor.py:161} INFO - Started process (PID=3336) to work on /opt/airflow/dags/dq_etl_dag.py
[2026-04-22T14:40:59.279+0000] {processor.py:830} INFO - Processing file /opt/airflow/dags/dq_etl_dag.py for tasks to queue
[2026-04-22T14:40:59.279+0000] {logging_mixin.py:188} INFO - [2026-04-22T14:40:59.279+0000] {dagbag.py:545} INFO - Filling up the DagBag from /opt/airflow/dags/dq_etl_dag.py
[2026-04-22T14:40:59.287+0000] {processor.py:840} INFO - DAG(s) 'dq_etl_dag' retrieved from /opt/airflow/dags/dq_etl_dag.py
[2026-04-22T14:40:59.307+0000] {logging_mixin.py:188} INFO - [2026-04-22T14:40:59.307+0000] {dag.py:3089} INFO - Sync 1 DAGs
[2026-04-22T14:40:59.318+0000] {logging_mixin.py:188} INFO - [2026-04-22T14:40:59.318+0000] {dag.py:3947} INFO - Setting next_dagrun for dq_etl_dag to 2026-04-21 03:00:00+00:00, run_after=2026-04-22 03:00:00+00:00
[2026-04-22T14:40:59.329+0000] {processor.py:183} INFO - Processing /opt/airflow/dags/dq_etl_dag.py took 0.054 seconds
[2026-04-22T14:41:31.364+0000] {processor.py:161} INFO - Started process (PID=3353) to work on /opt/airflow/dags/dq_etl_dag.py
[2026-04-22T14:41:31.365+0000] {processor.py:830} INFO - Processing file /opt/airflow/dags/dq_etl_dag.py for tasks to queue
[2026-04-22T14:41:31.366+0000] {logging_mixin.py:188} INFO - [2026-04-22T14:41:31.366+0000] {dagbag.py:545} INFO - Filling up the DagBag from /opt/airflow/dags/dq_etl_dag.py
[2026-04-22T14:41:31.374+0000] {processor.py:840} INFO - DAG(s) 'dq_etl_dag' retrieved from /opt/airflow/dags/dq_etl_dag.py
[2026-04-22T14:41:31.393+0000] {logging_mixin.py:188} INFO - [2026-04-22T14:41:31.393+0000] {dag.py:3089} INFO - Sync 1 DAGs
[2026-04-22T14:41:31.404+0000] {logging_mixin.py:188} INFO - [2026-04-22T14:41:31.404+0000] {dag.py:3947} INFO - Setting next_dagrun for dq_etl_dag to 2026-04-21 03:00:00+00:00, run_after=2026-04-22 03:00:00+00:00
[2026-04-22T14:41:31.413+0000] {processor.py:183} INFO - Processing /opt/airflow/dags/dq_etl_dag.py took 0.053 seconds
[2026-04-22T14:42:03.379+0000] {processor.py:161} INFO - Started process (PID=3370) to work on /opt/airflow/dags/dq_etl_dag.py
[2026-04-22T14:42:03.380+0000] {processor.py:830} INFO - Processing file /opt/airflow/dags/dq_etl_dag.py for tasks to queue
[2026-04-22T14:42:03.380+0000] {logging_mixin.py:188} INFO - [2026-04-22T14:42:03.380+0000] {dagbag.py:545} INFO - Filling up the DagBag from /opt/airflow/dags/dq_etl_dag.py
[2026-04-22T14:42:03.388+0000] {processor.py:840} INFO - DAG(s) 'dq_etl_dag' retrieved from /opt/airflow/dags/dq_etl_dag.py
[2026-04-22T14:42:03.409+0000] {logging_mixin.py:188} INFO - [2026-04-22T14:42:03.409+0000] {dag.py:3089} INFO - Sync 1 DAGs
[2026-04-22T14:42:03.420+0000] {logging_mixin.py:188} INFO - [2026-04-22T14:42:03.420+0000] {dag.py:3947} INFO - Setting next_dagrun for dq_etl_dag to 2026-04-21 03:00:00+00:00, run_after=2026-04-22 03:00:00+00:00
[2026-04-22T14:42:03.432+0000] {processor.py:183} INFO - Processing /opt/airflow/dags/dq_etl_dag.py took 0.056 seconds
[2026-04-22T14:42:35.601+0000] {processor.py:161} INFO - Started process (PID=3387) to work on /opt/airflow/dags/dq_etl_dag.py
[2026-04-22T14:42:35.602+0000] {processor.py:830} INFO - Processing file /opt/airflow/dags/dq_etl_dag.py for tasks to queue
[2026-04-22T14:42:35.603+0000] {logging_mixin.py:188} INFO - [2026-04-22T14:42:35.603+0000] {dagbag.py:545} INFO - Filling up the DagBag from /opt/airflow/dags/dq_etl_dag.py
[2026-04-22T14:42:35.612+0000] {processor.py:840} INFO - DAG(s) 'dq_etl_dag' retrieved from /opt/airflow/dags/dq_etl_dag.py
[2026-04-22T14:42:35.631+0000] {logging_mixin.py:188} INFO - [2026-04-22T14:42:35.631+0000] {dag.py:3089} INFO - Sync 1 DAGs
[2026-04-22T14:42:35.642+0000] {logging_mixin.py:188} INFO - [2026-04-22T14:42:35.641+0000] {dag.py:3947} INFO - Setting next_dagrun for dq_etl_dag to 2026-04-21 03:00:00+00:00, run_after=2026-04-22 03:00:00+00:00
[2026-04-22T14:42:35.656+0000] {processor.py:183} INFO - Processing /opt/airflow/dags/dq_etl_dag.py took 0.058 seconds
[2026-04-22T14:43:07.532+0000] {processor.py:161} INFO - Started process (PID=3404) to work on /opt/airflow/dags/dq_etl_dag.py
[2026-04-22T14:43:07.532+0000] {processor.py:830} INFO - Processing file /opt/airflow/dags/dq_etl_dag.py for tasks to queue
[2026-04-22T14:43:07.533+0000] {logging_mixin.py:188} INFO - [2026-04-22T14:43:07.533+0000] {dagbag.py:545} INFO - Filling up the DagBag from /opt/airflow/dags/dq_etl_dag.py
[2026-04-22T14:43:07.545+0000] {processor.py:840} INFO - DAG(s) 'dq_etl_dag' retrieved from /opt/airflow/dags/dq_etl_dag.py
[2026-04-22T14:43:07.571+0000] {logging_mixin.py:188} INFO - [2026-04-22T14:43:07.570+0000] {dag.py:3089} INFO - Sync 1 DAGs
[2026-04-22T14:43:07.585+0000] {logging_mixin.py:188} INFO - [2026-04-22T14:43:07.585+0000] {dag.py:3947} INFO - Setting next_dagrun for dq_etl_dag to 2026-04-21 03:00:00+00:00, run_after=2026-04-22 03:00:00+00:00
[2026-04-22T14:43:07.598+0000] {processor.py:183} INFO - Processing /opt/airflow/dags/dq_etl_dag.py took 0.071 seconds
[2026-04-22T14:43:39.609+0000] {processor.py:161} INFO - Started process (PID=3420) to work on /opt/airflow/dags/dq_etl_dag.py
[2026-04-22T14:43:39.610+0000] {processor.py:830} INFO - Processing file /opt/airflow/dags/dq_etl_dag.py for tasks to queue
[2026-04-22T14:43:39.611+0000] {logging_mixin.py:188} INFO - [2026-04-22T14:43:39.611+0000] {dagbag.py:545} INFO - Filling up the DagBag from /opt/airflow/dags/dq_etl_dag.py
[2026-04-22T14:43:39.620+0000] {processor.py:840} INFO - DAG(s) 'dq_etl_dag' retrieved from /opt/airflow/dags/dq_etl_dag.py
[2026-04-22T14:43:39.638+0000] {logging_mixin.py:188} INFO - [2026-04-22T14:43:39.638+0000] {dag.py:3089} INFO - Sync 1 DAGs
[2026-04-22T14:43:39.648+0000] {logging_mixin.py:188} INFO - [2026-04-22T14:43:39.648+0000] {dag.py:3947} INFO - Setting next_dagrun for dq_etl_dag to 2026-04-21 03:00:00+00:00, run_after=2026-04-22 03:00:00+00:00
[2026-04-22T14:43:39.660+0000] {processor.py:183} INFO - Processing /opt/airflow/dags/dq_etl_dag.py took 0.053 seconds
[2026-04-22T14:44:11.693+0000] {processor.py:161} INFO - Started process (PID=3437) to work on /opt/airflow/dags/dq_etl_dag.py
[2026-04-22T14:44:11.693+0000] {processor.py:830} INFO - Processing file /opt/airflow/dags/dq_etl_dag.py for tasks to queue
[2026-04-22T14:44:11.694+0000] {logging_mixin.py:188} INFO - [2026-04-22T14:44:11.694+0000] {dagbag.py:545} INFO - Filling up the DagBag from /opt/airflow/dags/dq_etl_dag.py
[2026-04-22T14:44:11.702+0000] {processor.py:840} INFO - DAG(s) 'dq_etl_dag' retrieved from /opt/airflow/dags/dq_etl_dag.py
[2026-04-22T14:44:11.721+0000] {logging_mixin.py:188} INFO - [2026-04-22T14:44:11.721+0000] {dag.py:3089} INFO - Sync 1 DAGs
[2026-04-22T14:44:11.731+0000] {logging_mixin.py:188} INFO - [2026-04-22T14:44:11.731+0000] {dag.py:3947} INFO - Setting next_dagrun for dq_etl_dag to 2026-04-21 03:00:00+00:00, run_after=2026-04-22 03:00:00+00:00
[2026-04-22T14:44:11.740+0000] {processor.py:183} INFO - Processing /opt/airflow/dags/dq_etl_dag.py took 0.050 seconds
[2026-04-22T14:44:43.722+0000] {processor.py:161} INFO - Started process (PID=3454) to work on /opt/airflow/dags/dq_etl_dag.py
[2026-04-22T14:44:43.723+0000] {processor.py:830} INFO - Processing file /opt/airflow/dags/dq_etl_dag.py for tasks to queue
[2026-04-22T14:44:43.724+0000] {logging_mixin.py:188} INFO - [2026-04-22T14:44:43.724+0000] {dagbag.py:545} INFO - Filling up the DagBag from /opt/airflow/dags/dq_etl_dag.py
[2026-04-22T14:44:43.733+0000] {processor.py:840} INFO - DAG(s) 'dq_etl_dag' retrieved from /opt/airflow/dags/dq_etl_dag.py
[2026-04-22T14:44:43.753+0000] {logging_mixin.py:188} INFO - [2026-04-22T14:44:43.753+0000] {dag.py:3089} INFO - Sync 1 DAGs
[2026-04-22T14:44:43.763+0000] {logging_mixin.py:188} INFO - [2026-04-22T14:44:43.763+0000] {dag.py:3947} INFO - Setting next_dagrun for dq_etl_dag to 2026-04-21 03:00:00+00:00, run_after=2026-04-22 03:00:00+00:00
[2026-04-22T14:44:43.772+0000] {processor.py:183} INFO - Processing /opt/airflow/dags/dq_etl_dag.py took 0.053 seconds
[2026-04-22T14:45:14.744+0000] {processor.py:161} INFO - Started process (PID=3471) to work on /opt/airflow/dags/dq_etl_dag.py
[2026-04-22T14:45:14.744+0000] {processor.py:830} INFO - Processing file /opt/airflow/dags/dq_etl_dag.py for tasks to queue
[2026-04-22T14:45:14.745+0000] {logging_mixin.py:188} INFO - [2026-04-22T14:45:14.745+0000] {dagbag.py:545} INFO - Filling up the DagBag from /opt/airflow/dags/dq_etl_dag.py
[2026-04-22T14:45:14.753+0000] {processor.py:840} INFO - DAG(s) 'dq_etl_dag' retrieved from /opt/airflow/dags/dq_etl_dag.py
[2026-04-22T14:45:14.772+0000] {logging_mixin.py:188} INFO - [2026-04-22T14:45:14.772+0000] {dag.py:3089} INFO - Sync 1 DAGs
[2026-04-22T14:45:14.783+0000] {logging_mixin.py:188} INFO - [2026-04-22T14:45:14.783+0000] {dag.py:3947} INFO - Setting next_dagrun for dq_etl_dag to 2026-04-21 03:00:00+00:00, run_after=2026-04-22 03:00:00+00:00
[2026-04-22T14:45:14.794+0000] {processor.py:183} INFO - Processing /opt/airflow/dags/dq_etl_dag.py took 0.053 seconds
[2026-04-22T14:45:46.783+0000] {processor.py:161} INFO - Started process (PID=3487) to work on /opt/airflow/dags/dq_etl_dag.py
[2026-04-22T14:45:46.784+0000] {processor.py:830} INFO - Processing file /opt/airflow/dags/dq_etl_dag.py for tasks to queue
[2026-04-22T14:45:46.785+0000] {logging_mixin.py:188} INFO - [2026-04-22T14:45:46.785+0000] {dagbag.py:545} INFO - Filling up the DagBag from /opt/airflow/dags/dq_etl_dag.py
[2026-04-22T14:45:46.793+0000] {processor.py:840} INFO - DAG(s) 'dq_etl_dag' retrieved from /opt/airflow/dags/dq_etl_dag.py
[2026-04-22T14:45:46.814+0000] {logging_mixin.py:188} INFO - [2026-04-22T14:45:46.814+0000] {dag.py:3089} INFO - Sync 1 DAGs
[2026-04-22T14:45:46.825+0000] {logging_mixin.py:188} INFO - [2026-04-22T14:45:46.824+0000] {dag.py:3947} INFO - Setting next_dagrun for dq_etl_dag to 2026-04-21 03:00:00+00:00, run_after=2026-04-22 03:00:00+00:00
[2026-04-22T14:45:46.835+0000] {processor.py:183} INFO - Processing /opt/airflow/dags/dq_etl_dag.py took 0.056 seconds
[2026-04-22T14:46:18.856+0000] {processor.py:161} INFO - Started process (PID=3504) to work on /opt/airflow/dags/dq_etl_dag.py
[2026-04-22T14:46:18.856+0000] {processor.py:830} INFO - Processing file /opt/airflow/dags/dq_etl_dag.py for tasks to queue
[2026-04-22T14:46:18.857+0000] {logging_mixin.py:188} INFO - [2026-04-22T14:46:18.857+0000] {dagbag.py:545} INFO - Filling up the DagBag from /opt/airflow/dags/dq_etl_dag.py
[2026-04-22T14:46:18.866+0000] {processor.py:840} INFO - DAG(s) 'dq_etl_dag' retrieved from /opt/airflow/dags/dq_etl_dag.py
[2026-04-22T14:46:18.885+0000] {logging_mixin.py:188} INFO - [2026-04-22T14:46:18.885+0000] {dag.py:3089} INFO - Sync 1 DAGs
[2026-04-22T14:46:18.896+0000] {logging_mixin.py:188} INFO - [2026-04-22T14:46:18.896+0000] {dag.py:3947} INFO - Setting next_dagrun for dq_etl_dag to 2026-04-21 03:00:00+00:00, run_after=2026-04-22 03:00:00+00:00
[2026-04-22T14:46:18.907+0000] {processor.py:183} INFO - Processing /opt/airflow/dags/dq_etl_dag.py took 0.054 seconds
[2026-04-22T14:46:50.935+0000] {processor.py:161} INFO - Started process (PID=3521) to work on /opt/airflow/dags/dq_etl_dag.py
[2026-04-22T14:46:50.935+0000] {processor.py:830} INFO - Processing file /opt/airflow/dags/dq_etl_dag.py for tasks to queue
[2026-04-22T14:46:50.936+0000] {logging_mixin.py:188} INFO - [2026-04-22T14:46:50.936+0000] {dagbag.py:545} INFO - Filling up the DagBag from /opt/airflow/dags/dq_etl_dag.py
[2026-04-22T14:46:50.945+0000] {processor.py:840} INFO - DAG(s) 'dq_etl_dag' retrieved from /opt/airflow/dags/dq_etl_dag.py
[2026-04-22T14:46:50.966+0000] {logging_mixin.py:188} INFO - [2026-04-22T14:46:50.966+0000] {dag.py:3089} INFO - Sync 1 DAGs
[2026-04-22T14:46:50.977+0000] {logging_mixin.py:188} INFO - [2026-04-22T14:46:50.977+0000] {dag.py:3947} INFO - Setting next_dagrun for dq_etl_dag to 2026-04-21 03:00:00+00:00, run_after=2026-04-22 03:00:00+00:00
[2026-04-22T14:46:50.988+0000] {processor.py:183} INFO - Processing /opt/airflow/dags/dq_etl_dag.py took 0.057 seconds
[2026-04-22T14:47:22.957+0000] {processor.py:161} INFO - Started process (PID=3538) to work on /opt/airflow/dags/dq_etl_dag.py
[2026-04-22T14:47:22.957+0000] {processor.py:830} INFO - Processing file /opt/airflow/dags/dq_etl_dag.py for tasks to queue
[2026-04-22T14:47:22.958+0000] {logging_mixin.py:188} INFO - [2026-04-22T14:47:22.958+0000] {dagbag.py:545} INFO - Filling up the DagBag from /opt/airflow/dags/dq_etl_dag.py
[2026-04-22T14:47:22.968+0000] {processor.py:840} INFO - DAG(s) 'dq_etl_dag' retrieved from /opt/airflow/dags/dq_etl_dag.py
[2026-04-22T14:47:22.987+0000] {logging_mixin.py:188} INFO - [2026-04-22T14:47:22.987+0000] {dag.py:3089} INFO - Sync 1 DAGs
[2026-04-22T14:47:22.998+0000] {logging_mixin.py:188} INFO - [2026-04-22T14:47:22.998+0000] {dag.py:3947} INFO - Setting next_dagrun for dq_etl_dag to 2026-04-21 03:00:00+00:00, run_after=2026-04-22 03:00:00+00:00
[2026-04-22T14:47:23.008+0000] {processor.py:183} INFO - Processing /opt/airflow/dags/dq_etl_dag.py took 0.055 seconds
[2026-04-22T14:47:54.995+0000] {processor.py:161} INFO - Started process (PID=3555) to work on /opt/airflow/dags/dq_etl_dag.py
[2026-04-22T14:47:54.996+0000] {processor.py:830} INFO - Processing file /opt/airflow/dags/dq_etl_dag.py for tasks to queue
[2026-04-22T14:47:54.997+0000] {logging_mixin.py:188} INFO - [2026-04-22T14:47:54.996+0000] {dagbag.py:545} INFO - Filling up the DagBag from /opt/airflow/dags/dq_etl_dag.py
[2026-04-22T14:47:55.004+0000] {processor.py:840} INFO - DAG(s) 'dq_etl_dag' retrieved from /opt/airflow/dags/dq_etl_dag.py
[2026-04-22T14:47:55.024+0000] {logging_mixin.py:188} INFO - [2026-04-22T14:47:55.023+0000] {dag.py:3089} INFO - Sync 1 DAGs
[2026-04-22T14:47:55.035+0000] {logging_mixin.py:188} INFO - [2026-04-22T14:47:55.035+0000] {dag.py:3947} INFO - Setting next_dagrun for dq_etl_dag to 2026-04-21 03:00:00+00:00, run_after=2026-04-22 03:00:00+00:00
[2026-04-22T14:47:55.046+0000] {processor.py:183} INFO - Processing /opt/airflow/dags/dq_etl_dag.py took 0.055 seconds
[2026-04-22T14:50:01.602+0000] {processor.py:161} INFO - Started process (PID=3566) to work on /opt/airflow/dags/dq_etl_dag.py
[2026-04-22T14:50:01.603+0000] {processor.py:830} INFO - Processing file /opt/airflow/dags/dq_etl_dag.py for tasks to queue
[2026-04-22T14:50:01.603+0000] {logging_mixin.py:188} INFO - [2026-04-22T14:50:01.603+0000] {dagbag.py:545} INFO - Filling up the DagBag from /opt/airflow/dags/dq_etl_dag.py
[2026-04-22T14:50:01.613+0000] {processor.py:840} INFO - DAG(s) 'dq_etl_dag' retrieved from /opt/airflow/dags/dq_etl_dag.py
[2026-04-22T14:50:01.634+0000] {logging_mixin.py:188} INFO - [2026-04-22T14:50:01.634+0000] {dag.py:3089} INFO - Sync 1 DAGs
[2026-04-22T14:50:01.645+0000] {logging_mixin.py:188} INFO - [2026-04-22T14:50:01.645+0000] {dag.py:3947} INFO - Setting next_dagrun for dq_etl_dag to 2026-04-21 03:00:00+00:00, run_after=2026-04-22 03:00:00+00:00
[2026-04-22T14:50:01.656+0000] {processor.py:183} INFO - Processing /opt/airflow/dags/dq_etl_dag.py took 0.056 seconds
