[2026-04-22T11:23:36.393+0000] {manager.py:470} INFO - Processing files using up to 2 processes at a time 
[2026-04-22T11:23:36.393+0000] {manager.py:471} INFO - Process each file at most once every 30 seconds
[2026-04-22T11:23:36.393+0000] {manager.py:472} INFO - Checking for new files in /opt/airflow/dags every 300 seconds
[2026-04-22T11:23:36.393+0000] {manager.py:737} INFO - Searching for files in /opt/airflow/dags
[2026-04-22T11:23:36.396+0000] {manager.py:740} INFO - There are 1 files in /opt/airflow/dags
[2026-04-22T11:23:36.542+0000] {manager.py:878} INFO - 
================================================================================
DAG File Processing Stats

File Path                          PID  Runtime      # DAGs    # Errors  Last Runtime    Last Run
-------------------------------  -----  ---------  --------  ----------  --------------  ----------
/opt/airflow/dags/dq_etl_dag.py    189  0.03s             0           0
================================================================================
[2026-04-22T11:24:04.757+0000] {manager.py:878} INFO - 
================================================================================
DAG File Processing Stats

File Path                        PID    Runtime      # DAGs    # Errors  Last Runtime    Last Run
-------------------------------  -----  ---------  --------  ----------  --------------  -------------------
/opt/airflow/dags/dq_etl_dag.py                           0           1  0.05s           2026-04-22T11:23:36
================================================================================
[2026-04-22T11:24:33.085+0000] {manager.py:878} INFO - 
================================================================================
DAG File Processing Stats

File Path                        PID    Runtime      # DAGs    # Errors  Last Runtime    Last Run
-------------------------------  -----  ---------  --------  ----------  --------------  -------------------
/opt/airflow/dags/dq_etl_dag.py                           0           1  0.05s           2026-04-22T11:24:06
================================================================================
[2026-04-22T11:25:01.542+0000] {manager.py:878} INFO - 
================================================================================
DAG File Processing Stats

File Path                        PID    Runtime      # DAGs    # Errors  Last Runtime    Last Run
-------------------------------  -----  ---------  --------  ----------  --------------  -------------------
/opt/airflow/dags/dq_etl_dag.py                           0           1  0.04s           2026-04-22T11:24:37
================================================================================
[2026-04-22T11:25:30.523+0000] {manager.py:878} INFO - 
================================================================================
DAG File Processing Stats

File Path                        PID    Runtime      # DAGs    # Errors  Last Runtime    Last Run
-------------------------------  -----  ---------  --------  ----------  --------------  -------------------
/opt/airflow/dags/dq_etl_dag.py                           0           1  -1.76s          2026-04-22T11:25:05
================================================================================
[2026-04-22T11:25:58.813+0000] {manager.py:878} INFO - 
================================================================================
DAG File Processing Stats

File Path                        PID    Runtime      # DAGs    # Errors  Last Runtime    Last Run
-------------------------------  -----  ---------  --------  ----------  --------------  -------------------
/opt/airflow/dags/dq_etl_dag.py                           0           1  0.05s           2026-04-22T11:25:36
================================================================================
[2026-04-22T11:26:27.203+0000] {manager.py:878} INFO - 
================================================================================
DAG File Processing Stats

File Path                        PID    Runtime      # DAGs    # Errors  Last Runtime    Last Run
-------------------------------  -----  ---------  --------  ----------  --------------  -------------------
/opt/airflow/dags/dq_etl_dag.py                           1           0  0.23s           2026-04-22T11:26:24
================================================================================
[2026-04-22T11:26:55.588+0000] {manager.py:878} INFO - 
================================================================================
DAG File Processing Stats

File Path                        PID    Runtime      # DAGs    # Errors  Last Runtime    Last Run
-------------------------------  -----  ---------  --------  ----------  --------------  -------------------
/opt/airflow/dags/dq_etl_dag.py                           1           0  0.11s           2026-04-22T11:26:54
================================================================================
[2026-04-22T13:00:34.483+0000] {manager.py:737} INFO - Searching for files in /opt/airflow/dags
[2026-04-22T13:00:34.485+0000] {manager.py:740} INFO - There are 1 files in /opt/airflow/dags
[2026-04-22T13:00:49.671+0000] {manager.py:878} INFO - 
================================================================================
DAG File Processing Stats

File Path                        PID    Runtime      # DAGs    # Errors  Last Runtime    Last Run
-------------------------------  -----  ---------  --------  ----------  --------------  -------------------
/opt/airflow/dags/dq_etl_dag.py                           1           0  0.14s           2026-04-22T13:00:34
================================================================================
[2026-04-22T13:01:23.904+0000] {manager.py:878} INFO - 
================================================================================
DAG File Processing Stats

File Path                        PID    Runtime      # DAGs    # Errors  Last Runtime    Last Run
-------------------------------  -----  ---------  --------  ----------  --------------  -------------------
/opt/airflow/dags/dq_etl_dag.py                           1           0  0.12s           2026-04-22T13:01:04
================================================================================
[2026-04-22T13:01:49.922+0000] {manager.py:878} INFO - 
================================================================================
DAG File Processing Stats

File Path                        PID    Runtime      # DAGs    # Errors  Last Runtime    Last Run
-------------------------------  -----  ---------  --------  ----------  --------------  -------------------
/opt/airflow/dags/dq_etl_dag.py                           1           0  0.09s           2026-04-22T13:01:34
================================================================================
[2026-04-22T13:02:15.220+0000] {manager.py:878} INFO - 
================================================================================
DAG File Processing Stats

File Path                        PID    Runtime      # DAGs    # Errors  Last Runtime    Last Run
-------------------------------  -----  ---------  --------  ----------  --------------  -------------------
/opt/airflow/dags/dq_etl_dag.py                           1           0  0.07s           2026-04-22T13:02:05
================================================================================
[2026-04-22T13:02:49.386+0000] {manager.py:878} INFO - 
================================================================================
DAG File Processing Stats

File Path                        PID    Runtime      # DAGs    # Errors  Last Runtime    Last Run
-------------------------------  -----  ---------  --------  ----------  --------------  -------------------
/opt/airflow/dags/dq_etl_dag.py                           1           0  0.08s           2026-04-22T13:02:35
================================================================================
[2026-04-22T13:03:16.976+0000] {manager.py:878} INFO - 
================================================================================
DAG File Processing Stats

File Path                        PID    Runtime      # DAGs    # Errors  Last Runtime    Last Run
-------------------------------  -----  ---------  --------  ----------  --------------  -------------------
/opt/airflow/dags/dq_etl_dag.py                           1           0  0.10s           2026-04-22T13:03:05
================================================================================
[2026-04-22T13:03:49.759+0000] {manager.py:878} INFO - 
================================================================================
DAG File Processing Stats

File Path                        PID    Runtime      # DAGs    # Errors  Last Runtime    Last Run
-------------------------------  -----  ---------  --------  ----------  --------------  -------------------
/opt/airflow/dags/dq_etl_dag.py                           1           0  0.08s           2026-04-22T13:03:36
================================================================================
[2026-04-22T13:04:19.311+0000] {manager.py:878} INFO - 
================================================================================
DAG File Processing Stats

File Path                        PID    Runtime      # DAGs    # Errors  Last Runtime    Last Run
-------------------------------  -----  ---------  --------  ----------  --------------  -------------------
/opt/airflow/dags/dq_etl_dag.py                           1           0  0.08s           2026-04-22T13:04:07
================================================================================
[2026-04-22T13:04:50.250+0000] {manager.py:878} INFO - 
================================================================================
DAG File Processing Stats

File Path                        PID    Runtime      # DAGs    # Errors  Last Runtime    Last Run
-------------------------------  -----  ---------  --------  ----------  --------------  -------------------
/opt/airflow/dags/dq_etl_dag.py                           1           0  0.07s           2026-04-22T13:04:37
================================================================================
[2026-04-22T13:05:21.258+0000] {manager.py:878} INFO - 
================================================================================
DAG File Processing Stats

File Path                        PID    Runtime      # DAGs    # Errors  Last Runtime    Last Run
-------------------------------  -----  ---------  --------  ----------  --------------  -------------------
/opt/airflow/dags/dq_etl_dag.py                           1           0  0.08s           2026-04-22T13:05:08
================================================================================
[2026-04-22T13:05:35.371+0000] {manager.py:737} INFO - Searching for files in /opt/airflow/dags
[2026-04-22T13:05:35.371+0000] {manager.py:740} INFO - There are 1 files in /opt/airflow/dags
[2026-04-22T13:05:52.438+0000] {manager.py:878} INFO - 
================================================================================
DAG File Processing Stats

File Path                        PID    Runtime      # DAGs    # Errors  Last Runtime    Last Run
-------------------------------  -----  ---------  --------  ----------  --------------  -------------------
/opt/airflow/dags/dq_etl_dag.py                           1           0  0.07s           2026-04-22T13:05:38
================================================================================
[2026-04-22T13:06:23.751+0000] {manager.py:878} INFO - 
================================================================================
DAG File Processing Stats

File Path                        PID    Runtime      # DAGs    # Errors  Last Runtime    Last Run
-------------------------------  -----  ---------  --------  ----------  --------------  -------------------
/opt/airflow/dags/dq_etl_dag.py                           1           0  0.07s           2026-04-22T13:06:08
================================================================================
[2026-04-22T13:06:55.134+0000] {manager.py:878} INFO - 
================================================================================
DAG File Processing Stats

File Path                        PID    Runtime      # DAGs    # Errors  Last Runtime    Last Run
-------------------------------  -----  ---------  --------  ----------  --------------  -------------------
/opt/airflow/dags/dq_etl_dag.py                           1           0  0.07s           2026-04-22T13:06:39
================================================================================
[2026-04-22T13:07:27.251+0000] {manager.py:878} INFO - 
================================================================================
DAG File Processing Stats

File Path                        PID    Runtime      # DAGs    # Errors  Last Runtime    Last Run
-------------------------------  -----  ---------  --------  ----------  --------------  -------------------
/opt/airflow/dags/dq_etl_dag.py                           1           0  0.07s           2026-04-22T13:07:09
================================================================================
[2026-04-22T13:07:58.492+0000] {manager.py:878} INFO - 
================================================================================
DAG File Processing Stats

File Path                        PID    Runtime      # DAGs    # Errors  Last Runtime    Last Run
-------------------------------  -----  ---------  --------  ----------  --------------  -------------------
/opt/airflow/dags/dq_etl_dag.py                           1           0  0.09s           2026-04-22T13:07:39
================================================================================
[2026-04-22T13:08:29.765+0000] {manager.py:878} INFO - 
================================================================================
DAG File Processing Stats

File Path                        PID    Runtime      # DAGs    # Errors  Last Runtime    Last Run
-------------------------------  -----  ---------  --------  ----------  --------------  -------------------
/opt/airflow/dags/dq_etl_dag.py                           1           0  0.07s           2026-04-22T13:08:09
================================================================================
[2026-04-22T13:09:01.029+0000] {manager.py:878} INFO - 
================================================================================
DAG File Processing Stats

File Path                        PID    Runtime      # DAGs    # Errors  Last Runtime    Last Run
-------------------------------  -----  ---------  --------  ----------  --------------  -------------------
/opt/airflow/dags/dq_etl_dag.py                           1           0  0.08s           2026-04-22T13:08:39
================================================================================
[2026-04-22T13:09:32.280+0000] {manager.py:878} INFO - 
================================================================================
DAG File Processing Stats

File Path                        PID    Runtime      # DAGs    # Errors  Last Runtime    Last Run
-------------------------------  -----  ---------  --------  ----------  --------------  -------------------
/opt/airflow/dags/dq_etl_dag.py                           1           0  0.07s           2026-04-22T13:09:10
================================================================================
[2026-04-22T13:10:03.517+0000] {manager.py:878} INFO - 
================================================================================
DAG File Processing Stats

File Path                        PID    Runtime      # DAGs    # Errors  Last Runtime    Last Run
-------------------------------  -----  ---------  --------  ----------  --------------  -------------------
/opt/airflow/dags/dq_etl_dag.py                           1           0  0.07s           2026-04-22T13:09:40
================================================================================
[2026-04-22T13:10:34.855+0000] {manager.py:878} INFO - 
================================================================================
DAG File Processing Stats

File Path                        PID    Runtime      # DAGs    # Errors  Last Runtime    Last Run
-------------------------------  -----  ---------  --------  ----------  --------------  -------------------
/opt/airflow/dags/dq_etl_dag.py                           1           0  0.08s           2026-04-22T13:10:10
================================================================================
[2026-04-22T13:10:35.859+0000] {manager.py:737} INFO - Searching for files in /opt/airflow/dags
[2026-04-22T13:10:35.860+0000] {manager.py:740} INFO - There are 1 files in /opt/airflow/dags
[2026-04-22T13:11:06.135+0000] {manager.py:878} INFO - 
================================================================================
DAG File Processing Stats

File Path                        PID    Runtime      # DAGs    # Errors  Last Runtime    Last Run
-------------------------------  -----  ---------  --------  ----------  --------------  -------------------
/opt/airflow/dags/dq_etl_dag.py                           1           0  0.10s           2026-04-22T13:10:40
================================================================================
[2026-04-22T13:11:37.274+0000] {manager.py:878} INFO - 
================================================================================
DAG File Processing Stats

File Path                        PID    Runtime      # DAGs    # Errors  Last Runtime    Last Run
-------------------------------  -----  ---------  --------  ----------  --------------  -------------------
/opt/airflow/dags/dq_etl_dag.py                           1           0  0.13s           2026-04-22T13:11:11
================================================================================
[2026-04-22T13:12:08.575+0000] {manager.py:878} INFO - 
================================================================================
DAG File Processing Stats

File Path                        PID    Runtime      # DAGs    # Errors  Last Runtime    Last Run
-------------------------------  -----  ---------  --------  ----------  --------------  -------------------
/opt/airflow/dags/dq_etl_dag.py                           1           0  0.10s           2026-04-22T13:11:41
================================================================================
[2026-04-22T13:12:39.997+0000] {manager.py:878} INFO - 
================================================================================
DAG File Processing Stats

File Path                        PID    Runtime      # DAGs    # Errors  Last Runtime    Last Run
-------------------------------  -----  ---------  --------  ----------  --------------  -------------------
/opt/airflow/dags/dq_etl_dag.py                           1           0  0.10s           2026-04-22T13:12:11
================================================================================
[2026-04-22T13:13:11.274+0000] {manager.py:878} INFO - 
================================================================================
DAG File Processing Stats

File Path                        PID    Runtime      # DAGs    # Errors  Last Runtime    Last Run
-------------------------------  -----  ---------  --------  ----------  --------------  -------------------
/opt/airflow/dags/dq_etl_dag.py                           1           0  0.12s           2026-04-22T13:12:42
================================================================================
[2026-04-22T13:13:42.809+0000] {manager.py:878} INFO - 
================================================================================
DAG File Processing Stats

File Path                          PID  Runtime      # DAGs    # Errors  Last Runtime    Last Run
-------------------------------  -----  ---------  --------  ----------  --------------  -------------------
/opt/airflow/dags/dq_etl_dag.py    812  0.00s             1           0  0.12s           2026-04-22T13:13:12
================================================================================
[2026-04-22T13:14:14.295+0000] {manager.py:878} INFO - 
================================================================================
DAG File Processing Stats

File Path                        PID    Runtime      # DAGs    # Errors  Last Runtime    Last Run
-------------------------------  -----  ---------  --------  ----------  --------------  -------------------
/opt/airflow/dags/dq_etl_dag.py                           1           0  0.10s           2026-04-22T13:14:13
================================================================================
[2026-04-22T13:14:45.552+0000] {manager.py:878} INFO - 
================================================================================
DAG File Processing Stats

File Path                        PID    Runtime      # DAGs    # Errors  Last Runtime    Last Run
-------------------------------  -----  ---------  --------  ----------  --------------  -------------------
/opt/airflow/dags/dq_etl_dag.py                           1           0  0.11s           2026-04-22T13:14:43
================================================================================
[2026-04-22T13:15:16.958+0000] {manager.py:878} INFO - 
================================================================================
DAG File Processing Stats

File Path                        PID    Runtime      # DAGs    # Errors  Last Runtime    Last Run
-------------------------------  -----  ---------  --------  ----------  --------------  -------------------
/opt/airflow/dags/dq_etl_dag.py                           1           0  0.08s           2026-04-22T13:15:14
================================================================================
[2026-04-22T13:15:36.012+0000] {manager.py:737} INFO - Searching for files in /opt/airflow/dags
[2026-04-22T13:15:36.012+0000] {manager.py:740} INFO - There are 1 files in /opt/airflow/dags
[2026-04-22T13:15:48.219+0000] {manager.py:878} INFO - 
================================================================================
DAG File Processing Stats

File Path                        PID    Runtime      # DAGs    # Errors  Last Runtime    Last Run
-------------------------------  -----  ---------  --------  ----------  --------------  -------------------
/opt/airflow/dags/dq_etl_dag.py                           1           0  0.08s           2026-04-22T13:15:46
================================================================================
[2026-04-22T13:16:19.589+0000] {manager.py:878} INFO - 
================================================================================
DAG File Processing Stats

File Path                        PID    Runtime      # DAGs    # Errors  Last Runtime    Last Run
-------------------------------  -----  ---------  --------  ----------  --------------  -------------------
/opt/airflow/dags/dq_etl_dag.py                           1           0  0.11s           2026-04-22T13:16:17
================================================================================
[2026-04-22T13:16:50.925+0000] {manager.py:878} INFO - 
================================================================================
DAG File Processing Stats

File Path                        PID    Runtime      # DAGs    # Errors  Last Runtime    Last Run
-------------------------------  -----  ---------  --------  ----------  --------------  -------------------
/opt/airflow/dags/dq_etl_dag.py                           1           0  0.12s           2026-04-22T13:16:48
================================================================================
[2026-04-22T13:17:22.293+0000] {manager.py:878} INFO - 
================================================================================
DAG File Processing Stats

File Path                        PID    Runtime      # DAGs    # Errors  Last Runtime    Last Run
-------------------------------  -----  ---------  --------  ----------  --------------  -------------------
/opt/airflow/dags/dq_etl_dag.py                           1           0  0.11s           2026-04-22T13:17:20
================================================================================
[2026-04-22T13:17:53.832+0000] {manager.py:878} INFO - 
================================================================================
DAG File Processing Stats

File Path                        PID    Runtime      # DAGs    # Errors  Last Runtime    Last Run
-------------------------------  -----  ---------  --------  ----------  --------------  -------------------
/opt/airflow/dags/dq_etl_dag.py                           1           0  0.07s           2026-04-22T13:17:51
================================================================================
[2026-04-22T13:18:25.244+0000] {manager.py:878} INFO - 
================================================================================
DAG File Processing Stats

File Path                        PID    Runtime      # DAGs    # Errors  Last Runtime    Last Run
-------------------------------  -----  ---------  --------  ----------  --------------  -------------------
/opt/airflow/dags/dq_etl_dag.py                           1           0  0.07s           2026-04-22T13:18:22
================================================================================
[2026-04-22T13:18:56.594+0000] {manager.py:878} INFO - 
================================================================================
DAG File Processing Stats

File Path                        PID    Runtime      # DAGs    # Errors  Last Runtime    Last Run
-------------------------------  -----  ---------  --------  ----------  --------------  -------------------
/opt/airflow/dags/dq_etl_dag.py                           1           0  0.07s           2026-04-22T13:18:53
================================================================================
[2026-04-22T13:19:27.966+0000] {manager.py:878} INFO - 
================================================================================
DAG File Processing Stats

File Path                        PID    Runtime      # DAGs    # Errors  Last Runtime    Last Run
-------------------------------  -----  ---------  --------  ----------  --------------  -------------------
/opt/airflow/dags/dq_etl_dag.py                           1           0  0.06s           2026-04-22T13:19:24
================================================================================
[2026-04-22T13:19:59.303+0000] {manager.py:878} INFO - 
================================================================================
DAG File Processing Stats

File Path                        PID    Runtime      # DAGs    # Errors  Last Runtime    Last Run
-------------------------------  -----  ---------  --------  ----------  --------------  -------------------
/opt/airflow/dags/dq_etl_dag.py                           1           0  0.07s           2026-04-22T13:19:56
================================================================================
[2026-04-22T13:20:30.886+0000] {manager.py:878} INFO - 
================================================================================
DAG File Processing Stats

File Path                        PID    Runtime      # DAGs    # Errors  Last Runtime    Last Run
-------------------------------  -----  ---------  --------  ----------  --------------  -------------------
/opt/airflow/dags/dq_etl_dag.py                           1           0  0.07s           2026-04-22T13:20:27
================================================================================
[2026-04-22T13:20:36.902+0000] {manager.py:737} INFO - Searching for files in /opt/airflow/dags
[2026-04-22T13:20:36.902+0000] {manager.py:740} INFO - There are 1 files in /opt/airflow/dags
[2026-04-22T13:21:02.232+0000] {manager.py:878} INFO - 
================================================================================
DAG File Processing Stats

File Path                        PID    Runtime      # DAGs    # Errors  Last Runtime    Last Run
-------------------------------  -----  ---------  --------  ----------  --------------  -------------------
/opt/airflow/dags/dq_etl_dag.py                           1           0  0.07s           2026-04-22T13:20:59
================================================================================
[2026-04-22T13:21:33.750+0000] {manager.py:878} INFO - 
================================================================================
DAG File Processing Stats

File Path                        PID    Runtime      # DAGs    # Errors  Last Runtime    Last Run
-------------------------------  -----  ---------  --------  ----------  --------------  -------------------
/opt/airflow/dags/dq_etl_dag.py                           1           0  0.07s           2026-04-22T13:21:30
================================================================================
[2026-04-22T13:22:05.135+0000] {manager.py:878} INFO - 
================================================================================
DAG File Processing Stats

File Path                        PID    Runtime      # DAGs    # Errors  Last Runtime    Last Run
-------------------------------  -----  ---------  --------  ----------  --------------  -------------------
/opt/airflow/dags/dq_etl_dag.py                           1           0  0.08s           2026-04-22T13:22:02
================================================================================
[2026-04-22T13:22:36.658+0000] {manager.py:878} INFO - 
================================================================================
DAG File Processing Stats

File Path                        PID    Runtime      # DAGs    # Errors  Last Runtime    Last Run
-------------------------------  -----  ---------  --------  ----------  --------------  -------------------
/opt/airflow/dags/dq_etl_dag.py                           1           0  0.08s           2026-04-22T13:22:33
================================================================================
[2026-04-22T13:23:08.086+0000] {manager.py:878} INFO - 
================================================================================
DAG File Processing Stats

File Path                        PID    Runtime      # DAGs    # Errors  Last Runtime    Last Run
-------------------------------  -----  ---------  --------  ----------  --------------  -------------------
/opt/airflow/dags/dq_etl_dag.py                           1           0  0.12s           2026-04-22T13:23:04
================================================================================
[2026-04-22T13:23:39.612+0000] {manager.py:878} INFO - 
================================================================================
DAG File Processing Stats

File Path                        PID    Runtime      # DAGs    # Errors  Last Runtime    Last Run
-------------------------------  -----  ---------  --------  ----------  --------------  -------------------
/opt/airflow/dags/dq_etl_dag.py                           1           0  0.10s           2026-04-22T13:23:35
================================================================================
[2026-04-22T13:24:11.304+0000] {manager.py:878} INFO - 
================================================================================
DAG File Processing Stats

File Path                        PID    Runtime      # DAGs    # Errors  Last Runtime    Last Run
-------------------------------  -----  ---------  --------  ----------  --------------  -------------------
/opt/airflow/dags/dq_etl_dag.py                           1           0  0.07s           2026-04-22T13:24:07
================================================================================
[2026-04-22T13:24:42.851+0000] {manager.py:878} INFO - 
================================================================================
DAG File Processing Stats

File Path                        PID    Runtime      # DAGs    # Errors  Last Runtime    Last Run
-------------------------------  -----  ---------  --------  ----------  --------------  -------------------
/opt/airflow/dags/dq_etl_dag.py                           1           0  0.07s           2026-04-22T13:24:38
================================================================================
[2026-04-22T13:25:14.308+0000] {manager.py:878} INFO - 
================================================================================
DAG File Processing Stats

File Path                        PID    Runtime      # DAGs    # Errors  Last Runtime    Last Run
-------------------------------  -----  ---------  --------  ----------  --------------  -------------------
/opt/airflow/dags/dq_etl_dag.py                           1           0  0.07s           2026-04-22T13:25:10
================================================================================
[2026-04-22T13:25:37.371+0000] {manager.py:737} INFO - Searching for files in /opt/airflow/dags
[2026-04-22T13:25:37.371+0000] {manager.py:740} INFO - There are 1 files in /opt/airflow/dags
[2026-04-22T13:25:45.833+0000] {manager.py:878} INFO - 
================================================================================
DAG File Processing Stats

File Path                        PID    Runtime      # DAGs    # Errors  Last Runtime    Last Run
-------------------------------  -----  ---------  --------  ----------  --------------  -------------------
/opt/airflow/dags/dq_etl_dag.py                           1           0  0.07s           2026-04-22T13:25:41
================================================================================
[2026-04-22T13:26:17.408+0000] {manager.py:878} INFO - 
================================================================================
DAG File Processing Stats

File Path                        PID    Runtime      # DAGs    # Errors  Last Runtime    Last Run
-------------------------------  -----  ---------  --------  ----------  --------------  -------------------
/opt/airflow/dags/dq_etl_dag.py                           1           0  0.07s           2026-04-22T13:26:13
================================================================================
[2026-04-22T13:26:49.014+0000] {manager.py:878} INFO - 
================================================================================
DAG File Processing Stats

File Path                        PID    Runtime      # DAGs    # Errors  Last Runtime    Last Run
-------------------------------  -----  ---------  --------  ----------  --------------  -------------------
/opt/airflow/dags/dq_etl_dag.py                           1           0  0.07s           2026-04-22T13:26:45
================================================================================
[2026-04-22T13:27:20.483+0000] {manager.py:878} INFO - 
================================================================================
DAG File Processing Stats

File Path                        PID    Runtime      # DAGs    # Errors  Last Runtime    Last Run
-------------------------------  -----  ---------  --------  ----------  --------------  -------------------
/opt/airflow/dags/dq_etl_dag.py                           1           0  0.07s           2026-04-22T13:27:16
================================================================================
[2026-04-22T13:27:52.018+0000] {manager.py:878} INFO - 
================================================================================
DAG File Processing Stats

File Path                        PID    Runtime      # DAGs    # Errors  Last Runtime    Last Run
-------------------------------  -----  ---------  --------  ----------  --------------  -------------------
/opt/airflow/dags/dq_etl_dag.py                           1           0  0.07s           2026-04-22T13:27:47
================================================================================
[2026-04-22T13:28:23.591+0000] {manager.py:878} INFO - 
================================================================================
DAG File Processing Stats

File Path                        PID    Runtime      # DAGs    # Errors  Last Runtime    Last Run
-------------------------------  -----  ---------  --------  ----------  --------------  -------------------
/opt/airflow/dags/dq_etl_dag.py                           1           0  0.07s           2026-04-22T13:28:18
================================================================================
[2026-04-22T13:28:55.152+0000] {manager.py:878} INFO - 
================================================================================
DAG File Processing Stats

File Path                        PID    Runtime      # DAGs    # Errors  Last Runtime    Last Run
-------------------------------  -----  ---------  --------  ----------  --------------  -------------------
/opt/airflow/dags/dq_etl_dag.py                           1           0  0.07s           2026-04-22T13:28:50
================================================================================
[2026-04-22T13:29:26.657+0000] {manager.py:878} INFO - 
================================================================================
DAG File Processing Stats

File Path                        PID    Runtime      # DAGs    # Errors  Last Runtime    Last Run
-------------------------------  -----  ---------  --------  ----------  --------------  -------------------
/opt/airflow/dags/dq_etl_dag.py                           1           0  0.07s           2026-04-22T13:29:21
================================================================================
[2026-04-22T13:29:58.202+0000] {manager.py:878} INFO - 
================================================================================
DAG File Processing Stats

File Path                        PID    Runtime      # DAGs    # Errors  Last Runtime    Last Run
-------------------------------  -----  ---------  --------  ----------  --------------  -------------------
/opt/airflow/dags/dq_etl_dag.py                           1           0  0.07s           2026-04-22T13:29:53
================================================================================
[2026-04-22T13:30:29.766+0000] {manager.py:878} INFO - 
================================================================================
DAG File Processing Stats

File Path                        PID    Runtime      # DAGs    # Errors  Last Runtime    Last Run
-------------------------------  -----  ---------  --------  ----------  --------------  -------------------
/opt/airflow/dags/dq_etl_dag.py                           1           0  0.09s           2026-04-22T13:30:24
================================================================================
[2026-04-22T13:30:37.796+0000] {manager.py:737} INFO - Searching for files in /opt/airflow/dags
[2026-04-22T13:30:37.797+0000] {manager.py:740} INFO - There are 1 files in /opt/airflow/dags
[2026-04-22T13:31:01.360+0000] {manager.py:878} INFO - 
================================================================================
DAG File Processing Stats

File Path                        PID    Runtime      # DAGs    # Errors  Last Runtime    Last Run
-------------------------------  -----  ---------  --------  ----------  --------------  -------------------
/opt/airflow/dags/dq_etl_dag.py                           1           0  0.09s           2026-04-22T13:30:56
================================================================================
[2026-04-22T13:31:32.899+0000] {manager.py:878} INFO - 
================================================================================
DAG File Processing Stats

File Path                        PID    Runtime      # DAGs    # Errors  Last Runtime    Last Run
-------------------------------  -----  ---------  --------  ----------  --------------  -------------------
/opt/airflow/dags/dq_etl_dag.py                           1           0  0.09s           2026-04-22T13:31:27
================================================================================
[2026-04-22T13:32:04.461+0000] {manager.py:878} INFO - 
================================================================================
DAG File Processing Stats

File Path                        PID    Runtime      # DAGs    # Errors  Last Runtime    Last Run
-------------------------------  -----  ---------  --------  ----------  --------------  -------------------
/opt/airflow/dags/dq_etl_dag.py                           1           0  0.10s           2026-04-22T13:31:59
================================================================================
[2026-04-22T13:32:36.039+0000] {manager.py:878} INFO - 
================================================================================
DAG File Processing Stats

File Path                        PID    Runtime      # DAGs    # Errors  Last Runtime    Last Run
-------------------------------  -----  ---------  --------  ----------  --------------  -------------------
/opt/airflow/dags/dq_etl_dag.py                           1           0  0.10s           2026-04-22T13:32:30
================================================================================
[2026-04-22T13:33:07.662+0000] {manager.py:878} INFO - 
================================================================================
DAG File Processing Stats

File Path                        PID    Runtime      # DAGs    # Errors  Last Runtime    Last Run
-------------------------------  -----  ---------  --------  ----------  --------------  -------------------
/opt/airflow/dags/dq_etl_dag.py                           1           0  0.09s           2026-04-22T13:33:01
================================================================================
[2026-04-22T13:33:39.226+0000] {manager.py:878} INFO - 
================================================================================
DAG File Processing Stats

File Path                        PID    Runtime      # DAGs    # Errors  Last Runtime    Last Run
-------------------------------  -----  ---------  --------  ----------  --------------  -------------------
/opt/airflow/dags/dq_etl_dag.py                           1           0  0.10s           2026-04-22T13:33:33
================================================================================
[2026-04-22T13:34:10.799+0000] {manager.py:878} INFO - 
================================================================================
DAG File Processing Stats

File Path                        PID    Runtime      # DAGs    # Errors  Last Runtime    Last Run
-------------------------------  -----  ---------  --------  ----------  --------------  -------------------
/opt/airflow/dags/dq_etl_dag.py                           1           0  0.10s           2026-04-22T13:34:04
================================================================================
[2026-04-22T13:34:42.358+0000] {manager.py:878} INFO - 
================================================================================
DAG File Processing Stats

File Path                        PID    Runtime      # DAGs    # Errors  Last Runtime    Last Run
-------------------------------  -----  ---------  --------  ----------  --------------  -------------------
/opt/airflow/dags/dq_etl_dag.py                           1           0  0.07s           2026-04-22T13:34:36
================================================================================
[2026-04-22T13:35:13.987+0000] {manager.py:878} INFO - 
================================================================================
DAG File Processing Stats

File Path                        PID    Runtime      # DAGs    # Errors  Last Runtime    Last Run
-------------------------------  -----  ---------  --------  ----------  --------------  -------------------
/opt/airflow/dags/dq_etl_dag.py                           1           0  0.07s           2026-04-22T13:35:08
================================================================================
[2026-04-22T13:35:38.585+0000] {manager.py:737} INFO - Searching for files in /opt/airflow/dags
[2026-04-22T13:35:38.585+0000] {manager.py:740} INFO - There are 1 files in /opt/airflow/dags
[2026-04-22T13:35:45.368+0000] {manager.py:878} INFO - 
================================================================================
DAG File Processing Stats

File Path                        PID    Runtime      # DAGs    # Errors  Last Runtime    Last Run
-------------------------------  -----  ---------  --------  ----------  --------------  -------------------
/opt/airflow/dags/dq_etl_dag.py                           1           0  0.83s           2026-04-22T13:35:39
================================================================================
[2026-04-22T13:36:17.079+0000] {manager.py:878} INFO - 
================================================================================
DAG File Processing Stats

File Path                        PID    Runtime      # DAGs    # Errors  Last Runtime    Last Run
-------------------------------  -----  ---------  --------  ----------  --------------  -------------------
/opt/airflow/dags/dq_etl_dag.py                           1           0  0.08s           2026-04-22T13:36:11
================================================================================
[2026-04-22T13:36:48.646+0000] {manager.py:878} INFO - 
================================================================================
DAG File Processing Stats

File Path                        PID    Runtime      # DAGs    # Errors  Last Runtime    Last Run
-------------------------------  -----  ---------  --------  ----------  --------------  -------------------
/opt/airflow/dags/dq_etl_dag.py                           1           0  0.07s           2026-04-22T13:36:42
================================================================================
[2026-04-22T13:37:20.340+0000] {manager.py:878} INFO - 
================================================================================
DAG File Processing Stats

File Path                        PID    Runtime      # DAGs    # Errors  Last Runtime    Last Run
-------------------------------  -----  ---------  --------  ----------  --------------  -------------------
/opt/airflow/dags/dq_etl_dag.py                           1           0  0.07s           2026-04-22T13:37:13
================================================================================
[2026-04-22T13:37:51.856+0000] {manager.py:878} INFO - 
================================================================================
DAG File Processing Stats

File Path                        PID    Runtime      # DAGs    # Errors  Last Runtime    Last Run
-------------------------------  -----  ---------  --------  ----------  --------------  -------------------
/opt/airflow/dags/dq_etl_dag.py                           1           0  0.08s           2026-04-22T13:37:44
================================================================================
[2026-04-22T13:38:23.422+0000] {manager.py:878} INFO - 
================================================================================
DAG File Processing Stats

File Path                        PID    Runtime      # DAGs    # Errors  Last Runtime    Last Run
-------------------------------  -----  ---------  --------  ----------  --------------  -------------------
/opt/airflow/dags/dq_etl_dag.py                           1           0  0.07s           2026-04-22T13:38:16
================================================================================
[2026-04-22T13:38:54.982+0000] {manager.py:878} INFO - 
================================================================================
DAG File Processing Stats

File Path                        PID    Runtime      # DAGs    # Errors  Last Runtime    Last Run
-------------------------------  -----  ---------  --------  ----------  --------------  -------------------
/opt/airflow/dags/dq_etl_dag.py                           1           0  0.08s           2026-04-22T13:38:48
================================================================================
[2026-04-22T13:39:26.604+0000] {manager.py:878} INFO - 
================================================================================
DAG File Processing Stats

File Path                        PID    Runtime      # DAGs    # Errors  Last Runtime    Last Run
-------------------------------  -----  ---------  --------  ----------  --------------  -------------------
/opt/airflow/dags/dq_etl_dag.py                           1           0  0.07s           2026-04-22T13:39:19
================================================================================
[2026-04-22T13:39:58.180+0000] {manager.py:878} INFO - 
================================================================================
DAG File Processing Stats

File Path                        PID    Runtime      # DAGs    # Errors  Last Runtime    Last Run
-------------------------------  -----  ---------  --------  ----------  --------------  -------------------
/opt/airflow/dags/dq_etl_dag.py                           1           0  0.07s           2026-04-22T13:39:51
================================================================================
[2026-04-22T13:40:29.751+0000] {manager.py:878} INFO - 
================================================================================
DAG File Processing Stats

File Path                        PID    Runtime      # DAGs    # Errors  Last Runtime    Last Run
-------------------------------  -----  ---------  --------  ----------  --------------  -------------------
/opt/airflow/dags/dq_etl_dag.py                           1           0  0.06s           2026-04-22T13:40:22
================================================================================
[2026-04-22T13:40:38.775+0000] {manager.py:737} INFO - Searching for files in /opt/airflow/dags
[2026-04-22T13:40:38.776+0000] {manager.py:740} INFO - There are 1 files in /opt/airflow/dags
[2026-04-22T13:41:01.332+0000] {manager.py:878} INFO - 
================================================================================
DAG File Processing Stats

File Path                        PID    Runtime      # DAGs    # Errors  Last Runtime    Last Run
-------------------------------  -----  ---------  --------  ----------  --------------  -------------------
/opt/airflow/dags/dq_etl_dag.py                           1           0  0.07s           2026-04-22T13:40:54
================================================================================
[2026-04-22T13:41:32.937+0000] {manager.py:878} INFO - 
================================================================================
DAG File Processing Stats

File Path                        PID    Runtime      # DAGs    # Errors  Last Runtime    Last Run
-------------------------------  -----  ---------  --------  ----------  --------------  -------------------
/opt/airflow/dags/dq_etl_dag.py                           1           0  0.07s           2026-04-22T13:41:25
================================================================================
[2026-04-22T13:42:04.535+0000] {manager.py:878} INFO - 
================================================================================
DAG File Processing Stats

File Path                        PID    Runtime      # DAGs    # Errors  Last Runtime    Last Run
-------------------------------  -----  ---------  --------  ----------  --------------  -------------------
/opt/airflow/dags/dq_etl_dag.py                           1           0  0.07s           2026-04-22T13:41:56
================================================================================
[2026-04-22T13:42:36.122+0000] {manager.py:878} INFO - 
================================================================================
DAG File Processing Stats

File Path                        PID    Runtime      # DAGs    # Errors  Last Runtime    Last Run
-------------------------------  -----  ---------  --------  ----------  --------------  -------------------
/opt/airflow/dags/dq_etl_dag.py                           1           0  0.08s           2026-04-22T13:42:28
================================================================================
[2026-04-22T13:43:07.725+0000] {manager.py:878} INFO - 
================================================================================
DAG File Processing Stats

File Path                        PID    Runtime      # DAGs    # Errors  Last Runtime    Last Run
-------------------------------  -----  ---------  --------  ----------  --------------  -------------------
/opt/airflow/dags/dq_etl_dag.py                           1           0  0.07s           2026-04-22T13:42:59
================================================================================
[2026-04-22T13:43:39.329+0000] {manager.py:878} INFO - 
================================================================================
DAG File Processing Stats

File Path                        PID    Runtime      # DAGs    # Errors  Last Runtime    Last Run
-------------------------------  -----  ---------  --------  ----------  --------------  -------------------
/opt/airflow/dags/dq_etl_dag.py                           1           0  0.07s           2026-04-22T13:43:31
================================================================================
[2026-04-22T13:44:10.942+0000] {manager.py:878} INFO - 
================================================================================
DAG File Processing Stats

File Path                        PID    Runtime      # DAGs    # Errors  Last Runtime    Last Run
-------------------------------  -----  ---------  --------  ----------  --------------  -------------------
/opt/airflow/dags/dq_etl_dag.py                           1           0  0.07s           2026-04-22T13:44:02
================================================================================
[2026-04-22T13:44:42.514+0000] {manager.py:878} INFO - 
================================================================================
DAG File Processing Stats

File Path                        PID    Runtime      # DAGs    # Errors  Last Runtime    Last Run
-------------------------------  -----  ---------  --------  ----------  --------------  -------------------
/opt/airflow/dags/dq_etl_dag.py                           1           0  0.06s           2026-04-22T13:44:34
================================================================================
[2026-04-22T13:45:14.135+0000] {manager.py:878} INFO - 
================================================================================
DAG File Processing Stats

File Path                        PID    Runtime      # DAGs    # Errors  Last Runtime    Last Run
-------------------------------  -----  ---------  --------  ----------  --------------  -------------------
/opt/airflow/dags/dq_etl_dag.py                           1           0  0.07s           2026-04-22T13:45:06
================================================================================
[2026-04-22T13:45:39.714+0000] {manager.py:737} INFO - Searching for files in /opt/airflow/dags
[2026-04-22T13:45:39.715+0000] {manager.py:740} INFO - There are 1 files in /opt/airflow/dags
[2026-04-22T13:45:45.733+0000] {manager.py:878} INFO - 
================================================================================
DAG File Processing Stats

File Path                        PID    Runtime      # DAGs    # Errors  Last Runtime    Last Run
-------------------------------  -----  ---------  --------  ----------  --------------  -------------------
/opt/airflow/dags/dq_etl_dag.py                           1           0  0.06s           2026-04-22T13:45:37
================================================================================
[2026-04-22T13:46:17.357+0000] {manager.py:878} INFO - 
================================================================================
DAG File Processing Stats

File Path                        PID    Runtime      # DAGs    # Errors  Last Runtime    Last Run
-------------------------------  -----  ---------  --------  ----------  --------------  -------------------
/opt/airflow/dags/dq_etl_dag.py                           1           0  0.07s           2026-04-22T13:46:09
================================================================================
[2026-04-22T13:46:48.944+0000] {manager.py:878} INFO - 
================================================================================
DAG File Processing Stats

File Path                        PID    Runtime      # DAGs    # Errors  Last Runtime    Last Run
-------------------------------  -----  ---------  --------  ----------  --------------  -------------------
/opt/airflow/dags/dq_etl_dag.py                           1           0  0.07s           2026-04-22T13:46:40
================================================================================
[2026-04-22T13:47:20.592+0000] {manager.py:878} INFO - 
================================================================================
DAG File Processing Stats

File Path                        PID    Runtime      # DAGs    # Errors  Last Runtime    Last Run
-------------------------------  -----  ---------  --------  ----------  --------------  -------------------
/opt/airflow/dags/dq_etl_dag.py                           1           0  0.06s           2026-04-22T13:47:11
================================================================================
[2026-04-22T13:47:52.193+0000] {manager.py:878} INFO - 
================================================================================
DAG File Processing Stats

File Path                        PID    Runtime      # DAGs    # Errors  Last Runtime    Last Run
-------------------------------  -----  ---------  --------  ----------  --------------  -------------------
/opt/airflow/dags/dq_etl_dag.py                           1           0  0.06s           2026-04-22T13:47:43
================================================================================
[2026-04-22T13:48:23.818+0000] {manager.py:878} INFO - 
================================================================================
DAG File Processing Stats

File Path                        PID    Runtime      # DAGs    # Errors  Last Runtime    Last Run
-------------------------------  -----  ---------  --------  ----------  --------------  -------------------
/opt/airflow/dags/dq_etl_dag.py                           1           0  0.07s           2026-04-22T13:48:14
================================================================================
[2026-04-22T13:48:55.414+0000] {manager.py:878} INFO - 
================================================================================
DAG File Processing Stats

File Path                        PID    Runtime      # DAGs    # Errors  Last Runtime    Last Run
-------------------------------  -----  ---------  --------  ----------  --------------  -------------------
/opt/airflow/dags/dq_etl_dag.py                           1           0  0.06s           2026-04-22T13:48:46
================================================================================
[2026-04-22T13:49:27.072+0000] {manager.py:878} INFO - 
================================================================================
DAG File Processing Stats

File Path                        PID    Runtime      # DAGs    # Errors  Last Runtime    Last Run
-------------------------------  -----  ---------  --------  ----------  --------------  -------------------
/opt/airflow/dags/dq_etl_dag.py                           1           0  0.07s           2026-04-22T13:49:18
================================================================================
[2026-04-22T13:49:58.695+0000] {manager.py:878} INFO - 
================================================================================
DAG File Processing Stats

File Path                        PID    Runtime      # DAGs    # Errors  Last Runtime    Last Run
-------------------------------  -----  ---------  --------  ----------  --------------  -------------------
/opt/airflow/dags/dq_etl_dag.py                           1           0  0.07s           2026-04-22T13:49:49
================================================================================
[2026-04-22T13:50:30.457+0000] {manager.py:878} INFO - 
================================================================================
DAG File Processing Stats

File Path                        PID    Runtime      # DAGs    # Errors  Last Runtime    Last Run
-------------------------------  -----  ---------  --------  ----------  --------------  -------------------
/opt/airflow/dags/dq_etl_dag.py                           1           0  0.07s           2026-04-22T13:50:21
================================================================================
[2026-04-22T13:50:40.481+0000] {manager.py:737} INFO - Searching for files in /opt/airflow/dags
[2026-04-22T13:50:40.481+0000] {manager.py:740} INFO - There are 1 files in /opt/airflow/dags
[2026-04-22T13:51:01.929+0000] {manager.py:878} INFO - 
================================================================================
DAG File Processing Stats

File Path                        PID    Runtime      # DAGs    # Errors  Last Runtime    Last Run
-------------------------------  -----  ---------  --------  ----------  --------------  -------------------
/opt/airflow/dags/dq_etl_dag.py                           1           0  0.06s           2026-04-22T13:50:52
================================================================================
[2026-04-22T13:51:33.599+0000] {manager.py:878} INFO - 
================================================================================
DAG File Processing Stats

File Path                        PID    Runtime      # DAGs    # Errors  Last Runtime    Last Run
-------------------------------  -----  ---------  --------  ----------  --------------  -------------------
/opt/airflow/dags/dq_etl_dag.py                           1           0  0.06s           2026-04-22T13:51:24
================================================================================
[2026-04-22T13:52:05.242+0000] {manager.py:878} INFO - 
================================================================================
DAG File Processing Stats

File Path                        PID    Runtime      # DAGs    # Errors  Last Runtime    Last Run
-------------------------------  -----  ---------  --------  ----------  --------------  -------------------
/opt/airflow/dags/dq_etl_dag.py                           1           0  0.06s           2026-04-22T13:51:56
================================================================================
[2026-04-22T13:52:36.871+0000] {manager.py:878} INFO - 
================================================================================
DAG File Processing Stats

File Path                        PID    Runtime      # DAGs    # Errors  Last Runtime    Last Run
-------------------------------  -----  ---------  --------  ----------  --------------  -------------------
/opt/airflow/dags/dq_etl_dag.py                           1           0  0.07s           2026-04-22T13:52:26
================================================================================
[2026-04-22T13:53:08.511+0000] {manager.py:878} INFO - 
================================================================================
DAG File Processing Stats

File Path                        PID    Runtime      # DAGs    # Errors  Last Runtime    Last Run
-------------------------------  -----  ---------  --------  ----------  --------------  -------------------
/opt/airflow/dags/dq_etl_dag.py                           1           0  0.07s           2026-04-22T13:52:58
================================================================================
[2026-04-22T13:53:40.215+0000] {manager.py:878} INFO - 
================================================================================
DAG File Processing Stats

File Path                        PID    Runtime      # DAGs    # Errors  Last Runtime    Last Run
-------------------------------  -----  ---------  --------  ----------  --------------  -------------------
/opt/airflow/dags/dq_etl_dag.py                           1           0  0.06s           2026-04-22T13:53:30
================================================================================
[2026-04-22T13:54:11.843+0000] {manager.py:878} INFO - 
================================================================================
DAG File Processing Stats

File Path                        PID    Runtime      # DAGs    # Errors  Last Runtime    Last Run
-------------------------------  -----  ---------  --------  ----------  --------------  -------------------
/opt/airflow/dags/dq_etl_dag.py                           1           0  0.07s           2026-04-22T13:54:01
================================================================================
[2026-04-22T13:54:43.482+0000] {manager.py:878} INFO - 
================================================================================
DAG File Processing Stats

File Path                        PID    Runtime      # DAGs    # Errors  Last Runtime    Last Run
-------------------------------  -----  ---------  --------  ----------  --------------  -------------------
/opt/airflow/dags/dq_etl_dag.py                           1           0  0.06s           2026-04-22T13:54:33
================================================================================
[2026-04-22T13:55:15.251+0000] {manager.py:878} INFO - 
================================================================================
DAG File Processing Stats

File Path                        PID    Runtime      # DAGs    # Errors  Last Runtime    Last Run
-------------------------------  -----  ---------  --------  ----------  --------------  -------------------
/opt/airflow/dags/dq_etl_dag.py                           1           0  0.07s           2026-04-22T13:55:05
================================================================================
[2026-04-22T13:55:40.913+0000] {manager.py:737} INFO - Searching for files in /opt/airflow/dags
[2026-04-22T13:55:40.914+0000] {manager.py:740} INFO - There are 1 files in /opt/airflow/dags
[2026-04-22T13:55:46.933+0000] {manager.py:878} INFO - 
================================================================================
DAG File Processing Stats

File Path                        PID    Runtime      # DAGs    # Errors  Last Runtime    Last Run
-------------------------------  -----  ---------  --------  ----------  --------------  -------------------
/opt/airflow/dags/dq_etl_dag.py                           1           0  0.07s           2026-04-22T13:55:36
================================================================================
[2026-04-22T13:56:18.546+0000] {manager.py:878} INFO - 
================================================================================
DAG File Processing Stats

File Path                        PID    Runtime      # DAGs    # Errors  Last Runtime    Last Run
-------------------------------  -----  ---------  --------  ----------  --------------  -------------------
/opt/airflow/dags/dq_etl_dag.py                           1           0  0.07s           2026-04-22T13:56:08
================================================================================
[2026-04-22T13:56:50.205+0000] {manager.py:878} INFO - 
================================================================================
DAG File Processing Stats

File Path                        PID    Runtime      # DAGs    # Errors  Last Runtime    Last Run
-------------------------------  -----  ---------  --------  ----------  --------------  -------------------
/opt/airflow/dags/dq_etl_dag.py                           1           0  0.07s           2026-04-22T13:56:40
================================================================================
[2026-04-22T13:57:21.879+0000] {manager.py:878} INFO - 
================================================================================
DAG File Processing Stats

File Path                        PID    Runtime      # DAGs    # Errors  Last Runtime    Last Run
-------------------------------  -----  ---------  --------  ----------  --------------  -------------------
/opt/airflow/dags/dq_etl_dag.py                           1           0  0.07s           2026-04-22T13:57:11
================================================================================
[2026-04-22T13:57:53.670+0000] {manager.py:878} INFO - 
================================================================================
DAG File Processing Stats

File Path                        PID    Runtime      # DAGs    # Errors  Last Runtime    Last Run
-------------------------------  -----  ---------  --------  ----------  --------------  -------------------
/opt/airflow/dags/dq_etl_dag.py                           1           0  0.07s           2026-04-22T13:57:42
================================================================================
[2026-04-22T13:58:25.272+0000] {manager.py:878} INFO - 
================================================================================
DAG File Processing Stats

File Path                        PID    Runtime      # DAGs    # Errors  Last Runtime    Last Run
-------------------------------  -----  ---------  --------  ----------  --------------  -------------------
/opt/airflow/dags/dq_etl_dag.py                           1           0  0.07s           2026-04-22T13:58:14
================================================================================
[2026-04-22T13:58:56.957+0000] {manager.py:878} INFO - 
================================================================================
DAG File Processing Stats

File Path                        PID    Runtime      # DAGs    # Errors  Last Runtime    Last Run
-------------------------------  -----  ---------  --------  ----------  --------------  -------------------
/opt/airflow/dags/dq_etl_dag.py                           1           0  0.07s           2026-04-22T13:58:45
================================================================================
[2026-04-22T13:59:28.655+0000] {manager.py:878} INFO - 
================================================================================
DAG File Processing Stats

File Path                        PID    Runtime      # DAGs    # Errors  Last Runtime    Last Run
-------------------------------  -----  ---------  --------  ----------  --------------  -------------------
/opt/airflow/dags/dq_etl_dag.py                           1           0  0.07s           2026-04-22T13:59:17
================================================================================
[2026-04-22T14:00:00.495+0000] {manager.py:878} INFO - 
================================================================================
DAG File Processing Stats

File Path                        PID    Runtime      # DAGs    # Errors  Last Runtime    Last Run
-------------------------------  -----  ---------  --------  ----------  --------------  -------------------
/opt/airflow/dags/dq_etl_dag.py                           1           0  0.07s           2026-04-22T13:59:49
================================================================================
[2026-04-22T14:00:32.023+0000] {manager.py:878} INFO - 
================================================================================
DAG File Processing Stats

File Path                        PID    Runtime      # DAGs    # Errors  Last Runtime    Last Run
-------------------------------  -----  ---------  --------  ----------  --------------  -------------------
/opt/airflow/dags/dq_etl_dag.py                           1           0  0.07s           2026-04-22T14:00:21
================================================================================
[2026-04-22T14:00:41.050+0000] {manager.py:737} INFO - Searching for files in /opt/airflow/dags
[2026-04-22T14:00:41.051+0000] {manager.py:740} INFO - There are 1 files in /opt/airflow/dags
[2026-04-22T14:01:03.709+0000] {manager.py:878} INFO - 
================================================================================
DAG File Processing Stats

File Path                        PID    Runtime      # DAGs    # Errors  Last Runtime    Last Run
-------------------------------  -----  ---------  --------  ----------  --------------  -------------------
/opt/airflow/dags/dq_etl_dag.py                           1           0  0.07s           2026-04-22T14:00:52
================================================================================
[2026-04-22T14:01:35.414+0000] {manager.py:878} INFO - 
================================================================================
DAG File Processing Stats

File Path                        PID    Runtime      # DAGs    # Errors  Last Runtime    Last Run
-------------------------------  -----  ---------  --------  ----------  --------------  -------------------
/opt/airflow/dags/dq_etl_dag.py                           1           0  0.08s           2026-04-22T14:01:24
================================================================================
[2026-04-22T14:02:07.177+0000] {manager.py:878} INFO - 
================================================================================
DAG File Processing Stats

File Path                        PID    Runtime      # DAGs    # Errors  Last Runtime    Last Run
-------------------------------  -----  ---------  --------  ----------  --------------  -------------------
/opt/airflow/dags/dq_etl_dag.py                           1           0  0.07s           2026-04-22T14:01:56
================================================================================
[2026-04-22T14:02:38.801+0000] {manager.py:878} INFO - 
================================================================================
DAG File Processing Stats

File Path                        PID    Runtime      # DAGs    # Errors  Last Runtime    Last Run
-------------------------------  -----  ---------  --------  ----------  --------------  -------------------
/opt/airflow/dags/dq_etl_dag.py                           1           0  0.09s           2026-04-22T14:02:26
================================================================================
[2026-04-22T14:03:10.518+0000] {manager.py:878} INFO - 
================================================================================
DAG File Processing Stats

File Path                        PID    Runtime      # DAGs    # Errors  Last Runtime    Last Run
-------------------------------  -----  ---------  --------  ----------  --------------  -------------------
/opt/airflow/dags/dq_etl_dag.py                           1           0  0.08s           2026-04-22T14:02:58
================================================================================
[2026-04-22T14:03:42.213+0000] {manager.py:878} INFO - 
================================================================================
DAG File Processing Stats

File Path                        PID    Runtime      # DAGs    # Errors  Last Runtime    Last Run
-------------------------------  -----  ---------  --------  ----------  --------------  -------------------
/opt/airflow/dags/dq_etl_dag.py                           1           0  0.07s           2026-04-22T14:03:30
================================================================================
[2026-04-22T14:04:13.957+0000] {manager.py:878} INFO - 
================================================================================
DAG File Processing Stats

File Path                        PID    Runtime      # DAGs    # Errors  Last Runtime    Last Run
-------------------------------  -----  ---------  --------  ----------  --------------  -------------------
/opt/airflow/dags/dq_etl_dag.py                           1           0  0.07s           2026-04-22T14:04:01
================================================================================
[2026-04-22T14:04:45.612+0000] {manager.py:878} INFO - 
================================================================================
DAG File Processing Stats

File Path                        PID    Runtime      # DAGs    # Errors  Last Runtime    Last Run
-------------------------------  -----  ---------  --------  ----------  --------------  -------------------
/opt/airflow/dags/dq_etl_dag.py                           1           0  0.07s           2026-04-22T14:04:33
================================================================================
[2026-04-22T14:05:17.291+0000] {manager.py:878} INFO - 
================================================================================
DAG File Processing Stats

File Path                        PID    Runtime      # DAGs    # Errors  Last Runtime    Last Run
-------------------------------  -----  ---------  --------  ----------  --------------  -------------------
/opt/airflow/dags/dq_etl_dag.py                           1           0  0.07s           2026-04-22T14:05:05
================================================================================
[2026-04-22T14:05:41.961+0000] {manager.py:737} INFO - Searching for files in /opt/airflow/dags
[2026-04-22T14:05:41.963+0000] {manager.py:740} INFO - There are 1 files in /opt/airflow/dags
[2026-04-22T14:05:48.985+0000] {manager.py:878} INFO - 
================================================================================
DAG File Processing Stats

File Path                        PID    Runtime      # DAGs    # Errors  Last Runtime    Last Run
-------------------------------  -----  ---------  --------  ----------  --------------  -------------------
/opt/airflow/dags/dq_etl_dag.py                           1           0  0.07s           2026-04-22T14:05:37
================================================================================
[2026-04-22T14:06:20.731+0000] {manager.py:878} INFO - 
================================================================================
DAG File Processing Stats

File Path                        PID    Runtime      # DAGs    # Errors  Last Runtime    Last Run
-------------------------------  -----  ---------  --------  ----------  --------------  -------------------
/opt/airflow/dags/dq_etl_dag.py                           1           0  0.07s           2026-04-22T14:06:08
================================================================================
[2026-04-22T14:06:52.400+0000] {manager.py:878} INFO - 
================================================================================
DAG File Processing Stats

File Path                        PID    Runtime      # DAGs    # Errors  Last Runtime    Last Run
-------------------------------  -----  ---------  --------  ----------  --------------  -------------------
/opt/airflow/dags/dq_etl_dag.py                           1           0  0.07s           2026-04-22T14:06:40
================================================================================
[2026-04-22T14:07:24.118+0000] {manager.py:878} INFO - 
================================================================================
DAG File Processing Stats

File Path                        PID    Runtime      # DAGs    # Errors  Last Runtime    Last Run
-------------------------------  -----  ---------  --------  ----------  --------------  -------------------
/opt/airflow/dags/dq_etl_dag.py                           1           0  0.07s           2026-04-22T14:07:11
================================================================================
[2026-04-22T14:07:55.822+0000] {manager.py:878} INFO - 
================================================================================
DAG File Processing Stats

File Path                        PID    Runtime      # DAGs    # Errors  Last Runtime    Last Run
-------------------------------  -----  ---------  --------  ----------  --------------  -------------------
/opt/airflow/dags/dq_etl_dag.py                           1           0  0.07s           2026-04-22T14:07:42
================================================================================
[2026-04-22T14:08:27.545+0000] {manager.py:878} INFO - 
================================================================================
DAG File Processing Stats

File Path                        PID    Runtime      # DAGs    # Errors  Last Runtime    Last Run
-------------------------------  -----  ---------  --------  ----------  --------------  -------------------
/opt/airflow/dags/dq_etl_dag.py                           1           0  0.07s           2026-04-22T14:08:14
================================================================================
[2026-04-22T14:08:59.235+0000] {manager.py:878} INFO - 
================================================================================
DAG File Processing Stats

File Path                        PID    Runtime      # DAGs    # Errors  Last Runtime    Last Run
-------------------------------  -----  ---------  --------  ----------  --------------  -------------------
/opt/airflow/dags/dq_etl_dag.py                           1           0  0.06s           2026-04-22T14:08:46
================================================================================
[2026-04-22T14:09:30.906+0000] {manager.py:878} INFO - 
================================================================================
DAG File Processing Stats

File Path                        PID    Runtime      # DAGs    # Errors  Last Runtime    Last Run
-------------------------------  -----  ---------  --------  ----------  --------------  -------------------
/opt/airflow/dags/dq_etl_dag.py                           1           0  0.07s           2026-04-22T14:09:17
================================================================================
[2026-04-22T14:10:02.612+0000] {manager.py:878} INFO - 
================================================================================
DAG File Processing Stats

File Path                        PID    Runtime      # DAGs    # Errors  Last Runtime    Last Run
-------------------------------  -----  ---------  --------  ----------  --------------  -------------------
/opt/airflow/dags/dq_etl_dag.py                           1           0  0.08s           2026-04-22T14:09:49
================================================================================
[2026-04-22T14:10:34.323+0000] {manager.py:878} INFO - 
================================================================================
DAG File Processing Stats

File Path                        PID    Runtime      # DAGs    # Errors  Last Runtime    Last Run
-------------------------------  -----  ---------  --------  ----------  --------------  -------------------
/opt/airflow/dags/dq_etl_dag.py                           1           0  0.07s           2026-04-22T14:10:21
================================================================================
[2026-04-22T14:10:42.344+0000] {manager.py:737} INFO - Searching for files in /opt/airflow/dags
[2026-04-22T14:10:42.345+0000] {manager.py:740} INFO - There are 1 files in /opt/airflow/dags
[2026-04-22T14:11:06.047+0000] {manager.py:878} INFO - 
================================================================================
DAG File Processing Stats

File Path                        PID    Runtime      # DAGs    # Errors  Last Runtime    Last Run
-------------------------------  -----  ---------  --------  ----------  --------------  -------------------
/opt/airflow/dags/dq_etl_dag.py                           1           0  0.07s           2026-04-22T14:10:53
================================================================================
[2026-04-22T14:11:37.731+0000] {manager.py:878} INFO - 
================================================================================
DAG File Processing Stats

File Path                        PID    Runtime      # DAGs    # Errors  Last Runtime    Last Run
-------------------------------  -----  ---------  --------  ----------  --------------  -------------------
/opt/airflow/dags/dq_etl_dag.py                           1           0  0.07s           2026-04-22T14:11:24
================================================================================
[2026-04-22T14:12:09.419+0000] {manager.py:878} INFO - 
================================================================================
DAG File Processing Stats

File Path                        PID    Runtime      # DAGs    # Errors  Last Runtime    Last Run
-------------------------------  -----  ---------  --------  ----------  --------------  -------------------
/opt/airflow/dags/dq_etl_dag.py                           1           0  0.07s           2026-04-22T14:11:56
================================================================================
[2026-04-22T14:12:41.141+0000] {manager.py:878} INFO - 
================================================================================
DAG File Processing Stats

File Path                        PID    Runtime      # DAGs    # Errors  Last Runtime    Last Run
-------------------------------  -----  ---------  --------  ----------  --------------  -------------------
/opt/airflow/dags/dq_etl_dag.py                           1           0  0.07s           2026-04-22T14:12:27
================================================================================
[2026-04-22T14:13:12.882+0000] {manager.py:878} INFO - 
================================================================================
DAG File Processing Stats

File Path                        PID    Runtime      # DAGs    # Errors  Last Runtime    Last Run
-------------------------------  -----  ---------  --------  ----------  --------------  -------------------
/opt/airflow/dags/dq_etl_dag.py                           1           0  0.08s           2026-04-22T14:12:58
================================================================================
[2026-04-22T14:13:44.583+0000] {manager.py:878} INFO - 
================================================================================
DAG File Processing Stats

File Path                        PID    Runtime      # DAGs    # Errors  Last Runtime    Last Run
-------------------------------  -----  ---------  --------  ----------  --------------  -------------------
/opt/airflow/dags/dq_etl_dag.py                           1           0  0.08s           2026-04-22T14:13:30
================================================================================
[2026-04-22T14:14:16.284+0000] {manager.py:878} INFO - 
================================================================================
DAG File Processing Stats

File Path                        PID    Runtime      # DAGs    # Errors  Last Runtime    Last Run
-------------------------------  -----  ---------  --------  ----------  --------------  -------------------
/opt/airflow/dags/dq_etl_dag.py                           1           0  0.07s           2026-04-22T14:14:02
================================================================================
[2026-04-22T14:14:48.016+0000] {manager.py:878} INFO - 
================================================================================
DAG File Processing Stats

File Path                        PID    Runtime      # DAGs    # Errors  Last Runtime    Last Run
-------------------------------  -----  ---------  --------  ----------  --------------  -------------------
/opt/airflow/dags/dq_etl_dag.py                           1           0  0.07s           2026-04-22T14:14:34
================================================================================
[2026-04-22T14:15:19.772+0000] {manager.py:878} INFO - 
================================================================================
DAG File Processing Stats

File Path                        PID    Runtime      # DAGs    # Errors  Last Runtime    Last Run
-------------------------------  -----  ---------  --------  ----------  --------------  -------------------
/opt/airflow/dags/dq_etl_dag.py                           1           0  0.08s           2026-04-22T14:15:05
================================================================================
[2026-04-22T14:15:42.441+0000] {manager.py:737} INFO - Searching for files in /opt/airflow/dags
[2026-04-22T14:15:42.442+0000] {manager.py:740} INFO - There are 1 files in /opt/airflow/dags
[2026-04-22T14:15:51.472+0000] {manager.py:878} INFO - 
================================================================================
DAG File Processing Stats

File Path                        PID    Runtime      # DAGs    # Errors  Last Runtime    Last Run
-------------------------------  -----  ---------  --------  ----------  --------------  -------------------
/opt/airflow/dags/dq_etl_dag.py                           1           0  0.08s           2026-04-22T14:15:37
================================================================================
[2026-04-22T14:16:23.115+0000] {manager.py:878} INFO - 
================================================================================
DAG File Processing Stats

File Path                        PID    Runtime      # DAGs    # Errors  Last Runtime    Last Run
-------------------------------  -----  ---------  --------  ----------  --------------  -------------------
/opt/airflow/dags/dq_etl_dag.py                           1           0  0.10s           2026-04-22T14:16:09
================================================================================
[2026-04-22T14:16:54.972+0000] {manager.py:878} INFO - 
================================================================================
DAG File Processing Stats

File Path                        PID    Runtime      # DAGs    # Errors  Last Runtime    Last Run
-------------------------------  -----  ---------  --------  ----------  --------------  -------------------
/opt/airflow/dags/dq_etl_dag.py                           1           0  0.08s           2026-04-22T14:16:40
================================================================================
[2026-04-22T14:17:26.707+0000] {manager.py:878} INFO - 
================================================================================
DAG File Processing Stats

File Path                        PID    Runtime      # DAGs    # Errors  Last Runtime    Last Run
-------------------------------  -----  ---------  --------  ----------  --------------  -------------------
/opt/airflow/dags/dq_etl_dag.py                           1           0  0.08s           2026-04-22T14:17:11
================================================================================
[2026-04-22T14:17:58.434+0000] {manager.py:878} INFO - 
================================================================================
DAG File Processing Stats

File Path                        PID    Runtime      # DAGs    # Errors  Last Runtime    Last Run
-------------------------------  -----  ---------  --------  ----------  --------------  -------------------
/opt/airflow/dags/dq_etl_dag.py                           1           0  0.07s           2026-04-22T14:17:43
================================================================================
[2026-04-22T14:18:30.139+0000] {manager.py:878} INFO - 
================================================================================
DAG File Processing Stats

File Path                        PID    Runtime      # DAGs    # Errors  Last Runtime    Last Run
-------------------------------  -----  ---------  --------  ----------  --------------  -------------------
/opt/airflow/dags/dq_etl_dag.py                           1           0  0.06s           2026-04-22T14:18:15
================================================================================
[2026-04-22T14:19:01.892+0000] {manager.py:878} INFO - 
================================================================================
DAG File Processing Stats

File Path                        PID    Runtime      # DAGs    # Errors  Last Runtime    Last Run
-------------------------------  -----  ---------  --------  ----------  --------------  -------------------
/opt/airflow/dags/dq_etl_dag.py                           1           0  0.06s           2026-04-22T14:18:46
================================================================================
[2026-04-22T14:19:33.617+0000] {manager.py:878} INFO - 
================================================================================
DAG File Processing Stats

File Path                        PID    Runtime      # DAGs    # Errors  Last Runtime    Last Run
-------------------------------  -----  ---------  --------  ----------  --------------  -------------------
/opt/airflow/dags/dq_etl_dag.py                           1           0  0.07s           2026-04-22T14:19:18
================================================================================
[2026-04-22T14:20:05.349+0000] {manager.py:878} INFO - 
================================================================================
DAG File Processing Stats

File Path                        PID    Runtime      # DAGs    # Errors  Last Runtime    Last Run
-------------------------------  -----  ---------  --------  ----------  --------------  -------------------
/opt/airflow/dags/dq_etl_dag.py                           1           0  0.07s           2026-04-22T14:19:50
================================================================================
[2026-04-22T14:20:37.069+0000] {manager.py:878} INFO - 
================================================================================
DAG File Processing Stats

File Path                        PID    Runtime      # DAGs    # Errors  Last Runtime    Last Run
-------------------------------  -----  ---------  --------  ----------  --------------  -------------------
/opt/airflow/dags/dq_etl_dag.py                           1           0  0.07s           2026-04-22T14:20:22
================================================================================
[2026-04-22T14:20:43.085+0000] {manager.py:737} INFO - Searching for files in /opt/airflow/dags
[2026-04-22T14:20:43.085+0000] {manager.py:740} INFO - There are 1 files in /opt/airflow/dags
[2026-04-22T14:21:08.832+0000] {manager.py:878} INFO - 
================================================================================
DAG File Processing Stats

File Path                        PID    Runtime      # DAGs    # Errors  Last Runtime    Last Run
-------------------------------  -----  ---------  --------  ----------  --------------  -------------------
/opt/airflow/dags/dq_etl_dag.py                           1           0  0.06s           2026-04-22T14:20:53
================================================================================
[2026-04-22T14:30:05.909+0000] {manager.py:737} INFO - Searching for files in /opt/airflow/dags
[2026-04-22T14:30:05.909+0000] {manager.py:740} INFO - There are 1 files in /opt/airflow/dags
[2026-04-22T14:30:35.806+0000] {manager.py:878} INFO - 
================================================================================
DAG File Processing Stats

File Path                        PID    Runtime      # DAGs    # Errors  Last Runtime    Last Run
-------------------------------  -----  ---------  --------  ----------  --------------  -------------------
/opt/airflow/dags/dq_etl_dag.py                           1           0  0.07s           2026-04-22T14:30:05
================================================================================
[2026-04-22T14:31:08.074+0000] {manager.py:878} INFO - 
================================================================================
DAG File Processing Stats

File Path                        PID    Runtime      # DAGs    # Errors  Last Runtime    Last Run
-------------------------------  -----  ---------  --------  ----------  --------------  -------------------
/opt/airflow/dags/dq_etl_dag.py                           1           0  0.07s           2026-04-22T14:31:07
================================================================================
[2026-04-22T14:31:39.980+0000] {manager.py:878} INFO - 
================================================================================
DAG File Processing Stats

File Path                        PID    Runtime      # DAGs    # Errors  Last Runtime    Last Run
-------------------------------  -----  ---------  --------  ----------  --------------  -------------------
/opt/airflow/dags/dq_etl_dag.py                           1           0  0.08s           2026-04-22T14:31:38
================================================================================
[2026-04-22T14:32:12.084+0000] {manager.py:878} INFO - 
================================================================================
DAG File Processing Stats

File Path                        PID    Runtime      # DAGs    # Errors  Last Runtime    Last Run
-------------------------------  -----  ---------  --------  ----------  --------------  -------------------
/opt/airflow/dags/dq_etl_dag.py                           1           0  0.06s           2026-04-22T14:32:08
================================================================================
[2026-04-22T14:32:44.342+0000] {manager.py:878} INFO - 
================================================================================
DAG File Processing Stats

File Path                        PID    Runtime      # DAGs    # Errors  Last Runtime    Last Run
-------------------------------  -----  ---------  --------  ----------  --------------  -------------------
/opt/airflow/dags/dq_etl_dag.py                           1           0  0.06s           2026-04-22T14:32:38
================================================================================
[2026-04-22T14:33:16.482+0000] {manager.py:878} INFO - 
================================================================================
DAG File Processing Stats

File Path                        PID    Runtime      # DAGs    # Errors  Last Runtime    Last Run
-------------------------------  -----  ---------  --------  ----------  --------------  -------------------
/opt/airflow/dags/dq_etl_dag.py                           1           0  0.07s           2026-04-22T14:33:08
================================================================================
[2026-04-22T14:33:48.689+0000] {manager.py:878} INFO - 
================================================================================
DAG File Processing Stats

File Path                        PID    Runtime      # DAGs    # Errors  Last Runtime    Last Run
-------------------------------  -----  ---------  --------  ----------  --------------  -------------------
/opt/airflow/dags/dq_etl_dag.py                           1           0  0.07s           2026-04-22T14:33:38
================================================================================
[2026-04-22T14:34:20.665+0000] {manager.py:878} INFO - 
================================================================================
DAG File Processing Stats

File Path                        PID    Runtime      # DAGs    # Errors  Last Runtime    Last Run
-------------------------------  -----  ---------  --------  ----------  --------------  -------------------
/opt/airflow/dags/dq_etl_dag.py                           1           0  0.06s           2026-04-22T14:34:09
================================================================================
[2026-04-22T14:34:52.678+0000] {manager.py:878} INFO - 
================================================================================
DAG File Processing Stats

File Path                        PID    Runtime      # DAGs    # Errors  Last Runtime    Last Run
-------------------------------  -----  ---------  --------  ----------  --------------  -------------------
/opt/airflow/dags/dq_etl_dag.py                           1           0  0.06s           2026-04-22T14:34:40
================================================================================
[2026-04-22T14:35:08.733+0000] {manager.py:737} INFO - Searching for files in /opt/airflow/dags
[2026-04-22T14:35:08.734+0000] {manager.py:740} INFO - There are 1 files in /opt/airflow/dags
[2026-04-22T14:35:24.789+0000] {manager.py:878} INFO - 
================================================================================
DAG File Processing Stats

File Path                        PID    Runtime      # DAGs    # Errors  Last Runtime    Last Run
-------------------------------  -----  ---------  --------  ----------  --------------  -------------------
/opt/airflow/dags/dq_etl_dag.py                           1           0  0.07s           2026-04-22T14:35:10
================================================================================
[2026-04-22T14:35:56.878+0000] {manager.py:878} INFO - 
================================================================================
DAG File Processing Stats

File Path                        PID    Runtime      # DAGs    # Errors  Last Runtime    Last Run
-------------------------------  -----  ---------  --------  ----------  --------------  -------------------
/opt/airflow/dags/dq_etl_dag.py                           1           0  0.07s           2026-04-22T14:35:40
================================================================================
[2026-04-22T14:36:28.922+0000] {manager.py:878} INFO - 
================================================================================
DAG File Processing Stats

File Path                        PID    Runtime      # DAGs    # Errors  Last Runtime    Last Run
-------------------------------  -----  ---------  --------  ----------  --------------  -------------------
/opt/airflow/dags/dq_etl_dag.py                           1           0  0.07s           2026-04-22T14:36:11
================================================================================
[2026-04-22T14:37:00.951+0000] {manager.py:878} INFO - 
================================================================================
DAG File Processing Stats

File Path                        PID    Runtime      # DAGs    # Errors  Last Runtime    Last Run
-------------------------------  -----  ---------  --------  ----------  --------------  -------------------
/opt/airflow/dags/dq_etl_dag.py                           1           0  0.07s           2026-04-22T14:36:43
================================================================================
[2026-04-22T14:37:33.047+0000] {manager.py:878} INFO - 
================================================================================
DAG File Processing Stats

File Path                        PID    Runtime      # DAGs    # Errors  Last Runtime    Last Run
-------------------------------  -----  ---------  --------  ----------  --------------  -------------------
/opt/airflow/dags/dq_etl_dag.py                           1           0  0.07s           2026-04-22T14:37:16
================================================================================
[2026-04-22T14:38:05.060+0000] {manager.py:878} INFO - 
================================================================================
DAG File Processing Stats

File Path                        PID    Runtime      # DAGs    # Errors  Last Runtime    Last Run
-------------------------------  -----  ---------  --------  ----------  --------------  -------------------
/opt/airflow/dags/dq_etl_dag.py                           1           0  0.06s           2026-04-22T14:37:48
================================================================================
[2026-04-22T14:38:37.109+0000] {manager.py:878} INFO - 
================================================================================
DAG File Processing Stats

File Path                        PID    Runtime      # DAGs    # Errors  Last Runtime    Last Run
-------------------------------  -----  ---------  --------  ----------  --------------  -------------------
/opt/airflow/dags/dq_etl_dag.py                           1           0  0.08s           2026-04-22T14:38:20
================================================================================
[2026-04-22T14:39:09.168+0000] {manager.py:878} INFO - 
================================================================================
DAG File Processing Stats

File Path                        PID    Runtime      # DAGs    # Errors  Last Runtime    Last Run
-------------------------------  -----  ---------  --------  ----------  --------------  -------------------
/opt/airflow/dags/dq_etl_dag.py                           1           0  0.07s           2026-04-22T14:38:52
================================================================================
[2026-04-22T14:39:41.219+0000] {manager.py:878} INFO - 
================================================================================
DAG File Processing Stats

File Path                        PID    Runtime      # DAGs    # Errors  Last Runtime    Last Run
-------------------------------  -----  ---------  --------  ----------  --------------  -------------------
/opt/airflow/dags/dq_etl_dag.py                           1           0  0.07s           2026-04-22T14:39:24
================================================================================
[2026-04-22T14:40:09.277+0000] {manager.py:737} INFO - Searching for files in /opt/airflow/dags
[2026-04-22T14:40:09.277+0000] {manager.py:740} INFO - There are 1 files in /opt/airflow/dags
[2026-04-22T14:40:13.291+0000] {manager.py:878} INFO - 
================================================================================
DAG File Processing Stats

File Path                        PID    Runtime      # DAGs    # Errors  Last Runtime    Last Run
-------------------------------  -----  ---------  --------  ----------  --------------  -------------------
/opt/airflow/dags/dq_etl_dag.py                           1           0  0.07s           2026-04-22T14:39:56
================================================================================
[2026-04-22T14:40:45.285+0000] {manager.py:878} INFO - 
================================================================================
DAG File Processing Stats

File Path                        PID    Runtime      # DAGs    # Errors  Last Runtime    Last Run
-------------------------------  -----  ---------  --------  ----------  --------------  -------------------
/opt/airflow/dags/dq_etl_dag.py                           1           0  0.07s           2026-04-22T14:40:27
================================================================================
[2026-04-22T14:41:17.361+0000] {manager.py:878} INFO - 
================================================================================
DAG File Processing Stats

File Path                        PID    Runtime      # DAGs    # Errors  Last Runtime    Last Run
-------------------------------  -----  ---------  --------  ----------  --------------  -------------------
/opt/airflow/dags/dq_etl_dag.py                           1           0  0.06s           2026-04-22T14:40:59
================================================================================
[2026-04-22T14:41:49.409+0000] {manager.py:878} INFO - 
================================================================================
DAG File Processing Stats

File Path                        PID    Runtime      # DAGs    # Errors  Last Runtime    Last Run
-------------------------------  -----  ---------  --------  ----------  --------------  -------------------
/opt/airflow/dags/dq_etl_dag.py                           1           0  0.06s           2026-04-22T14:41:31
================================================================================
[2026-04-22T14:42:21.460+0000] {manager.py:878} INFO - 
================================================================================
DAG File Processing Stats

File Path                        PID    Runtime      # DAGs    # Errors  Last Runtime    Last Run
-------------------------------  -----  ---------  --------  ----------  --------------  -------------------
/opt/airflow/dags/dq_etl_dag.py                           1           0  0.07s           2026-04-22T14:42:03
================================================================================
[2026-04-22T14:42:53.650+0000] {manager.py:878} INFO - 
================================================================================
DAG File Processing Stats

File Path                        PID    Runtime      # DAGs    # Errors  Last Runtime    Last Run
-------------------------------  -----  ---------  --------  ----------  --------------  -------------------
/opt/airflow/dags/dq_etl_dag.py                           1           0  0.07s           2026-04-22T14:42:35
================================================================================
[2026-04-22T14:43:25.618+0000] {manager.py:878} INFO - 
================================================================================
DAG File Processing Stats

File Path                        PID    Runtime      # DAGs    # Errors  Last Runtime    Last Run
-------------------------------  -----  ---------  --------  ----------  --------------  -------------------
/opt/airflow/dags/dq_etl_dag.py                           1           0  0.08s           2026-04-22T14:43:07
================================================================================
[2026-04-22T14:43:57.669+0000] {manager.py:878} INFO - 
================================================================================
DAG File Processing Stats

File Path                        PID    Runtime      # DAGs    # Errors  Last Runtime    Last Run
-------------------------------  -----  ---------  --------  ----------  --------------  -------------------
/opt/airflow/dags/dq_etl_dag.py                           1           0  0.06s           2026-04-22T14:43:39
================================================================================
[2026-04-22T14:44:29.759+0000] {manager.py:878} INFO - 
================================================================================
DAG File Processing Stats

File Path                        PID    Runtime      # DAGs    # Errors  Last Runtime    Last Run
-------------------------------  -----  ---------  --------  ----------  --------------  -------------------
/opt/airflow/dags/dq_etl_dag.py                           1           0  0.06s           2026-04-22T14:44:11
================================================================================
[2026-04-22T14:45:01.785+0000] {manager.py:878} INFO - 
================================================================================
DAG File Processing Stats

File Path                        PID    Runtime      # DAGs    # Errors  Last Runtime    Last Run
-------------------------------  -----  ---------  --------  ----------  --------------  -------------------
/opt/airflow/dags/dq_etl_dag.py                           1           0  0.06s           2026-04-22T14:44:43
================================================================================
[2026-04-22T14:45:09.808+0000] {manager.py:737} INFO - Searching for files in /opt/airflow/dags
[2026-04-22T14:45:09.808+0000] {manager.py:740} INFO - There are 1 files in /opt/airflow/dags
[2026-04-22T14:45:33.791+0000] {manager.py:878} INFO - 
================================================================================
DAG File Processing Stats

File Path                        PID    Runtime      # DAGs    # Errors  Last Runtime    Last Run
-------------------------------  -----  ---------  --------  ----------  --------------  -------------------
/opt/airflow/dags/dq_etl_dag.py                           1           0  0.06s           2026-04-22T14:45:14
================================================================================
[2026-04-22T14:46:05.863+0000] {manager.py:878} INFO - 
================================================================================
DAG File Processing Stats

File Path                        PID    Runtime      # DAGs    # Errors  Last Runtime    Last Run
-------------------------------  -----  ---------  --------  ----------  --------------  -------------------
/opt/airflow/dags/dq_etl_dag.py                           1           0  0.07s           2026-04-22T14:45:46
================================================================================
[2026-04-22T14:46:37.907+0000] {manager.py:878} INFO - 
================================================================================
DAG File Processing Stats

File Path                        PID    Runtime      # DAGs    # Errors  Last Runtime    Last Run
-------------------------------  -----  ---------  --------  ----------  --------------  -------------------
/opt/airflow/dags/dq_etl_dag.py                           1           0  0.06s           2026-04-22T14:46:18
================================================================================
[2026-04-22T14:47:10.023+0000] {manager.py:878} INFO - 
================================================================================
DAG File Processing Stats

File Path                        PID    Runtime      # DAGs    # Errors  Last Runtime    Last Run
-------------------------------  -----  ---------  --------  ----------  --------------  -------------------
/opt/airflow/dags/dq_etl_dag.py                           1           0  0.07s           2026-04-22T14:46:50
================================================================================
[2026-04-22T14:47:42.002+0000] {manager.py:878} INFO - 
================================================================================
DAG File Processing Stats

File Path                        PID    Runtime      # DAGs    # Errors  Last Runtime    Last Run
-------------------------------  -----  ---------  --------  ----------  --------------  -------------------
/opt/airflow/dags/dq_etl_dag.py                           1           0  0.07s           2026-04-22T14:47:23
================================================================================
[2026-04-22T14:50:02.603+0000] {manager.py:878} INFO - 
================================================================================
DAG File Processing Stats

File Path                        PID    Runtime      # DAGs    # Errors  Last Runtime    Last Run
-------------------------------  -----  ---------  --------  ----------  --------------  -------------------
/opt/airflow/dags/dq_etl_dag.py                           1           0  0.07s           2026-04-22T14:50:01
================================================================================
[2026-04-22T14:50:10.622+0000] {manager.py:737} INFO - Searching for files in /opt/airflow/dags
[2026-04-22T14:50:10.622+0000] {manager.py:740} INFO - There are 1 files in /opt/airflow/dags
[2026-04-27T10:06:14.808+0000] {manager.py:470} INFO - Processing files using up to 2 processes at a time 
[2026-04-27T10:06:14.809+0000] {manager.py:471} INFO - Process each file at most once every 30 seconds
[2026-04-27T10:06:14.809+0000] {manager.py:472} INFO - Checking for new files in /opt/airflow/dags every 300 seconds
[2026-04-27T10:06:14.809+0000] {manager.py:737} INFO - Searching for files in /opt/airflow/dags
[2026-04-27T10:06:14.810+0000] {manager.py:740} INFO - There are 1 files in /opt/airflow/dags
[2026-04-27T10:06:14.890+0000] {manager.py:878} INFO - 
================================================================================
DAG File Processing Stats

File Path                          PID  Runtime      # DAGs    # Errors  Last Runtime    Last Run
-------------------------------  -----  ---------  --------  ----------  --------------  ----------
/opt/airflow/dags/dq_etl_dag.py    188  0.03s             0           0
================================================================================
[2026-04-27T10:06:44.921+0000] {manager.py:878} INFO - 
================================================================================
DAG File Processing Stats

File Path                        PID    Runtime      # DAGs    # Errors  Last Runtime    Last Run
-------------------------------  -----  ---------  --------  ----------  --------------  -------------------
/opt/airflow/dags/dq_etl_dag.py                           1           0  0.09s           2026-04-27T10:06:14
================================================================================
[2026-04-27T10:07:14.450+0000] {manager.py:878} INFO - 
================================================================================
DAG File Processing Stats

File Path                        PID    Runtime      # DAGs    # Errors  Last Runtime    Last Run
-------------------------------  -----  ---------  --------  ----------  --------------  -------------------
/opt/airflow/dags/dq_etl_dag.py                           1           0  0.27s           2026-04-27T10:06:46
================================================================================
[2026-04-27T10:07:36.361+0000] {manager.py:452} INFO - Exiting gracefully upon receiving signal 15
[2026-04-27T10:07:54.534+0000] {manager.py:470} INFO - Processing files using up to 2 processes at a time 
[2026-04-27T10:07:54.534+0000] {manager.py:471} INFO - Process each file at most once every 30 seconds
[2026-04-27T10:07:54.535+0000] {manager.py:472} INFO - Checking for new files in /opt/airflow/dags every 300 seconds
[2026-04-27T10:07:54.535+0000] {manager.py:737} INFO - Searching for files in /opt/airflow/dags
[2026-04-27T10:07:54.535+0000] {manager.py:740} INFO - There are 1 files in /opt/airflow/dags
[2026-04-27T10:07:54.605+0000] {manager.py:878} INFO - 
================================================================================
DAG File Processing Stats

File Path                          PID  Runtime      # DAGs    # Errors  Last Runtime    Last Run
-------------------------------  -----  ---------  --------  ----------  --------------  ----------
/opt/airflow/dags/dq_etl_dag.py    188  0.03s             0           0
================================================================================
[2026-04-27T10:08:24.230+0000] {manager.py:878} INFO - 
================================================================================
DAG File Processing Stats

File Path                        PID    Runtime      # DAGs    # Errors  Last Runtime    Last Run
-------------------------------  -----  ---------  --------  ----------  --------------  -------------------
/opt/airflow/dags/dq_etl_dag.py                           1           0  0.07s           2026-04-27T10:07:54
================================================================================
[2026-04-27T10:08:53.671+0000] {manager.py:878} INFO - 
================================================================================
DAG File Processing Stats

File Path                        PID    Runtime      # DAGs    # Errors  Last Runtime    Last Run
-------------------------------  -----  ---------  --------  ----------  --------------  -------------------
/opt/airflow/dags/dq_etl_dag.py                           1           0  0.21s           2026-04-27T10:08:25
================================================================================
[2026-04-27T10:09:23.353+0000] {manager.py:878} INFO - 
================================================================================
DAG File Processing Stats

File Path                        PID    Runtime      # DAGs    # Errors  Last Runtime    Last Run
-------------------------------  -----  ---------  --------  ----------  --------------  -------------------
/opt/airflow/dags/dq_etl_dag.py                           1           0  0.10s           2026-04-27T10:08:55
================================================================================
[2026-04-27T10:09:52.840+0000] {manager.py:878} INFO - 
================================================================================
DAG File Processing Stats

File Path                        PID    Runtime      # DAGs    # Errors  Last Runtime    Last Run
-------------------------------  -----  ---------  --------  ----------  --------------  -------------------
/opt/airflow/dags/dq_etl_dag.py                           1           0  0.19s           2026-04-27T10:09:26
================================================================================
[2026-04-27T10:10:22.861+0000] {manager.py:878} INFO - 
================================================================================
DAG File Processing Stats

File Path                        PID    Runtime      # DAGs    # Errors  Last Runtime    Last Run
-------------------------------  -----  ---------  --------  ----------  --------------  -------------------
/opt/airflow/dags/dq_etl_dag.py                           1           0  0.18s           2026-04-27T10:09:57
================================================================================
[2026-04-27T10:10:51.986+0000] {manager.py:878} INFO - 
================================================================================
DAG File Processing Stats

File Path                        PID    Runtime      # DAGs    # Errors  Last Runtime    Last Run
-------------------------------  -----  ---------  --------  ----------  --------------  -------------------
/opt/airflow/dags/dq_etl_dag.py                           1           0  0.18s           2026-04-27T10:10:27
================================================================================
[2026-04-27T10:11:21.530+0000] {manager.py:878} INFO - 
================================================================================
DAG File Processing Stats

File Path                        PID    Runtime      # DAGs    # Errors  Last Runtime    Last Run
-------------------------------  -----  ---------  --------  ----------  --------------  -------------------
/opt/airflow/dags/dq_etl_dag.py                           1           0  0.09s           2026-04-27T10:10:58
================================================================================
[2026-04-27T10:11:50.970+0000] {manager.py:878} INFO - 
================================================================================
DAG File Processing Stats

File Path                        PID    Runtime      # DAGs    # Errors  Last Runtime    Last Run
-------------------------------  -----  ---------  --------  ----------  --------------  -------------------
/opt/airflow/dags/dq_etl_dag.py                           1           0  0.08s           2026-04-27T10:11:28
================================================================================
[2026-04-27T10:12:20.404+0000] {manager.py:878} INFO - 
================================================================================
DAG File Processing Stats

File Path                        PID    Runtime      # DAGs    # Errors  Last Runtime    Last Run
-------------------------------  -----  ---------  --------  ----------  --------------  -------------------
/opt/airflow/dags/dq_etl_dag.py                           1           0  0.09s           2026-04-27T10:11:59
================================================================================
[2026-04-27T10:12:49.955+0000] {manager.py:878} INFO - 
================================================================================
DAG File Processing Stats

File Path                        PID    Runtime      # DAGs    # Errors  Last Runtime    Last Run
-------------------------------  -----  ---------  --------  ----------  --------------  -------------------
/opt/airflow/dags/dq_etl_dag.py                           1           0  0.07s           2026-04-27T10:12:29
================================================================================
[2026-04-27T10:12:54.997+0000] {manager.py:737} INFO - Searching for files in /opt/airflow/dags
[2026-04-27T10:12:54.998+0000] {manager.py:740} INFO - There are 1 files in /opt/airflow/dags
[2026-04-27T10:13:19.440+0000] {manager.py:878} INFO - 
================================================================================
DAG File Processing Stats

File Path                        PID    Runtime      # DAGs    # Errors  Last Runtime    Last Run
-------------------------------  -----  ---------  --------  ----------  --------------  -------------------
/opt/airflow/dags/dq_etl_dag.py                           1           0  0.08s           2026-04-27T10:13:00
================================================================================
[2026-04-27T10:13:48.997+0000] {manager.py:878} INFO - 
================================================================================
DAG File Processing Stats

File Path                        PID    Runtime      # DAGs    # Errors  Last Runtime    Last Run
-------------------------------  -----  ---------  --------  ----------  --------------  -------------------
/opt/airflow/dags/dq_etl_dag.py                           1           0  0.07s           2026-04-27T10:13:30
================================================================================
[2026-04-27T10:14:18.583+0000] {manager.py:878} INFO - 
================================================================================
DAG File Processing Stats

File Path                        PID    Runtime      # DAGs    # Errors  Last Runtime    Last Run
-------------------------------  -----  ---------  --------  ----------  --------------  -------------------
/opt/airflow/dags/dq_etl_dag.py                           1           0  0.08s           2026-04-27T10:14:01
================================================================================
[2026-04-27T10:14:48.042+0000] {manager.py:878} INFO - 
================================================================================
DAG File Processing Stats

File Path                        PID    Runtime      # DAGs    # Errors  Last Runtime    Last Run
-------------------------------  -----  ---------  --------  ----------  --------------  -------------------
/opt/airflow/dags/dq_etl_dag.py                           1           0  0.07s           2026-04-27T10:14:31
================================================================================
[2026-04-27T10:15:17.506+0000] {manager.py:878} INFO - 
================================================================================
DAG File Processing Stats

File Path                        PID    Runtime      # DAGs    # Errors  Last Runtime    Last Run
-------------------------------  -----  ---------  --------  ----------  --------------  -------------------
/opt/airflow/dags/dq_etl_dag.py                           1           0  0.07s           2026-04-27T10:15:02
================================================================================
[2026-04-27T10:15:47.017+0000] {manager.py:878} INFO - 
================================================================================
DAG File Processing Stats

File Path                        PID    Runtime      # DAGs    # Errors  Last Runtime    Last Run
-------------------------------  -----  ---------  --------  ----------  --------------  -------------------
/opt/airflow/dags/dq_etl_dag.py                           1           0  0.07s           2026-04-27T10:15:32
================================================================================
[2026-04-27T10:16:16.635+0000] {manager.py:878} INFO - 
================================================================================
DAG File Processing Stats

File Path                        PID    Runtime      # DAGs    # Errors  Last Runtime    Last Run
-------------------------------  -----  ---------  --------  ----------  --------------  -------------------
/opt/airflow/dags/dq_etl_dag.py                           1           0  0.08s           2026-04-27T10:16:03
================================================================================
[2026-04-27T10:16:46.097+0000] {manager.py:878} INFO - 
================================================================================
DAG File Processing Stats

File Path                        PID    Runtime      # DAGs    # Errors  Last Runtime    Last Run
-------------------------------  -----  ---------  --------  ----------  --------------  -------------------
/opt/airflow/dags/dq_etl_dag.py                           1           0  0.07s           2026-04-27T10:16:34
================================================================================
[2026-04-27T10:17:15.529+0000] {manager.py:878} INFO - 
================================================================================
DAG File Processing Stats

File Path                        PID    Runtime      # DAGs    # Errors  Last Runtime    Last Run
-------------------------------  -----  ---------  --------  ----------  --------------  -------------------
/opt/airflow/dags/dq_etl_dag.py                           1           0  0.07s           2026-04-27T10:17:04
================================================================================
[2026-04-27T10:17:45.056+0000] {manager.py:878} INFO - 
================================================================================
DAG File Processing Stats

File Path                        PID    Runtime      # DAGs    # Errors  Last Runtime    Last Run
-------------------------------  -----  ---------  --------  ----------  --------------  -------------------
/opt/airflow/dags/dq_etl_dag.py                           1           0  0.07s           2026-04-27T10:17:35
================================================================================
[2026-04-27T10:17:55.194+0000] {manager.py:737} INFO - Searching for files in /opt/airflow/dags
[2026-04-27T10:17:55.196+0000] {manager.py:740} INFO - There are 1 files in /opt/airflow/dags
[2026-04-27T10:18:14.573+0000] {manager.py:878} INFO - 
================================================================================
DAG File Processing Stats

File Path                        PID    Runtime      # DAGs    # Errors  Last Runtime    Last Run
-------------------------------  -----  ---------  --------  ----------  --------------  -------------------
/opt/airflow/dags/dq_etl_dag.py                           1           0  0.09s           2026-04-27T10:18:05
================================================================================
[2026-04-27T10:18:43.944+0000] {manager.py:878} INFO - 
================================================================================
DAG File Processing Stats

File Path                        PID    Runtime      # DAGs    # Errors  Last Runtime    Last Run
-------------------------------  -----  ---------  --------  ----------  --------------  -------------------
/opt/airflow/dags/dq_etl_dag.py                           1           0  0.07s           2026-04-27T10:18:35
================================================================================
[2026-04-27T10:19:13.405+0000] {manager.py:878} INFO - 
================================================================================
DAG File Processing Stats

File Path                        PID    Runtime      # DAGs    # Errors  Last Runtime    Last Run
-------------------------------  -----  ---------  --------  ----------  --------------  -------------------
/opt/airflow/dags/dq_etl_dag.py                           1           0  0.08s           2026-04-27T10:19:06
================================================================================
[2026-04-27T10:19:42.925+0000] {manager.py:878} INFO - 
================================================================================
DAG File Processing Stats

File Path                        PID    Runtime      # DAGs    # Errors  Last Runtime    Last Run
-------------------------------  -----  ---------  --------  ----------  --------------  -------------------
/opt/airflow/dags/dq_etl_dag.py                           1           0  0.08s           2026-04-27T10:19:36
================================================================================
[2026-04-27T10:20:12.459+0000] {manager.py:878} INFO - 
================================================================================
DAG File Processing Stats

File Path                        PID    Runtime      # DAGs    # Errors  Last Runtime    Last Run
-------------------------------  -----  ---------  --------  ----------  --------------  -------------------
/opt/airflow/dags/dq_etl_dag.py                           1           0  0.10s           2026-04-27T10:20:07
================================================================================
[2026-04-27T10:20:41.849+0000] {manager.py:878} INFO - 
================================================================================
DAG File Processing Stats

File Path                        PID    Runtime      # DAGs    # Errors  Last Runtime    Last Run
-------------------------------  -----  ---------  --------  ----------  --------------  -------------------
/opt/airflow/dags/dq_etl_dag.py                           1           0  0.08s           2026-04-27T10:20:37
================================================================================
[2026-04-27T10:21:11.318+0000] {manager.py:878} INFO - 
================================================================================
DAG File Processing Stats

File Path                        PID    Runtime      # DAGs    # Errors  Last Runtime    Last Run
-------------------------------  -----  ---------  --------  ----------  --------------  -------------------
/opt/airflow/dags/dq_etl_dag.py                           1           0  0.07s           2026-04-27T10:21:08
================================================================================
[2026-04-27T10:21:40.774+0000] {manager.py:878} INFO - 
================================================================================
DAG File Processing Stats

File Path                        PID    Runtime      # DAGs    # Errors  Last Runtime    Last Run
-------------------------------  -----  ---------  --------  ----------  --------------  -------------------
/opt/airflow/dags/dq_etl_dag.py                           1           0  0.07s           2026-04-27T10:21:38
================================================================================
[2026-04-27T10:22:10.227+0000] {manager.py:878} INFO - 
================================================================================
DAG File Processing Stats

File Path                        PID    Runtime      # DAGs    # Errors  Last Runtime    Last Run
-------------------------------  -----  ---------  --------  ----------  --------------  -------------------
/opt/airflow/dags/dq_etl_dag.py                           1           0  0.07s           2026-04-27T10:22:09
================================================================================
[2026-04-27T10:22:39.633+0000] {manager.py:878} INFO - 
================================================================================
DAG File Processing Stats

File Path                          PID  Runtime      # DAGs    # Errors  Last Runtime    Last Run
-------------------------------  -----  ---------  --------  ----------  --------------  -------------------
/opt/airflow/dags/dq_etl_dag.py   2197  0.00s             1           0  0.07s           2026-04-27T10:22:09
================================================================================
[2026-04-27T10:22:55.951+0000] {manager.py:737} INFO - Searching for files in /opt/airflow/dags
[2026-04-27T10:22:55.951+0000] {manager.py:740} INFO - There are 1 files in /opt/airflow/dags
[2026-04-27T10:23:09.113+0000] {manager.py:878} INFO - 
================================================================================
DAG File Processing Stats

File Path                        PID    Runtime      # DAGs    # Errors  Last Runtime    Last Run
-------------------------------  -----  ---------  --------  ----------  --------------  -------------------
/opt/airflow/dags/dq_etl_dag.py                           1           0  0.07s           2026-04-27T10:22:39
================================================================================
[2026-04-27T10:23:38.582+0000] {manager.py:878} INFO - 
================================================================================
DAG File Processing Stats

File Path                        PID    Runtime      # DAGs    # Errors  Last Runtime    Last Run
-------------------------------  -----  ---------  --------  ----------  --------------  -------------------
/opt/airflow/dags/dq_etl_dag.py                           1           0  0.08s           2026-04-27T10:23:10
================================================================================
[2026-04-27T10:24:08.066+0000] {manager.py:878} INFO - 
================================================================================
DAG File Processing Stats

File Path                        PID    Runtime      # DAGs    # Errors  Last Runtime    Last Run
-------------------------------  -----  ---------  --------  ----------  --------------  -------------------
/opt/airflow/dags/dq_etl_dag.py                           1           0  0.08s           2026-04-27T10:23:40
================================================================================
[2026-04-27T10:24:37.515+0000] {manager.py:878} INFO - 
================================================================================
DAG File Processing Stats

File Path                        PID    Runtime      # DAGs    # Errors  Last Runtime    Last Run
-------------------------------  -----  ---------  --------  ----------  --------------  -------------------
/opt/airflow/dags/dq_etl_dag.py                           1           0  0.13s           2026-04-27T10:24:35
================================================================================
[2026-04-27T10:25:06.961+0000] {manager.py:878} INFO - 
================================================================================
DAG File Processing Stats

File Path                        PID    Runtime      # DAGs    # Errors  Last Runtime    Last Run
-------------------------------  -----  ---------  --------  ----------  --------------  -------------------
/opt/airflow/dags/dq_etl_dag.py                           1           0  0.08s           2026-04-27T10:25:06
================================================================================
[2026-04-27T10:25:36.343+0000] {manager.py:878} INFO - 
================================================================================
DAG File Processing Stats

File Path                          PID  Runtime      # DAGs    # Errors  Last Runtime    Last Run
-------------------------------  -----  ---------  --------  ----------  --------------  -------------------
/opt/airflow/dags/dq_etl_dag.py   2782  0.00s             1           0  0.08s           2026-04-27T10:25:06
================================================================================
[2026-04-27T10:26:05.693+0000] {manager.py:878} INFO - 
================================================================================
DAG File Processing Stats

File Path                        PID    Runtime      # DAGs    # Errors  Last Runtime    Last Run
-------------------------------  -----  ---------  --------  ----------  --------------  -------------------
/opt/airflow/dags/dq_etl_dag.py                           1           0  0.07s           2026-04-27T10:25:36
================================================================================
[2026-04-27T10:26:35.328+0000] {manager.py:878} INFO - 
================================================================================
DAG File Processing Stats

File Path                        PID    Runtime      # DAGs    # Errors  Last Runtime    Last Run
-------------------------------  -----  ---------  --------  ----------  --------------  -------------------
/opt/airflow/dags/dq_etl_dag.py                           1           0  0.07s           2026-04-27T10:26:06
================================================================================
[2026-04-27T10:27:04.855+0000] {manager.py:878} INFO - 
================================================================================
DAG File Processing Stats

File Path                        PID    Runtime      # DAGs    # Errors  Last Runtime    Last Run
-------------------------------  -----  ---------  --------  ----------  --------------  -------------------
/opt/airflow/dags/dq_etl_dag.py                           1           0  0.07s           2026-04-27T10:26:37
================================================================================
[2026-04-27T10:27:34.291+0000] {manager.py:878} INFO - 
================================================================================
DAG File Processing Stats

File Path                        PID    Runtime      # DAGs    # Errors  Last Runtime    Last Run
-------------------------------  -----  ---------  --------  ----------  --------------  -------------------
/opt/airflow/dags/dq_etl_dag.py                           1           0  0.08s           2026-04-27T10:27:07
================================================================================
[2026-04-27T10:27:56.768+0000] {manager.py:737} INFO - Searching for files in /opt/airflow/dags
[2026-04-27T10:27:56.769+0000] {manager.py:740} INFO - There are 1 files in /opt/airflow/dags
[2026-04-27T10:28:03.826+0000] {manager.py:878} INFO - 
================================================================================
DAG File Processing Stats

File Path                        PID    Runtime      # DAGs    # Errors  Last Runtime    Last Run
-------------------------------  -----  ---------  --------  ----------  --------------  -------------------
/opt/airflow/dags/dq_etl_dag.py                           1           0  0.08s           2026-04-27T10:27:38
================================================================================
[2026-04-27T10:28:33.382+0000] {manager.py:878} INFO - 
================================================================================
DAG File Processing Stats

File Path                        PID    Runtime      # DAGs    # Errors  Last Runtime    Last Run
-------------------------------  -----  ---------  --------  ----------  --------------  -------------------
/opt/airflow/dags/dq_etl_dag.py                           1           0  0.09s           2026-04-27T10:28:08
================================================================================
[2026-04-27T10:29:02.798+0000] {manager.py:878} INFO - 
================================================================================
DAG File Processing Stats

File Path                        PID    Runtime      # DAGs    # Errors  Last Runtime    Last Run
-------------------------------  -----  ---------  --------  ----------  --------------  -------------------
/opt/airflow/dags/dq_etl_dag.py                           1           0  0.07s           2026-04-27T10:28:39
================================================================================
[2026-04-27T10:29:32.489+0000] {manager.py:878} INFO - 
================================================================================
DAG File Processing Stats

File Path                        PID    Runtime      # DAGs    # Errors  Last Runtime    Last Run
-------------------------------  -----  ---------  --------  ----------  --------------  -------------------
/opt/airflow/dags/dq_etl_dag.py                           1           0  0.11s           2026-04-27T10:29:09
================================================================================
[2026-04-27T10:30:02.079+0000] {manager.py:878} INFO - 
================================================================================
DAG File Processing Stats

File Path                        PID    Runtime      # DAGs    # Errors  Last Runtime    Last Run
-------------------------------  -----  ---------  --------  ----------  --------------  -------------------
/opt/airflow/dags/dq_etl_dag.py                           1           0  0.08s           2026-04-27T10:29:40
================================================================================
[2026-04-27T10:30:31.656+0000] {manager.py:878} INFO - 
================================================================================
DAG File Processing Stats

File Path                        PID    Runtime      # DAGs    # Errors  Last Runtime    Last Run
-------------------------------  -----  ---------  --------  ----------  --------------  -------------------
/opt/airflow/dags/dq_etl_dag.py                           1           0  0.07s           2026-04-27T10:30:11
================================================================================
[2026-04-27T10:31:01.212+0000] {manager.py:878} INFO - 
================================================================================
DAG File Processing Stats

File Path                        PID    Runtime      # DAGs    # Errors  Last Runtime    Last Run
-------------------------------  -----  ---------  --------  ----------  --------------  -------------------
/opt/airflow/dags/dq_etl_dag.py                           1           0  0.07s           2026-04-27T10:30:42
================================================================================
[2026-04-27T10:31:30.705+0000] {manager.py:878} INFO - 
================================================================================
DAG File Processing Stats

File Path                        PID    Runtime      # DAGs    # Errors  Last Runtime    Last Run
-------------------------------  -----  ---------  --------  ----------  --------------  -------------------
/opt/airflow/dags/dq_etl_dag.py                           1           0  0.09s           2026-04-27T10:31:12
================================================================================
[2026-04-27T10:32:00.370+0000] {manager.py:878} INFO - 
================================================================================
DAG File Processing Stats

File Path                        PID    Runtime      # DAGs    # Errors  Last Runtime    Last Run
-------------------------------  -----  ---------  --------  ----------  --------------  -------------------
/opt/airflow/dags/dq_etl_dag.py                           1           0  0.08s           2026-04-27T10:31:43
================================================================================
[2026-04-27T10:32:29.940+0000] {manager.py:878} INFO - 
================================================================================
DAG File Processing Stats

File Path                        PID    Runtime      # DAGs    # Errors  Last Runtime    Last Run
-------------------------------  -----  ---------  --------  ----------  --------------  -------------------
/opt/airflow/dags/dq_etl_dag.py                           1           0  0.08s           2026-04-27T10:32:13
================================================================================
[2026-04-27T10:32:57.459+0000] {manager.py:737} INFO - Searching for files in /opt/airflow/dags
[2026-04-27T10:32:57.460+0000] {manager.py:740} INFO - There are 1 files in /opt/airflow/dags
[2026-04-27T10:32:59.519+0000] {manager.py:878} INFO - 
================================================================================
DAG File Processing Stats

File Path                        PID    Runtime      # DAGs    # Errors  Last Runtime    Last Run
-------------------------------  -----  ---------  --------  ----------  --------------  -------------------
/opt/airflow/dags/dq_etl_dag.py                           1           0  0.11s           2026-04-27T10:32:44
================================================================================
[2026-04-27T10:33:29.113+0000] {manager.py:878} INFO - 
================================================================================
DAG File Processing Stats

File Path                        PID    Runtime      # DAGs    # Errors  Last Runtime    Last Run
-------------------------------  -----  ---------  --------  ----------  --------------  -------------------
/opt/airflow/dags/dq_etl_dag.py                           1           0  0.12s           2026-04-27T10:33:15
================================================================================
[2026-04-27T10:33:58.574+0000] {manager.py:878} INFO - 
================================================================================
DAG File Processing Stats

File Path                        PID    Runtime      # DAGs    # Errors  Last Runtime    Last Run
-------------------------------  -----  ---------  --------  ----------  --------------  -------------------
/opt/airflow/dags/dq_etl_dag.py                           1           0  0.07s           2026-04-27T10:33:45
================================================================================
[2026-04-27T10:34:28.052+0000] {manager.py:878} INFO - 
================================================================================
DAG File Processing Stats

File Path                        PID    Runtime      # DAGs    # Errors  Last Runtime    Last Run
-------------------------------  -----  ---------  --------  ----------  --------------  -------------------
/opt/airflow/dags/dq_etl_dag.py                           1           0  0.06s           2026-04-27T10:34:16
================================================================================
[2026-04-27T10:34:57.441+0000] {manager.py:878} INFO - 
================================================================================
DAG File Processing Stats

File Path                        PID    Runtime      # DAGs    # Errors  Last Runtime    Last Run
-------------------------------  -----  ---------  --------  ----------  --------------  -------------------
/opt/airflow/dags/dq_etl_dag.py                           1           0  0.07s           2026-04-27T10:34:46
================================================================================
[2026-04-27T10:35:27.117+0000] {manager.py:878} INFO - 
================================================================================
DAG File Processing Stats

File Path                        PID    Runtime      # DAGs    # Errors  Last Runtime    Last Run
-------------------------------  -----  ---------  --------  ----------  --------------  -------------------
/opt/airflow/dags/dq_etl_dag.py                           1           0  0.08s           2026-04-27T10:35:17
================================================================================
[2026-04-27T10:35:56.655+0000] {manager.py:878} INFO - 
================================================================================
DAG File Processing Stats

File Path                        PID    Runtime      # DAGs    # Errors  Last Runtime    Last Run
-------------------------------  -----  ---------  --------  ----------  --------------  -------------------
/opt/airflow/dags/dq_etl_dag.py                           1           0  0.08s           2026-04-27T10:35:47
================================================================================
[2026-04-27T10:36:26.244+0000] {manager.py:878} INFO - 
================================================================================
DAG File Processing Stats

File Path                        PID    Runtime      # DAGs    # Errors  Last Runtime    Last Run
-------------------------------  -----  ---------  --------  ----------  --------------  -------------------
/opt/airflow/dags/dq_etl_dag.py                           1           0  0.08s           2026-04-27T10:36:18
================================================================================
[2026-04-27T10:36:55.884+0000] {manager.py:878} INFO - 
================================================================================
DAG File Processing Stats

File Path                        PID    Runtime      # DAGs    # Errors  Last Runtime    Last Run
-------------------------------  -----  ---------  --------  ----------  --------------  -------------------
/opt/airflow/dags/dq_etl_dag.py                           1           0  0.10s           2026-04-27T10:36:48
================================================================================
[2026-04-27T10:37:25.539+0000] {manager.py:878} INFO - 
================================================================================
DAG File Processing Stats

File Path                        PID    Runtime      # DAGs    # Errors  Last Runtime    Last Run
-------------------------------  -----  ---------  --------  ----------  --------------  -------------------
/opt/airflow/dags/dq_etl_dag.py                           1           0  0.10s           2026-04-27T10:37:19
================================================================================
[2026-04-27T10:37:55.012+0000] {manager.py:878} INFO - 
================================================================================
DAG File Processing Stats

File Path                        PID    Runtime      # DAGs    # Errors  Last Runtime    Last Run
-------------------------------  -----  ---------  --------  ----------  --------------  -------------------
/opt/airflow/dags/dq_etl_dag.py                           1           0  0.08s           2026-04-27T10:37:50
================================================================================
[2026-04-27T10:37:58.251+0000] {manager.py:737} INFO - Searching for files in /opt/airflow/dags
[2026-04-27T10:37:58.251+0000] {manager.py:740} INFO - There are 1 files in /opt/airflow/dags
[2026-04-27T10:38:24.674+0000] {manager.py:878} INFO - 
================================================================================
DAG File Processing Stats

File Path                        PID    Runtime      # DAGs    # Errors  Last Runtime    Last Run
-------------------------------  -----  ---------  --------  ----------  --------------  -------------------
/opt/airflow/dags/dq_etl_dag.py                           1           0  0.08s           2026-04-27T10:38:20
================================================================================
[2026-04-27T10:38:54.142+0000] {manager.py:878} INFO - 
================================================================================
DAG File Processing Stats

File Path                        PID    Runtime      # DAGs    # Errors  Last Runtime    Last Run
-------------------------------  -----  ---------  --------  ----------  --------------  -------------------
/opt/airflow/dags/dq_etl_dag.py                           1           0  0.08s           2026-04-27T10:38:51
================================================================================
[2026-04-27T10:39:23.574+0000] {manager.py:878} INFO - 
================================================================================
DAG File Processing Stats

File Path                        PID    Runtime      # DAGs    # Errors  Last Runtime    Last Run
-------------------------------  -----  ---------  --------  ----------  --------------  -------------------
/opt/airflow/dags/dq_etl_dag.py                           1           0  0.08s           2026-04-27T10:39:21
================================================================================
[2026-04-27T10:39:53.019+0000] {manager.py:878} INFO - 
================================================================================
DAG File Processing Stats

File Path                        PID    Runtime      # DAGs    # Errors  Last Runtime    Last Run
-------------------------------  -----  ---------  --------  ----------  --------------  -------------------
/opt/airflow/dags/dq_etl_dag.py                           1           0  0.08s           2026-04-27T10:39:52
================================================================================
[2026-04-27T10:40:22.440+0000] {manager.py:878} INFO - 
================================================================================
DAG File Processing Stats

File Path                          PID  Runtime      # DAGs    # Errors  Last Runtime    Last Run
-------------------------------  -----  ---------  --------  ----------  --------------  -------------------
/opt/airflow/dags/dq_etl_dag.py   3814  0.00s             1           0  0.08s           2026-04-27T10:39:52
================================================================================
[2026-04-27T12:57:59.564+0000] {manager.py:737} INFO - Searching for files in /opt/airflow/dags
[2026-04-27T12:57:59.565+0000] {manager.py:740} INFO - There are 1 files in /opt/airflow/dags
[2026-04-27T12:58:11.676+0000] {manager.py:878} INFO - 
================================================================================
DAG File Processing Stats

File Path                        PID    Runtime      # DAGs    # Errors  Last Runtime    Last Run
-------------------------------  -----  ---------  --------  ----------  --------------  -------------------
/opt/airflow/dags/dq_etl_dag.py                           1           0  0.13s           2026-04-27T12:57:59
================================================================================
[2026-04-27T12:58:40.554+0000] {manager.py:878} INFO - 
================================================================================
DAG File Processing Stats

File Path                        PID    Runtime      # DAGs    # Errors  Last Runtime    Last Run
-------------------------------  -----  ---------  --------  ----------  --------------  -------------------
/opt/airflow/dags/dq_etl_dag.py                           1           0  0.12s           2026-04-27T12:58:30
================================================================================
[2026-04-27T12:59:07.777+0000] {manager.py:878} INFO - 
================================================================================
DAG File Processing Stats

File Path                        PID    Runtime      # DAGs    # Errors  Last Runtime    Last Run
-------------------------------  -----  ---------  --------  ----------  --------------  -------------------
/opt/airflow/dags/dq_etl_dag.py                           1           0  0.11s           2026-04-27T12:59:00
================================================================================
[2026-04-27T12:59:36.920+0000] {manager.py:878} INFO - 
================================================================================
DAG File Processing Stats

File Path                        PID    Runtime      # DAGs    # Errors  Last Runtime    Last Run
-------------------------------  -----  ---------  --------  ----------  --------------  -------------------
/opt/airflow/dags/dq_etl_dag.py                           1           0  0.13s           2026-04-27T12:59:31
================================================================================
[2026-04-27T13:00:06.652+0000] {manager.py:878} INFO - 
================================================================================
DAG File Processing Stats

File Path                        PID    Runtime      # DAGs    # Errors  Last Runtime    Last Run
-------------------------------  -----  ---------  --------  ----------  --------------  -------------------
/opt/airflow/dags/dq_etl_dag.py                           1           0  0.10s           2026-04-27T13:00:02
================================================================================
[2026-04-27T13:00:36.279+0000] {manager.py:878} INFO - 
================================================================================
DAG File Processing Stats

File Path                        PID    Runtime      # DAGs    # Errors  Last Runtime    Last Run
-------------------------------  -----  ---------  --------  ----------  --------------  -------------------
/opt/airflow/dags/dq_etl_dag.py                           1           0  0.10s           2026-04-27T13:00:32
================================================================================
[2026-04-27T13:01:06.313+0000] {manager.py:878} INFO - 
================================================================================
DAG File Processing Stats

File Path                        PID    Runtime      # DAGs    # Errors  Last Runtime    Last Run
-------------------------------  -----  ---------  --------  ----------  --------------  -------------------
/opt/airflow/dags/dq_etl_dag.py                           1           0  0.08s           2026-04-27T13:01:03
================================================================================
[2026-04-27T13:01:36.375+0000] {manager.py:878} INFO - 
================================================================================
DAG File Processing Stats

File Path                        PID    Runtime      # DAGs    # Errors  Last Runtime    Last Run
-------------------------------  -----  ---------  --------  ----------  --------------  -------------------
/opt/airflow/dags/dq_etl_dag.py                           1           0  0.11s           2026-04-27T13:01:34
================================================================================
[2026-04-27T13:02:06.371+0000] {manager.py:878} INFO - 
================================================================================
DAG File Processing Stats

File Path                        PID    Runtime      # DAGs    # Errors  Last Runtime    Last Run
-------------------------------  -----  ---------  --------  ----------  --------------  -------------------
/opt/airflow/dags/dq_etl_dag.py                           1           0  0.07s           2026-04-27T13:02:05
================================================================================
[2026-04-27T13:02:36.471+0000] {manager.py:878} INFO - 
================================================================================
DAG File Processing Stats

File Path                        PID    Runtime      # DAGs    # Errors  Last Runtime    Last Run
-------------------------------  -----  ---------  --------  ----------  --------------  -------------------
/opt/airflow/dags/dq_etl_dag.py                           1           0  0.08s           2026-04-27T13:02:35
================================================================================
[2026-04-27T13:02:59.727+0000] {manager.py:737} INFO - Searching for files in /opt/airflow/dags
[2026-04-27T13:02:59.728+0000] {manager.py:740} INFO - There are 1 files in /opt/airflow/dags
[2026-04-27T13:03:06.666+0000] {manager.py:878} INFO - 
================================================================================
DAG File Processing Stats

File Path                        PID    Runtime      # DAGs    # Errors  Last Runtime    Last Run
-------------------------------  -----  ---------  --------  ----------  --------------  -------------------
/opt/airflow/dags/dq_etl_dag.py                           1           0  0.08s           2026-04-27T13:03:05
================================================================================
[2026-04-27T13:03:36.672+0000] {manager.py:878} INFO - 
================================================================================
DAG File Processing Stats

File Path                          PID  Runtime      # DAGs    # Errors  Last Runtime    Last Run
-------------------------------  -----  ---------  --------  ----------  --------------  -------------------
/opt/airflow/dags/dq_etl_dag.py   4020  0.00s             1           0  0.08s           2026-04-27T13:03:05
================================================================================
[2026-04-27T13:04:06.820+0000] {manager.py:878} INFO - 
================================================================================
DAG File Processing Stats

File Path                          PID  Runtime      # DAGs    # Errors  Last Runtime    Last Run
-------------------------------  -----  ---------  --------  ----------  --------------  -------------------
/opt/airflow/dags/dq_etl_dag.py   4037  0.00s             1           0  0.07s           2026-04-27T13:03:36
================================================================================
[2026-04-27T13:04:36.976+0000] {manager.py:878} INFO - 
================================================================================
DAG File Processing Stats

File Path                          PID  Runtime      # DAGs    # Errors  Last Runtime    Last Run
-------------------------------  -----  ---------  --------  ----------  --------------  -------------------
/opt/airflow/dags/dq_etl_dag.py   4054  0.00s             1           0  0.07s           2026-04-27T13:04:06
================================================================================
[2026-04-27T13:05:06.955+0000] {manager.py:878} INFO - 
================================================================================
DAG File Processing Stats

File Path                        PID    Runtime      # DAGs    # Errors  Last Runtime    Last Run
-------------------------------  -----  ---------  --------  ----------  --------------  -------------------
/opt/airflow/dags/dq_etl_dag.py                           1           0  0.07s           2026-04-27T13:04:37
================================================================================
[2026-04-27T13:05:37.035+0000] {manager.py:878} INFO - 
================================================================================
DAG File Processing Stats

File Path                        PID    Runtime      # DAGs    # Errors  Last Runtime    Last Run
-------------------------------  -----  ---------  --------  ----------  --------------  -------------------
/opt/airflow/dags/dq_etl_dag.py                           1           0  0.07s           2026-04-27T13:05:08
================================================================================
[2026-04-27T13:06:07.096+0000] {manager.py:878} INFO - 
================================================================================
DAG File Processing Stats

File Path                        PID    Runtime      # DAGs    # Errors  Last Runtime    Last Run
-------------------------------  -----  ---------  --------  ----------  --------------  -------------------
/opt/airflow/dags/dq_etl_dag.py                           1           0  0.07s           2026-04-27T13:05:38
================================================================================
[2026-04-27T13:06:37.191+0000] {manager.py:878} INFO - 
================================================================================
DAG File Processing Stats

File Path                        PID    Runtime      # DAGs    # Errors  Last Runtime    Last Run
-------------------------------  -----  ---------  --------  ----------  --------------  -------------------
/opt/airflow/dags/dq_etl_dag.py                           1           0  0.08s           2026-04-27T13:06:09
================================================================================
[2026-04-27T13:07:07.277+0000] {manager.py:878} INFO - 
================================================================================
DAG File Processing Stats

File Path                        PID    Runtime      # DAGs    # Errors  Last Runtime    Last Run
-------------------------------  -----  ---------  --------  ----------  --------------  -------------------
/opt/airflow/dags/dq_etl_dag.py                           1           0  0.07s           2026-04-27T13:06:39
================================================================================
[2026-04-27T13:07:37.351+0000] {manager.py:878} INFO - 
================================================================================
DAG File Processing Stats

File Path                        PID    Runtime      # DAGs    # Errors  Last Runtime    Last Run
-------------------------------  -----  ---------  --------  ----------  --------------  -------------------
/opt/airflow/dags/dq_etl_dag.py                           1           0  0.08s           2026-04-27T13:07:09
================================================================================
[2026-04-27T13:08:00.480+0000] {manager.py:737} INFO - Searching for files in /opt/airflow/dags
[2026-04-27T13:08:00.481+0000] {manager.py:740} INFO - There are 1 files in /opt/airflow/dags
[2026-04-27T13:08:07.488+0000] {manager.py:878} INFO - 
================================================================================
DAG File Processing Stats

File Path                        PID    Runtime      # DAGs    # Errors  Last Runtime    Last Run
-------------------------------  -----  ---------  --------  ----------  --------------  -------------------
/opt/airflow/dags/dq_etl_dag.py                           1           0  0.08s           2026-04-27T13:07:39
================================================================================
[2026-04-27T13:08:37.575+0000] {manager.py:878} INFO - 
================================================================================
DAG File Processing Stats

File Path                        PID    Runtime      # DAGs    # Errors  Last Runtime    Last Run
-------------------------------  -----  ---------  --------  ----------  --------------  -------------------
/opt/airflow/dags/dq_etl_dag.py                           1           0  0.08s           2026-04-27T13:08:09
================================================================================
[2026-04-27T13:09:07.703+0000] {manager.py:878} INFO - 
================================================================================
DAG File Processing Stats

File Path                        PID    Runtime      # DAGs    # Errors  Last Runtime    Last Run
-------------------------------  -----  ---------  --------  ----------  --------------  -------------------
/opt/airflow/dags/dq_etl_dag.py                           1           0  0.09s           2026-04-27T13:08:39
================================================================================
[2026-04-27T13:09:37.808+0000] {manager.py:878} INFO - 
================================================================================
DAG File Processing Stats

File Path                        PID    Runtime      # DAGs    # Errors  Last Runtime    Last Run
-------------------------------  -----  ---------  --------  ----------  --------------  -------------------
/opt/airflow/dags/dq_etl_dag.py                           1           0  0.08s           2026-04-27T13:09:09
================================================================================
[2026-04-27T13:10:07.936+0000] {manager.py:878} INFO - 
================================================================================
DAG File Processing Stats

File Path                        PID    Runtime      # DAGs    # Errors  Last Runtime    Last Run
-------------------------------  -----  ---------  --------  ----------  --------------  -------------------
/opt/airflow/dags/dq_etl_dag.py                           1           0  0.08s           2026-04-27T13:09:39
================================================================================
[2026-04-27T13:10:38.042+0000] {manager.py:878} INFO - 
================================================================================
DAG File Processing Stats

File Path                        PID    Runtime      # DAGs    # Errors  Last Runtime    Last Run
-------------------------------  -----  ---------  --------  ----------  --------------  -------------------
/opt/airflow/dags/dq_etl_dag.py                           1           0  0.07s           2026-04-27T13:10:10
================================================================================
[2026-04-27T13:11:08.165+0000] {manager.py:878} INFO - 
================================================================================
DAG File Processing Stats

File Path                        PID    Runtime      # DAGs    # Errors  Last Runtime    Last Run
-------------------------------  -----  ---------  --------  ----------  --------------  -------------------
/opt/airflow/dags/dq_etl_dag.py                           1           0  0.08s           2026-04-27T13:10:40
================================================================================
[2026-04-27T13:11:38.308+0000] {manager.py:878} INFO - 
================================================================================
DAG File Processing Stats

File Path                        PID    Runtime      # DAGs    # Errors  Last Runtime    Last Run
-------------------------------  -----  ---------  --------  ----------  --------------  -------------------
/opt/airflow/dags/dq_etl_dag.py                           1           0  0.08s           2026-04-27T13:11:10
================================================================================
[2026-04-27T13:12:08.407+0000] {manager.py:878} INFO - 
================================================================================
DAG File Processing Stats

File Path                        PID    Runtime      # DAGs    # Errors  Last Runtime    Last Run
-------------------------------  -----  ---------  --------  ----------  --------------  -------------------
/opt/airflow/dags/dq_etl_dag.py                           1           0  0.08s           2026-04-27T13:11:40
================================================================================
[2026-04-27T13:12:38.562+0000] {manager.py:878} INFO - 
================================================================================
DAG File Processing Stats

File Path                        PID    Runtime      # DAGs    # Errors  Last Runtime    Last Run
-------------------------------  -----  ---------  --------  ----------  --------------  -------------------
/opt/airflow/dags/dq_etl_dag.py                           1           0  0.08s           2026-04-27T13:12:10
================================================================================
[2026-04-27T13:13:00.647+0000] {manager.py:737} INFO - Searching for files in /opt/airflow/dags
[2026-04-27T13:13:00.648+0000] {manager.py:740} INFO - There are 1 files in /opt/airflow/dags
[2026-04-27T13:13:08.679+0000] {manager.py:878} INFO - 
================================================================================
DAG File Processing Stats

File Path                        PID    Runtime      # DAGs    # Errors  Last Runtime    Last Run
-------------------------------  -----  ---------  --------  ----------  --------------  -------------------
/opt/airflow/dags/dq_etl_dag.py                           1           0  0.08s           2026-04-27T13:12:40
================================================================================
[2026-04-27T13:13:38.807+0000] {manager.py:878} INFO - 
================================================================================
DAG File Processing Stats

File Path                        PID    Runtime      # DAGs    # Errors  Last Runtime    Last Run
-------------------------------  -----  ---------  --------  ----------  --------------  -------------------
/opt/airflow/dags/dq_etl_dag.py                           1           0  0.09s           2026-04-27T13:13:10
================================================================================
[2026-04-27T13:14:08.944+0000] {manager.py:878} INFO - 
================================================================================
DAG File Processing Stats

File Path                        PID    Runtime      # DAGs    # Errors  Last Runtime    Last Run
-------------------------------  -----  ---------  --------  ----------  --------------  -------------------
/opt/airflow/dags/dq_etl_dag.py                           1           0  0.07s           2026-04-27T13:13:40
================================================================================
[2026-04-27T13:14:39.052+0000] {manager.py:878} INFO - 
================================================================================
DAG File Processing Stats

File Path                        PID    Runtime      # DAGs    # Errors  Last Runtime    Last Run
-------------------------------  -----  ---------  --------  ----------  --------------  -------------------
/opt/airflow/dags/dq_etl_dag.py                           1           0  0.08s           2026-04-27T13:14:11
================================================================================
[2026-04-27T13:15:09.202+0000] {manager.py:878} INFO - 
================================================================================
DAG File Processing Stats

File Path                        PID    Runtime      # DAGs    # Errors  Last Runtime    Last Run
-------------------------------  -----  ---------  --------  ----------  --------------  -------------------
/opt/airflow/dags/dq_etl_dag.py                           1           0  0.08s           2026-04-27T13:14:41
================================================================================
[2026-04-27T13:15:39.317+0000] {manager.py:878} INFO - 
================================================================================
DAG File Processing Stats

File Path                        PID    Runtime      # DAGs    # Errors  Last Runtime    Last Run
-------------------------------  -----  ---------  --------  ----------  --------------  -------------------
/opt/airflow/dags/dq_etl_dag.py                           1           0  0.08s           2026-04-27T13:15:11
================================================================================
[2026-04-27T13:16:09.466+0000] {manager.py:878} INFO - 
================================================================================
DAG File Processing Stats

File Path                        PID    Runtime      # DAGs    # Errors  Last Runtime    Last Run
-------------------------------  -----  ---------  --------  ----------  --------------  -------------------
/opt/airflow/dags/dq_etl_dag.py                           1           0  0.08s           2026-04-27T13:15:41
================================================================================
[2026-04-27T13:16:39.577+0000] {manager.py:878} INFO - 
================================================================================
DAG File Processing Stats

File Path                        PID    Runtime      # DAGs    # Errors  Last Runtime    Last Run
-------------------------------  -----  ---------  --------  ----------  --------------  -------------------
/opt/airflow/dags/dq_etl_dag.py                           1           0  0.08s           2026-04-27T13:16:11
================================================================================
[2026-04-27T13:17:09.730+0000] {manager.py:878} INFO - 
================================================================================
DAG File Processing Stats

File Path                        PID    Runtime      # DAGs    # Errors  Last Runtime    Last Run
-------------------------------  -----  ---------  --------  ----------  --------------  -------------------
/opt/airflow/dags/dq_etl_dag.py                           1           0  0.07s           2026-04-27T13:16:41
================================================================================
[2026-04-27T13:17:39.838+0000] {manager.py:878} INFO - 
================================================================================
DAG File Processing Stats

File Path                        PID    Runtime      # DAGs    # Errors  Last Runtime    Last Run
-------------------------------  -----  ---------  --------  ----------  --------------  -------------------
/opt/airflow/dags/dq_etl_dag.py                           1           0  0.07s           2026-04-27T13:17:11
================================================================================
[2026-04-27T13:18:00.950+0000] {manager.py:737} INFO - Searching for files in /opt/airflow/dags
[2026-04-27T13:18:00.950+0000] {manager.py:740} INFO - There are 1 files in /opt/airflow/dags
[2026-04-27T13:18:09.990+0000] {manager.py:878} INFO - 
================================================================================
DAG File Processing Stats

File Path                        PID    Runtime      # DAGs    # Errors  Last Runtime    Last Run
-------------------------------  -----  ---------  --------  ----------  --------------  -------------------
/opt/airflow/dags/dq_etl_dag.py                           1           0  0.07s           2026-04-27T13:17:41
================================================================================
[2026-04-27T13:18:40.104+0000] {manager.py:878} INFO - 
================================================================================
DAG File Processing Stats

File Path                        PID    Runtime      # DAGs    # Errors  Last Runtime    Last Run
-------------------------------  -----  ---------  --------  ----------  --------------  -------------------
/opt/airflow/dags/dq_etl_dag.py                           1           0  0.07s           2026-04-27T13:18:12
================================================================================
[2026-04-27T13:19:10.224+0000] {manager.py:878} INFO - 
================================================================================
DAG File Processing Stats

File Path                        PID    Runtime      # DAGs    # Errors  Last Runtime    Last Run
-------------------------------  -----  ---------  --------  ----------  --------------  -------------------
/opt/airflow/dags/dq_etl_dag.py                           1           0  0.07s           2026-04-27T13:18:42
================================================================================
[2026-04-27T13:19:40.348+0000] {manager.py:878} INFO - 
================================================================================
DAG File Processing Stats

File Path                        PID    Runtime      # DAGs    # Errors  Last Runtime    Last Run
-------------------------------  -----  ---------  --------  ----------  --------------  -------------------
/opt/airflow/dags/dq_etl_dag.py                           1           0  0.07s           2026-04-27T13:19:12
================================================================================
[2026-04-27T13:20:10.490+0000] {manager.py:878} INFO - 
================================================================================
DAG File Processing Stats

File Path                        PID    Runtime      # DAGs    # Errors  Last Runtime    Last Run
-------------------------------  -----  ---------  --------  ----------  --------------  -------------------
/opt/airflow/dags/dq_etl_dag.py                           1           0  0.08s           2026-04-27T13:19:42
================================================================================
[2026-04-27T13:20:40.613+0000] {manager.py:878} INFO - 
================================================================================
DAG File Processing Stats

File Path                        PID    Runtime      # DAGs    # Errors  Last Runtime    Last Run
-------------------------------  -----  ---------  --------  ----------  --------------  -------------------
/opt/airflow/dags/dq_etl_dag.py                           1           0  0.07s           2026-04-27T13:20:12
================================================================================
[2026-04-27T13:21:10.735+0000] {manager.py:878} INFO - 
================================================================================
DAG File Processing Stats

File Path                        PID    Runtime      # DAGs    # Errors  Last Runtime    Last Run
-------------------------------  -----  ---------  --------  ----------  --------------  -------------------
/opt/airflow/dags/dq_etl_dag.py                           1           0  0.07s           2026-04-27T13:20:42
================================================================================
[2026-04-27T13:21:40.864+0000] {manager.py:878} INFO - 
================================================================================
DAG File Processing Stats

File Path                        PID    Runtime      # DAGs    # Errors  Last Runtime    Last Run
-------------------------------  -----  ---------  --------  ----------  --------------  -------------------
/opt/airflow/dags/dq_etl_dag.py                           1           0  0.09s           2026-04-27T13:21:12
================================================================================
[2026-04-27T13:22:11.016+0000] {manager.py:878} INFO - 
================================================================================
DAG File Processing Stats

File Path                        PID    Runtime      # DAGs    # Errors  Last Runtime    Last Run
-------------------------------  -----  ---------  --------  ----------  --------------  -------------------
/opt/airflow/dags/dq_etl_dag.py                           1           0  0.08s           2026-04-27T13:21:42
================================================================================
[2026-04-27T13:22:41.131+0000] {manager.py:878} INFO - 
================================================================================
DAG File Processing Stats

File Path                        PID    Runtime      # DAGs    # Errors  Last Runtime    Last Run
-------------------------------  -----  ---------  --------  ----------  --------------  -------------------
/opt/airflow/dags/dq_etl_dag.py                           1           0  0.08s           2026-04-27T13:22:13
================================================================================
[2026-04-27T13:23:01.230+0000] {manager.py:737} INFO - Searching for files in /opt/airflow/dags
[2026-04-27T13:23:01.231+0000] {manager.py:740} INFO - There are 1 files in /opt/airflow/dags
[2026-04-27T13:23:11.276+0000] {manager.py:878} INFO - 
================================================================================
DAG File Processing Stats

File Path                        PID    Runtime      # DAGs    # Errors  Last Runtime    Last Run
-------------------------------  -----  ---------  --------  ----------  --------------  -------------------
/opt/airflow/dags/dq_etl_dag.py                           1           0  0.08s           2026-04-27T13:22:43
================================================================================
[2026-04-27T13:23:41.389+0000] {manager.py:878} INFO - 
================================================================================
DAG File Processing Stats

File Path                        PID    Runtime      # DAGs    # Errors  Last Runtime    Last Run
-------------------------------  -----  ---------  --------  ----------  --------------  -------------------
/opt/airflow/dags/dq_etl_dag.py                           1           0  0.07s           2026-04-27T13:23:13
================================================================================
[2026-04-27T13:24:11.545+0000] {manager.py:878} INFO - 
================================================================================
DAG File Processing Stats

File Path                        PID    Runtime      # DAGs    # Errors  Last Runtime    Last Run
-------------------------------  -----  ---------  --------  ----------  --------------  -------------------
/opt/airflow/dags/dq_etl_dag.py                           1           0  0.08s           2026-04-27T13:23:43
================================================================================
[2026-04-27T13:24:41.652+0000] {manager.py:878} INFO - 
================================================================================
DAG File Processing Stats

File Path                        PID    Runtime      # DAGs    # Errors  Last Runtime    Last Run
-------------------------------  -----  ---------  --------  ----------  --------------  -------------------
/opt/airflow/dags/dq_etl_dag.py                           1           0  0.08s           2026-04-27T13:24:13
================================================================================
[2026-04-27T13:25:11.808+0000] {manager.py:878} INFO - 
================================================================================
DAG File Processing Stats

File Path                        PID    Runtime      # DAGs    # Errors  Last Runtime    Last Run
-------------------------------  -----  ---------  --------  ----------  --------------  -------------------
/opt/airflow/dags/dq_etl_dag.py                           1           0  0.08s           2026-04-27T13:24:43
================================================================================
[2026-04-27T13:25:41.916+0000] {manager.py:878} INFO - 
================================================================================
DAG File Processing Stats

File Path                        PID    Runtime      # DAGs    # Errors  Last Runtime    Last Run
-------------------------------  -----  ---------  --------  ----------  --------------  -------------------
/opt/airflow/dags/dq_etl_dag.py                           1           0  0.08s           2026-04-27T13:25:13
================================================================================
[2026-04-27T13:26:12.074+0000] {manager.py:878} INFO - 
================================================================================
DAG File Processing Stats

File Path                        PID    Runtime      # DAGs    # Errors  Last Runtime    Last Run
-------------------------------  -----  ---------  --------  ----------  --------------  -------------------
/opt/airflow/dags/dq_etl_dag.py                           1           0  0.07s           2026-04-27T13:25:43
================================================================================
[2026-04-27T13:26:42.182+0000] {manager.py:878} INFO - 
================================================================================
DAG File Processing Stats

File Path                        PID    Runtime      # DAGs    # Errors  Last Runtime    Last Run
-------------------------------  -----  ---------  --------  ----------  --------------  -------------------
/opt/airflow/dags/dq_etl_dag.py                           1           0  0.09s           2026-04-27T13:26:14
================================================================================
[2026-04-27T13:27:12.330+0000] {manager.py:878} INFO - 
================================================================================
DAG File Processing Stats

File Path                        PID    Runtime      # DAGs    # Errors  Last Runtime    Last Run
-------------------------------  -----  ---------  --------  ----------  --------------  -------------------
/opt/airflow/dags/dq_etl_dag.py                           1           0  0.08s           2026-04-27T13:26:44
================================================================================
[2026-04-27T13:27:42.438+0000] {manager.py:878} INFO - 
================================================================================
DAG File Processing Stats

File Path                        PID    Runtime      # DAGs    # Errors  Last Runtime    Last Run
-------------------------------  -----  ---------  --------  ----------  --------------  -------------------
/opt/airflow/dags/dq_etl_dag.py                           1           0  0.08s           2026-04-27T13:27:14
================================================================================
[2026-04-27T13:28:01.552+0000] {manager.py:737} INFO - Searching for files in /opt/airflow/dags
[2026-04-27T13:28:01.553+0000] {manager.py:740} INFO - There are 1 files in /opt/airflow/dags
[2026-04-27T13:28:12.601+0000] {manager.py:878} INFO - 
================================================================================
DAG File Processing Stats

File Path                        PID    Runtime      # DAGs    # Errors  Last Runtime    Last Run
-------------------------------  -----  ---------  --------  ----------  --------------  -------------------
/opt/airflow/dags/dq_etl_dag.py                           1           0  0.08s           2026-04-27T13:27:44
================================================================================
[2026-04-27T13:28:42.711+0000] {manager.py:878} INFO - 
================================================================================
DAG File Processing Stats

File Path                        PID    Runtime      # DAGs    # Errors  Last Runtime    Last Run
-------------------------------  -----  ---------  --------  ----------  --------------  -------------------
/opt/airflow/dags/dq_etl_dag.py                           1           0  0.07s           2026-04-27T13:28:14
================================================================================
[2026-04-27T13:29:12.857+0000] {manager.py:878} INFO - 
================================================================================
DAG File Processing Stats

File Path                        PID    Runtime      # DAGs    # Errors  Last Runtime    Last Run
-------------------------------  -----  ---------  --------  ----------  --------------  -------------------
/opt/airflow/dags/dq_etl_dag.py                           1           0  0.08s           2026-04-27T13:28:44
================================================================================
[2026-04-27T13:29:42.982+0000] {manager.py:878} INFO - 
================================================================================
DAG File Processing Stats

File Path                        PID    Runtime      # DAGs    # Errors  Last Runtime    Last Run
-------------------------------  -----  ---------  --------  ----------  --------------  -------------------
/opt/airflow/dags/dq_etl_dag.py                           1           0  0.08s           2026-04-27T13:29:14
================================================================================
[2026-04-27T13:30:13.122+0000] {manager.py:878} INFO - 
================================================================================
DAG File Processing Stats

File Path                        PID    Runtime      # DAGs    # Errors  Last Runtime    Last Run
-------------------------------  -----  ---------  --------  ----------  --------------  -------------------
/opt/airflow/dags/dq_etl_dag.py                           1           0  0.08s           2026-04-27T13:29:45
================================================================================
[2026-04-27T13:30:43.246+0000] {manager.py:878} INFO - 
================================================================================
DAG File Processing Stats

File Path                        PID    Runtime      # DAGs    # Errors  Last Runtime    Last Run
-------------------------------  -----  ---------  --------  ----------  --------------  -------------------
/opt/airflow/dags/dq_etl_dag.py                           1           0  0.08s           2026-04-27T13:30:15
================================================================================
[2026-04-27T13:31:13.390+0000] {manager.py:878} INFO - 
================================================================================
DAG File Processing Stats

File Path                        PID    Runtime      # DAGs    # Errors  Last Runtime    Last Run
-------------------------------  -----  ---------  --------  ----------  --------------  -------------------
/opt/airflow/dags/dq_etl_dag.py                           1           0  0.08s           2026-04-27T13:30:45
================================================================================
[2026-04-27T13:31:43.522+0000] {manager.py:878} INFO - 
================================================================================
DAG File Processing Stats

File Path                        PID    Runtime      # DAGs    # Errors  Last Runtime    Last Run
-------------------------------  -----  ---------  --------  ----------  --------------  -------------------
/opt/airflow/dags/dq_etl_dag.py                           1           0  0.08s           2026-04-27T13:31:15
================================================================================
[2026-04-27T13:32:13.664+0000] {manager.py:878} INFO - 
================================================================================
DAG File Processing Stats

File Path                        PID    Runtime      # DAGs    # Errors  Last Runtime    Last Run
-------------------------------  -----  ---------  --------  ----------  --------------  -------------------
/opt/airflow/dags/dq_etl_dag.py                           1           0  0.08s           2026-04-27T13:31:45
================================================================================
[2026-04-27T13:32:43.785+0000] {manager.py:878} INFO - 
================================================================================
DAG File Processing Stats

File Path                        PID    Runtime      # DAGs    # Errors  Last Runtime    Last Run
-------------------------------  -----  ---------  --------  ----------  --------------  -------------------
/opt/airflow/dags/dq_etl_dag.py                           1           0  0.08s           2026-04-27T13:32:15
================================================================================
[2026-04-27T13:33:01.886+0000] {manager.py:737} INFO - Searching for files in /opt/airflow/dags
[2026-04-27T13:33:01.886+0000] {manager.py:740} INFO - There are 1 files in /opt/airflow/dags
[2026-04-27T13:33:13.938+0000] {manager.py:878} INFO - 
================================================================================
DAG File Processing Stats

File Path                        PID    Runtime      # DAGs    # Errors  Last Runtime    Last Run
-------------------------------  -----  ---------  --------  ----------  --------------  -------------------
/opt/airflow/dags/dq_etl_dag.py                           1           0  0.11s           2026-04-27T13:32:45
================================================================================
[2026-04-27T13:33:44.082+0000] {manager.py:878} INFO - 
================================================================================
DAG File Processing Stats

File Path                        PID    Runtime      # DAGs    # Errors  Last Runtime    Last Run
-------------------------------  -----  ---------  --------  ----------  --------------  -------------------
/opt/airflow/dags/dq_etl_dag.py                           1           0  0.08s           2026-04-27T13:33:16
================================================================================
[2026-04-27T13:34:14.201+0000] {manager.py:878} INFO - 
================================================================================
DAG File Processing Stats

File Path                        PID    Runtime      # DAGs    # Errors  Last Runtime    Last Run
-------------------------------  -----  ---------  --------  ----------  --------------  -------------------
/opt/airflow/dags/dq_etl_dag.py                           1           0  0.07s           2026-04-27T13:33:46
================================================================================
[2026-04-27T13:34:44.337+0000] {manager.py:878} INFO - 
================================================================================
DAG File Processing Stats

File Path                        PID    Runtime      # DAGs    # Errors  Last Runtime    Last Run
-------------------------------  -----  ---------  --------  ----------  --------------  -------------------
/opt/airflow/dags/dq_etl_dag.py                           1           0  0.08s           2026-04-27T13:34:16
================================================================================
[2026-04-27T13:35:14.462+0000] {manager.py:878} INFO - 
================================================================================
DAG File Processing Stats

File Path                        PID    Runtime      # DAGs    # Errors  Last Runtime    Last Run
-------------------------------  -----  ---------  --------  ----------  --------------  -------------------
/opt/airflow/dags/dq_etl_dag.py                           1           0  0.07s           2026-04-27T13:34:46
================================================================================
[2026-04-27T13:35:44.597+0000] {manager.py:878} INFO - 
================================================================================
DAG File Processing Stats

File Path                        PID    Runtime      # DAGs    # Errors  Last Runtime    Last Run
-------------------------------  -----  ---------  --------  ----------  --------------  -------------------
/opt/airflow/dags/dq_etl_dag.py                           1           0  0.07s           2026-04-27T13:35:16
================================================================================
[2026-04-27T13:36:14.731+0000] {manager.py:878} INFO - 
================================================================================
DAG File Processing Stats

File Path                        PID    Runtime      # DAGs    # Errors  Last Runtime    Last Run
-------------------------------  -----  ---------  --------  ----------  --------------  -------------------
/opt/airflow/dags/dq_etl_dag.py                           1           0  0.07s           2026-04-27T13:35:46
================================================================================
[2026-04-27T13:36:44.854+0000] {manager.py:878} INFO - 
================================================================================
DAG File Processing Stats

File Path                        PID    Runtime      # DAGs    # Errors  Last Runtime    Last Run
-------------------------------  -----  ---------  --------  ----------  --------------  -------------------
/opt/airflow/dags/dq_etl_dag.py                           1           0  0.07s           2026-04-27T13:36:16
================================================================================
[2026-04-27T13:37:14.994+0000] {manager.py:878} INFO - 
================================================================================
DAG File Processing Stats

File Path                        PID    Runtime      # DAGs    # Errors  Last Runtime    Last Run
-------------------------------  -----  ---------  --------  ----------  --------------  -------------------
/opt/airflow/dags/dq_etl_dag.py                           1           0  0.07s           2026-04-27T13:36:46
================================================================================
[2026-04-27T13:37:45.129+0000] {manager.py:878} INFO - 
================================================================================
DAG File Processing Stats

File Path                        PID    Runtime      # DAGs    # Errors  Last Runtime    Last Run
-------------------------------  -----  ---------  --------  ----------  --------------  -------------------
/opt/airflow/dags/dq_etl_dag.py                           1           0  0.08s           2026-04-27T13:37:17
================================================================================
[2026-04-27T13:38:02.209+0000] {manager.py:737} INFO - Searching for files in /opt/airflow/dags
[2026-04-27T13:38:02.209+0000] {manager.py:740} INFO - There are 1 files in /opt/airflow/dags
[2026-04-27T13:38:15.259+0000] {manager.py:878} INFO - 
================================================================================
DAG File Processing Stats

File Path                        PID    Runtime      # DAGs    # Errors  Last Runtime    Last Run
-------------------------------  -----  ---------  --------  ----------  --------------  -------------------
/opt/airflow/dags/dq_etl_dag.py                           1           0  0.07s           2026-04-27T13:37:47
================================================================================
[2026-04-27T13:38:45.386+0000] {manager.py:878} INFO - 
================================================================================
DAG File Processing Stats

File Path                        PID    Runtime      # DAGs    # Errors  Last Runtime    Last Run
-------------------------------  -----  ---------  --------  ----------  --------------  -------------------
/opt/airflow/dags/dq_etl_dag.py                           1           0  0.08s           2026-04-27T13:38:17
================================================================================
[2026-04-27T13:39:15.525+0000] {manager.py:878} INFO - 
================================================================================
DAG File Processing Stats

File Path                        PID    Runtime      # DAGs    # Errors  Last Runtime    Last Run
-------------------------------  -----  ---------  --------  ----------  --------------  -------------------
/opt/airflow/dags/dq_etl_dag.py                           1           0  0.07s           2026-04-27T13:38:47
================================================================================
[2026-04-27T13:39:45.647+0000] {manager.py:878} INFO - 
================================================================================
DAG File Processing Stats

File Path                        PID    Runtime      # DAGs    # Errors  Last Runtime    Last Run
-------------------------------  -----  ---------  --------  ----------  --------------  -------------------
/opt/airflow/dags/dq_etl_dag.py                           1           0  0.08s           2026-04-27T13:39:17
================================================================================
[2026-04-27T13:40:15.790+0000] {manager.py:878} INFO - 
================================================================================
DAG File Processing Stats

File Path                        PID    Runtime      # DAGs    # Errors  Last Runtime    Last Run
-------------------------------  -----  ---------  --------  ----------  --------------  -------------------
/opt/airflow/dags/dq_etl_dag.py                           1           0  0.07s           2026-04-27T13:39:47
================================================================================
[2026-04-27T13:40:45.897+0000] {manager.py:878} INFO - 
================================================================================
DAG File Processing Stats

File Path                        PID    Runtime      # DAGs    # Errors  Last Runtime    Last Run
-------------------------------  -----  ---------  --------  ----------  --------------  -------------------
/opt/airflow/dags/dq_etl_dag.py                           1           0  0.07s           2026-04-27T13:40:17
================================================================================
[2026-04-27T13:41:16.039+0000] {manager.py:878} INFO - 
================================================================================
DAG File Processing Stats

File Path                        PID    Runtime      # DAGs    # Errors  Last Runtime    Last Run
-------------------------------  -----  ---------  --------  ----------  --------------  -------------------
/opt/airflow/dags/dq_etl_dag.py                           1           0  0.07s           2026-04-27T13:40:47
================================================================================
[2026-04-27T13:41:46.150+0000] {manager.py:878} INFO - 
================================================================================
DAG File Processing Stats

File Path                        PID    Runtime      # DAGs    # Errors  Last Runtime    Last Run
-------------------------------  -----  ---------  --------  ----------  --------------  -------------------
/opt/airflow/dags/dq_etl_dag.py                           1           0  0.07s           2026-04-27T13:41:18
================================================================================
[2026-04-27T13:42:16.295+0000] {manager.py:878} INFO - 
================================================================================
DAG File Processing Stats

File Path                        PID    Runtime      # DAGs    # Errors  Last Runtime    Last Run
-------------------------------  -----  ---------  --------  ----------  --------------  -------------------
/opt/airflow/dags/dq_etl_dag.py                           1           0  0.07s           2026-04-27T13:41:48
================================================================================
[2026-04-27T13:42:46.414+0000] {manager.py:878} INFO - 
================================================================================
DAG File Processing Stats

File Path                        PID    Runtime      # DAGs    # Errors  Last Runtime    Last Run
-------------------------------  -----  ---------  --------  ----------  --------------  -------------------
/opt/airflow/dags/dq_etl_dag.py                           1           0  0.07s           2026-04-27T13:42:18
================================================================================
[2026-04-27T13:43:02.500+0000] {manager.py:737} INFO - Searching for files in /opt/airflow/dags
[2026-04-27T13:43:02.501+0000] {manager.py:740} INFO - There are 1 files in /opt/airflow/dags
[2026-04-27T13:43:16.555+0000] {manager.py:878} INFO - 
================================================================================
DAG File Processing Stats

File Path                        PID    Runtime      # DAGs    # Errors  Last Runtime    Last Run
-------------------------------  -----  ---------  --------  ----------  --------------  -------------------
/opt/airflow/dags/dq_etl_dag.py                           1           0  0.07s           2026-04-27T13:42:48
================================================================================
[2026-04-27T13:43:46.671+0000] {manager.py:878} INFO - 
================================================================================
DAG File Processing Stats

File Path                        PID    Runtime      # DAGs    # Errors  Last Runtime    Last Run
-------------------------------  -----  ---------  --------  ----------  --------------  -------------------
/opt/airflow/dags/dq_etl_dag.py                           1           0  0.08s           2026-04-27T13:43:18
================================================================================
[2026-04-27T13:44:16.810+0000] {manager.py:878} INFO - 
================================================================================
DAG File Processing Stats

File Path                        PID    Runtime      # DAGs    # Errors  Last Runtime    Last Run
-------------------------------  -----  ---------  --------  ----------  --------------  -------------------
/opt/airflow/dags/dq_etl_dag.py                           1           0  0.07s           2026-04-27T13:43:48
================================================================================
[2026-04-27T13:44:46.933+0000] {manager.py:878} INFO - 
================================================================================
DAG File Processing Stats

File Path                        PID    Runtime      # DAGs    # Errors  Last Runtime    Last Run
-------------------------------  -----  ---------  --------  ----------  --------------  -------------------
/opt/airflow/dags/dq_etl_dag.py                           1           0  0.09s           2026-04-27T13:44:18
================================================================================
[2026-04-27T13:45:17.096+0000] {manager.py:878} INFO - 
================================================================================
DAG File Processing Stats

File Path                        PID    Runtime      # DAGs    # Errors  Last Runtime    Last Run
-------------------------------  -----  ---------  --------  ----------  --------------  -------------------
/opt/airflow/dags/dq_etl_dag.py                           1           0  0.07s           2026-04-27T13:44:49
================================================================================
[2026-04-27T13:45:47.209+0000] {manager.py:878} INFO - 
================================================================================
DAG File Processing Stats

File Path                        PID    Runtime      # DAGs    # Errors  Last Runtime    Last Run
-------------------------------  -----  ---------  --------  ----------  --------------  -------------------
/opt/airflow/dags/dq_etl_dag.py                           1           0  0.07s           2026-04-27T13:45:19
================================================================================
[2026-04-27T13:46:17.351+0000] {manager.py:878} INFO - 
================================================================================
DAG File Processing Stats

File Path                        PID    Runtime      # DAGs    # Errors  Last Runtime    Last Run
-------------------------------  -----  ---------  --------  ----------  --------------  -------------------
/opt/airflow/dags/dq_etl_dag.py                           1           0  0.07s           2026-04-27T13:45:49
================================================================================
[2026-04-27T13:46:47.465+0000] {manager.py:878} INFO - 
================================================================================
DAG File Processing Stats

File Path                        PID    Runtime      # DAGs    # Errors  Last Runtime    Last Run
-------------------------------  -----  ---------  --------  ----------  --------------  -------------------
/opt/airflow/dags/dq_etl_dag.py                           1           0  0.06s           2026-04-27T13:46:19
================================================================================
[2026-04-27T13:47:17.592+0000] {manager.py:878} INFO - 
================================================================================
DAG File Processing Stats

File Path                        PID    Runtime      # DAGs    # Errors  Last Runtime    Last Run
-------------------------------  -----  ---------  --------  ----------  --------------  -------------------
/opt/airflow/dags/dq_etl_dag.py                           1           0  0.07s           2026-04-27T13:46:49
================================================================================
[2026-04-27T13:47:47.706+0000] {manager.py:878} INFO - 
================================================================================
DAG File Processing Stats

File Path                        PID    Runtime      # DAGs    # Errors  Last Runtime    Last Run
-------------------------------  -----  ---------  --------  ----------  --------------  -------------------
/opt/airflow/dags/dq_etl_dag.py                           1           0  0.07s           2026-04-27T13:47:19
================================================================================
[2026-04-27T13:48:02.777+0000] {manager.py:737} INFO - Searching for files in /opt/airflow/dags
[2026-04-27T13:48:02.779+0000] {manager.py:740} INFO - There are 1 files in /opt/airflow/dags
[2026-04-27T13:48:17.837+0000] {manager.py:878} INFO - 
================================================================================
DAG File Processing Stats

File Path                        PID    Runtime      # DAGs    # Errors  Last Runtime    Last Run
-------------------------------  -----  ---------  --------  ----------  --------------  -------------------
/opt/airflow/dags/dq_etl_dag.py                           1           0  0.08s           2026-04-27T13:47:49
================================================================================
[2026-04-27T13:48:47.947+0000] {manager.py:878} INFO - 
================================================================================
DAG File Processing Stats

File Path                        PID    Runtime      # DAGs    # Errors  Last Runtime    Last Run
-------------------------------  -----  ---------  --------  ----------  --------------  -------------------
/opt/airflow/dags/dq_etl_dag.py                           1           0  0.08s           2026-04-27T13:48:19
================================================================================
[2026-04-27T13:49:18.082+0000] {manager.py:878} INFO - 
================================================================================
DAG File Processing Stats

File Path                        PID    Runtime      # DAGs    # Errors  Last Runtime    Last Run
-------------------------------  -----  ---------  --------  ----------  --------------  -------------------
/opt/airflow/dags/dq_etl_dag.py                           1           0  0.08s           2026-04-27T13:48:50
================================================================================
[2026-04-27T13:49:48.197+0000] {manager.py:878} INFO - 
================================================================================
DAG File Processing Stats

File Path                        PID    Runtime      # DAGs    # Errors  Last Runtime    Last Run
-------------------------------  -----  ---------  --------  ----------  --------------  -------------------
/opt/airflow/dags/dq_etl_dag.py                           1           0  0.07s           2026-04-27T13:49:20
================================================================================
[2026-04-27T13:50:18.324+0000] {manager.py:878} INFO - 
================================================================================
DAG File Processing Stats

File Path                        PID    Runtime      # DAGs    # Errors  Last Runtime    Last Run
-------------------------------  -----  ---------  --------  ----------  --------------  -------------------
/opt/airflow/dags/dq_etl_dag.py                           1           0  0.07s           2026-04-27T13:49:50
================================================================================
[2026-04-27T13:50:48.439+0000] {manager.py:878} INFO - 
================================================================================
DAG File Processing Stats

File Path                        PID    Runtime      # DAGs    # Errors  Last Runtime    Last Run
-------------------------------  -----  ---------  --------  ----------  --------------  -------------------
/opt/airflow/dags/dq_etl_dag.py                           1           0  0.07s           2026-04-27T13:50:20
================================================================================
[2026-04-27T13:51:18.563+0000] {manager.py:878} INFO - 
================================================================================
DAG File Processing Stats

File Path                        PID    Runtime      # DAGs    # Errors  Last Runtime    Last Run
-------------------------------  -----  ---------  --------  ----------  --------------  -------------------
/opt/airflow/dags/dq_etl_dag.py                           1           0  0.08s           2026-04-27T13:50:50
================================================================================
[2026-04-27T13:51:48.707+0000] {manager.py:878} INFO - 
================================================================================
DAG File Processing Stats

File Path                        PID    Runtime      # DAGs    # Errors  Last Runtime    Last Run
-------------------------------  -----  ---------  --------  ----------  --------------  -------------------
/opt/airflow/dags/dq_etl_dag.py                           1           0  0.08s           2026-04-27T13:51:20
================================================================================
[2026-04-27T13:52:18.810+0000] {manager.py:878} INFO - 
================================================================================
DAG File Processing Stats

File Path                        PID    Runtime      # DAGs    # Errors  Last Runtime    Last Run
-------------------------------  -----  ---------  --------  ----------  --------------  -------------------
/opt/airflow/dags/dq_etl_dag.py                           1           0  0.07s           2026-04-27T13:51:50
================================================================================
[2026-04-27T13:52:48.954+0000] {manager.py:878} INFO - 
================================================================================
DAG File Processing Stats

File Path                        PID    Runtime      # DAGs    # Errors  Last Runtime    Last Run
-------------------------------  -----  ---------  --------  ----------  --------------  -------------------
/opt/airflow/dags/dq_etl_dag.py                           1           0  0.08s           2026-04-27T13:52:20
================================================================================
[2026-04-27T13:53:03.002+0000] {manager.py:737} INFO - Searching for files in /opt/airflow/dags
[2026-04-27T13:53:03.003+0000] {manager.py:740} INFO - There are 1 files in /opt/airflow/dags
[2026-04-27T13:53:19.067+0000] {manager.py:878} INFO - 
================================================================================
DAG File Processing Stats

File Path                        PID    Runtime      # DAGs    # Errors  Last Runtime    Last Run
-------------------------------  -----  ---------  --------  ----------  --------------  -------------------
/opt/airflow/dags/dq_etl_dag.py                           1           0  0.07s           2026-04-27T13:52:51
================================================================================
[2026-04-27T13:53:49.204+0000] {manager.py:878} INFO - 
================================================================================
DAG File Processing Stats

File Path                        PID    Runtime      # DAGs    # Errors  Last Runtime    Last Run
-------------------------------  -----  ---------  --------  ----------  --------------  -------------------
/opt/airflow/dags/dq_etl_dag.py                           1           0  0.08s           2026-04-27T13:53:21
================================================================================
[2026-04-27T13:54:19.335+0000] {manager.py:878} INFO - 
================================================================================
DAG File Processing Stats

File Path                        PID    Runtime      # DAGs    # Errors  Last Runtime    Last Run
-------------------------------  -----  ---------  --------  ----------  --------------  -------------------
/opt/airflow/dags/dq_etl_dag.py                           1           0  0.12s           2026-04-27T13:53:51
================================================================================
[2026-04-27T13:54:49.530+0000] {manager.py:878} INFO - 
================================================================================
DAG File Processing Stats

File Path                        PID    Runtime      # DAGs    # Errors  Last Runtime    Last Run
-------------------------------  -----  ---------  --------  ----------  --------------  -------------------
/opt/airflow/dags/dq_etl_dag.py                           1           0  0.07s           2026-04-27T13:54:21
================================================================================
[2026-04-27T13:55:19.635+0000] {manager.py:878} INFO - 
================================================================================
DAG File Processing Stats

File Path                        PID    Runtime      # DAGs    # Errors  Last Runtime    Last Run
-------------------------------  -----  ---------  --------  ----------  --------------  -------------------
/opt/airflow/dags/dq_etl_dag.py                           1           0  0.07s           2026-04-27T13:54:51
================================================================================
[2026-04-27T13:55:49.761+0000] {manager.py:878} INFO - 
================================================================================
DAG File Processing Stats

File Path                        PID    Runtime      # DAGs    # Errors  Last Runtime    Last Run
-------------------------------  -----  ---------  --------  ----------  --------------  -------------------
/opt/airflow/dags/dq_etl_dag.py                           1           0  0.07s           2026-04-27T13:55:21
================================================================================
[2026-04-27T13:56:19.886+0000] {manager.py:878} INFO - 
================================================================================
DAG File Processing Stats

File Path                        PID    Runtime      # DAGs    # Errors  Last Runtime    Last Run
-------------------------------  -----  ---------  --------  ----------  --------------  -------------------
/opt/airflow/dags/dq_etl_dag.py                           1           0  0.08s           2026-04-27T13:55:51
================================================================================
[2026-04-27T13:56:50.021+0000] {manager.py:878} INFO - 
================================================================================
DAG File Processing Stats

File Path                        PID    Runtime      # DAGs    # Errors  Last Runtime    Last Run
-------------------------------  -----  ---------  --------  ----------  --------------  -------------------
/opt/airflow/dags/dq_etl_dag.py                           1           0  0.09s           2026-04-27T13:56:21
================================================================================
[2026-04-27T13:57:20.180+0000] {manager.py:878} INFO - 
================================================================================
DAG File Processing Stats

File Path                        PID    Runtime      # DAGs    # Errors  Last Runtime    Last Run
-------------------------------  -----  ---------  --------  ----------  --------------  -------------------
/opt/airflow/dags/dq_etl_dag.py                           1           0  0.07s           2026-04-27T13:56:52
================================================================================
[2026-04-27T13:57:50.291+0000] {manager.py:878} INFO - 
================================================================================
DAG File Processing Stats

File Path                        PID    Runtime      # DAGs    # Errors  Last Runtime    Last Run
-------------------------------  -----  ---------  --------  ----------  --------------  -------------------
/opt/airflow/dags/dq_etl_dag.py                           1           0  0.10s           2026-04-27T13:57:22
================================================================================
[2026-04-27T13:58:03.344+0000] {manager.py:737} INFO - Searching for files in /opt/airflow/dags
[2026-04-27T13:58:03.345+0000] {manager.py:740} INFO - There are 1 files in /opt/airflow/dags
[2026-04-27T13:58:20.411+0000] {manager.py:878} INFO - 
================================================================================
DAG File Processing Stats

File Path                        PID    Runtime      # DAGs    # Errors  Last Runtime    Last Run
-------------------------------  -----  ---------  --------  ----------  --------------  -------------------
/opt/airflow/dags/dq_etl_dag.py                           1           0  0.07s           2026-04-27T13:57:52
================================================================================
[2026-04-27T13:58:50.543+0000] {manager.py:878} INFO - 
================================================================================
DAG File Processing Stats

File Path                        PID    Runtime      # DAGs    # Errors  Last Runtime    Last Run
-------------------------------  -----  ---------  --------  ----------  --------------  -------------------
/opt/airflow/dags/dq_etl_dag.py                           1           0  0.07s           2026-04-27T13:58:22
================================================================================
[2026-04-27T13:59:20.665+0000] {manager.py:878} INFO - 
================================================================================
DAG File Processing Stats

File Path                        PID    Runtime      # DAGs    # Errors  Last Runtime    Last Run
-------------------------------  -----  ---------  --------  ----------  --------------  -------------------
/opt/airflow/dags/dq_etl_dag.py                           1           0  0.09s           2026-04-27T13:58:52
================================================================================
[2026-04-27T13:59:50.826+0000] {manager.py:878} INFO - 
================================================================================
DAG File Processing Stats

File Path                        PID    Runtime      # DAGs    # Errors  Last Runtime    Last Run
-------------------------------  -----  ---------  --------  ----------  --------------  -------------------
/opt/airflow/dags/dq_etl_dag.py                           1           0  0.09s           2026-04-27T13:59:22
================================================================================
[2026-04-27T14:00:20.942+0000] {manager.py:878} INFO - 
================================================================================
DAG File Processing Stats

File Path                        PID    Runtime      # DAGs    # Errors  Last Runtime    Last Run
-------------------------------  -----  ---------  --------  ----------  --------------  -------------------
/opt/airflow/dags/dq_etl_dag.py                           1           0  0.09s           2026-04-27T13:59:52
================================================================================
[2026-04-27T14:00:51.101+0000] {manager.py:878} INFO - 
================================================================================
DAG File Processing Stats

File Path                        PID    Runtime      # DAGs    # Errors  Last Runtime    Last Run
-------------------------------  -----  ---------  --------  ----------  --------------  -------------------
/opt/airflow/dags/dq_etl_dag.py                           1           0  0.07s           2026-04-27T14:00:23
================================================================================
[2026-04-27T14:01:21.219+0000] {manager.py:878} INFO - 
================================================================================
DAG File Processing Stats

File Path                        PID    Runtime      # DAGs    # Errors  Last Runtime    Last Run
-------------------------------  -----  ---------  --------  ----------  --------------  -------------------
/opt/airflow/dags/dq_etl_dag.py                           1           0  0.07s           2026-04-27T14:00:53
================================================================================
